Customer ID,SeniorCitizen_Status,Contract,Churn,Payment Method,MonthlyCharges_Clean,Tenure,TotalCharges_Clean
0002-ORFBO,No,One year,No,Mailed check,0,9,593
0003-MKNFE,No,Month-to-month,No,Mailed check,0,9,542
0004-TLHLJ,No,Month-to-month,Yes,Electronic check,0,4,280
0011-IGKFF,Yes,Month-to-month,Yes,Electronic check,98,13,"1,237"
0013-EXCHZ,Yes,Month-to-month,Yes,Mailed check,0,3,267
0013-MHZWF,No,Month-to-month,No,Credit card (automatic),0,9,571
0013-SMEOE,Yes,Two year,No,Bank transfer (automatic),0,71,"7,904"
0014-BMAQU,No,Two year,No,Credit card (automatic),0,63,"5,377"
0015-UOCOJ,Yes,Month-to-month,No,Electronic check,0,7,340
0016-QLJIS,No,Two year,No,Mailed check,0,65,"5,957"
0017-DINOC,No,Two year,No,Credit card (automatic),0,54,"2,460"
0017-IUDMW,No,Two year,No,Credit card (automatic),0,72,"8,456"
0018-NYROU,No,Month-to-month,No,Electronic check,0,5,351
0019-EFAEP,No,Two year,No,Bank transfer (automatic),0,72,"7,261"
0019-GFNTW,No,Two year,No,Bank transfer (automatic),0,56,"2,560"
0020-INWCK,No,Two year,No,Credit card (automatic),0,71,"6,849"
0020-JDNXP,No,One year,No,Mailed check,0,34,"1,993"
0021-IKXGC,Yes,Month-to-month,No,Electronic check,0,1,72
0022-TCJCI,Yes,One year,Yes,Credit card (automatic),0,45,"2,791"
0023-HGHWL,Yes,Month-to-month,Yes,Electronic check,0,1,25
0023-UYUPN,Yes,One year,No,Electronic check,0,50,"1,306"
0023-XUOPT,No,Month-to-month,Yes,Electronic check,0,13,"1,215"
0027-KWYKW,No,Month-to-month,No,Electronic check,0,23,"1,849"
0030-FNXPP,No,Month-to-month,No,Mailed check,0,3,57
0031-PVLZI,No,Month-to-month,Yes,Mailed check,0,4,76
0032-PGELS,No,Month-to-month,Yes,Bank transfer (automatic),0,1,30
0036-IHMOT,No,One year,No,Bank transfer (automatic),0,55,"5,656"
0040-HALCW,No,Two year,No,Credit card (automatic),0,54,"1,090"
0042-JVWOJ,No,One year,No,Bank transfer (automatic),0,26,471
0042-RLHYP,No,Two year,No,Bank transfer (automatic),0,69,"1,396"
0048-LUMLS,No,One year,No,Credit card (automatic),0,37,"3,247"
0048-PIHNL,No,One year,No,Bank transfer (automatic),0,49,900
0052-DCKON,No,One year,No,Bank transfer (automatic),0,66,"7,942"
0052-YNYOT,No,One year,No,Electronic check,0,67,"1,343"
0056-EPFBG,No,Two year,No,Credit card (automatic),0,20,825
0057-QBUQH,No,Two year,No,Electronic check,0,43,"1,070"
0058-EVZWM,No,Month-to-month,No,Bank transfer (automatic),0,55,"4,959"
0060-FUALY,No,Month-to-month,No,Electronic check,0,59,"5,597"
0064-SUDOG,No,Two year,No,Bank transfer (automatic),0,12,224
0064-YIJGF,No,Month-to-month,No,Bank transfer (automatic),0,27,"1,929"
0067-DKWBL,Yes,Month-to-month,Yes,Electronic check,0,2,91
0068-FIGTF,No,One year,No,Mailed check,0,27,"2,078"
0071-NDAFP,No,Two year,No,Credit card (automatic),0,25,630
0074-HDKDG,No,One year,No,Bank transfer (automatic),0,25,"1,611"
0076-LVEPS,No,Month-to-month,No,Mailed check,45,29,"1,242"
0078-XZMHT,No,Two year,No,Bank transfer (automatic),0,72,"6,316"
0080-EMYVY,No,One year,No,Credit card (automatic),0,14,727
0080-OROZO,No,One year,No,Electronic check,0,35,"3,532"
0082-LDZUE,No,Month-to-month,No,Mailed check,0,1,44
0082-OQIQY,No,Month-to-month,No,Electronic check,0,29,"2,607"
0083-PIVIK,No,One year,No,Electronic check,0,64,"5,567"
0089-IIQKO,No,Month-to-month,No,Credit card (automatic),0,39,"3,767"
0093-EXYQL,Yes,Month-to-month,No,Electronic check,0,40,"3,673"
0093-XWZFY,No,Month-to-month,Yes,Credit card (automatic),0,40,"4,036"
0094-OIFMO,Yes,Month-to-month,Yes,Electronic check,95,11,"1,120"
0096-BXERS,No,Month-to-month,No,Electronic check,0,6,314
0096-FCPUF,No,Month-to-month,No,Mailed check,0,30,"1,888"
0098-BOWSO,No,Month-to-month,No,Electronic check,0,27,529
0100-DUVFC,Yes,One year,No,Electronic check,0,70,"7,308"
0103-CSITQ,No,One year,No,Bank transfer (automatic),0,57,"6,252"
0104-PPXDV,No,One year,No,Credit card (automatic),0,58,"2,878"
0106-GHRQR,No,Month-to-month,No,Bank transfer (automatic),0,16,"1,212"
0106-UGRDO,No,Two year,No,Electronic check,116,69,"8,182"
0107-WESLM,No,Month-to-month,Yes,Electronic check,0,1,19
0107-YHINA,No,Month-to-month,Yes,Electronic check,0,1,99
0111-KLBQG,Yes,Month-to-month,No,Mailed check,0,32,"2,861"
0112-QAWRZ,No,Month-to-month,No,Bank transfer (automatic),0,16,"1,442"
0112-QWPNC,No,One year,Yes,Electronic check,0,49,"4,059"
0114-IGABW,No,Two year,No,Bank transfer (automatic),0,71,"4,145"
0114-PEGZZ,No,Month-to-month,No,Electronic check,0,33,"3,645"
0114-RSRRW,No,Month-to-month,No,Bank transfer (automatic),0,10,187
0115-TFERT,No,Month-to-month,Yes,Electronic check,0,21,"2,317"
0117-LFRMW,No,Month-to-month,Yes,Bank transfer (automatic),0,37,"1,448"
0118-JPNOY,Yes,Month-to-month,No,Credit card (automatic),0,26,"2,193"
0121-SNYRK,No,One year,No,Mailed check,0,50,"1,748"
0122-OAHPZ,No,Month-to-month,Yes,Electronic check,0,7,511
0123-CRBRT,No,Two year,No,Mailed check,0,61,"5,526"
0125-LZQXK,No,Month-to-month,Yes,Electronic check,0,15,"1,553"
0128-MKWSG,No,Month-to-month,No,Mailed check,0,26,"1,147"
0129-KPTWJ,No,Month-to-month,No,Electronic check,0,72,"6,747"
0129-QMPDR,No,One year,No,Bank transfer (automatic),0,44,865
0130-SXOUN,No,Month-to-month,No,Credit card (automatic),0,66,"5,976"
0133-BMFZO,No,Month-to-month,Yes,Electronic check,0,2,181
0134-XWXCE,Yes,One year,No,Bank transfer (automatic),0,44,"3,268"
0135-NMXAP,No,Month-to-month,Yes,Bank transfer (automatic),0,12,"1,052"
0136-IFMYD,Yes,Two year,No,Electronic check,0,69,"7,634"
0137-OCGAB,No,Month-to-month,Yes,Mailed check,0,1,80
0137-UDEUO,No,Month-to-month,Yes,Mailed check,0,3,63
0139-IVFJG,No,Month-to-month,No,Electronic check,0,2,190
0141-YEAYS,Yes,Month-to-month,No,Bank transfer (automatic),0,27,"2,401"
0142-GVYSN,No,Month-to-month,No,Electronic check,0,26,511
0147-ESWWR,Yes,Month-to-month,No,Electronic check,0,39,"3,949"
0148-DCDOS,No,Month-to-month,Yes,Bank transfer (automatic),0,25,"2,362"
0151-ONTOV,No,Month-to-month,Yes,Mailed check,0,1,70
0156-FVPTA,No,Month-to-month,Yes,Electronic check,0,22,"1,152"
0164-APGRB,No,Two year,No,Electronic check,0,72,"8,496"
0164-XAIRP,No,Two year,No,Bank transfer (automatic),0,24,470
0168-XZKBB,No,Month-to-month,No,Electronic check,0,19,"1,564"
0174-QRVVY,No,Two year,No,Credit card (automatic),0,71,"1,847"
0177-PXBAT,Yes,Month-to-month,No,Bank transfer (automatic),0,33,"3,694"
0178-CIIKR,No,Month-to-month,No,Mailed check,0,3,58
0178-SZBHO,No,Month-to-month,No,Electronic check,0,47,"4,017"
0181-RITDD,No,Two year,No,Mailed check,0,62,"6,825"
0186-CAERR,No,One year,No,Bank transfer (automatic),0,71,"8,309"
0187-QSXOE,Yes,Month-to-month,No,Electronic check,89,7,605
0187-WZNAB,No,Month-to-month,No,Mailed check,0,27,"1,972"
0188-GWFLE,No,Month-to-month,No,Mailed check,0,2,33
0191-EQUUH,No,Two year,No,Bank transfer (automatic),0,25,844
0191-ZHSKZ,Yes,Month-to-month,No,Electronic check,0,30,"2,111"
0193-ESZXP,Yes,One year,Yes,Credit card (automatic),0,58,"6,205"
0195-IESCP,No,Month-to-month,Yes,Electronic check,0,10,855
0196-JTUQI,No,Month-to-month,No,Credit card (automatic),0,9,633
0196-VULGZ,Yes,Month-to-month,Yes,Electronic check,0,6,474
0197-PNKNK,No,One year,No,Bank transfer (automatic),0,69,"5,848"
0201-MIBOL,Yes,Two year,No,Bank transfer (automatic),0,66,"6,471"
0201-OAMXR,No,One year,Yes,Credit card (automatic),0,70,"8,127"
0203-HHYIJ,No,One year,Yes,Bank transfer (automatic),0,25,676
0206-OYVOC,No,Two year,No,Mailed check,0,46,864
0206-TBWLC,No,One year,No,Mailed check,0,54,"6,049"
0207-MDKNV,No,Month-to-month,Yes,Electronic check,0,15,"1,582"
0208-BPQEJ,No,Month-to-month,No,Bank transfer (automatic),0,12,198
0212-ISBBF,No,Month-to-month,No,Electronic check,0,22,"1,098"
0214-JHPFW,No,Two year,No,Bank transfer (automatic),0,70,"4,039"
0215-BQKGS,No,Month-to-month,No,Credit card (automatic),0,30,"2,438"
0218-QNVAS,No,One year,No,Bank transfer (automatic),0,71,"7,113"
0219-QAERP,No,One year,No,Credit card (automatic),0,30,576
0219-YTZUE,No,Month-to-month,Yes,Bank transfer (automatic),0,4,371
0220-EBGCE,No,Month-to-month,Yes,Electronic check,0,2,167
0221-NAUXK,No,One year,No,Bank transfer (automatic),0,10,219
0221-WMXNQ,Yes,Month-to-month,No,Electronic check,0,4,273
0222-CNVPT,Yes,Month-to-month,No,Credit card (automatic),0,52,"2,555"
0224-HJAPT,No,Month-to-month,Yes,Electronic check,0,5,223
0224-NIJLP,No,Two year,No,Mailed check,0,8,165
0224-RLWWD,Yes,Month-to-month,No,Electronic check,0,2,89
0225-ZORZP,No,Month-to-month,No,Electronic check,0,3,235
0228-MAUWC,No,Month-to-month,No,Electronic check,0,19,"1,144"
0229-LFJAF,No,Two year,No,Bank transfer (automatic),0,72,"4,908"
0230-UBYPQ,Yes,One year,No,Bank transfer (automatic),0,63,"2,298"
0230-WEQUW,No,Two year,No,Bank transfer (automatic),0,66,"3,789"
0231-LXVAP,No,Month-to-month,Yes,Electronic check,0,1,75
0233-FTHAV,No,One year,No,Bank transfer (automatic),0,60,"4,765"
0234-TEVTT,No,One year,No,Credit card (automatic),45,48,"2,196"
0235-KGSLC,No,Month-to-month,Yes,Credit card (automatic),0,1,85
0236-HFWSV,No,Month-to-month,Yes,Electronic check,0,15,"1,444"
0237-YFUTL,No,Month-to-month,No,Bank transfer (automatic),0,50,"5,405"
0238-WHBIQ,No,Two year,No,Credit card (automatic),0,72,"6,339"
0239-OXEXL,No,Month-to-month,No,Mailed check,0,46,"3,847"
0244-LGNFY,No,Two year,No,Bank transfer (automatic),0,72,"6,733"
0247-SLUJI,No,Month-to-month,No,Mailed check,0,1,19
0248-IPDFW,No,Month-to-month,No,Electronic check,0,1,50
0248-PGHBZ,Yes,Two year,No,Bank transfer (automatic),0,67,"6,140"
0253-ZTEOB,No,Two year,No,Electronic check,0,48,"3,870"
0254-FNMCI,No,Two year,No,Electronic check,0,72,"7,624"
0254-KCJGT,No,One year,No,Credit card (automatic),0,52,"4,354"
0254-WWRKD,No,One year,No,Credit card (automatic),0,67,"3,431"
0256-LTHVJ,No,Month-to-month,Yes,Electronic check,0,28,"2,227"
0257-KXZGU,No,Month-to-month,No,Bank transfer (automatic),0,32,"2,045"
0257-ZESQC,Yes,Month-to-month,Yes,Bank transfer (automatic),0,27,"1,929"
0258-NOKBL,No,Month-to-month,No,Electronic check,0,3,268
0259-GBZSH,No,Month-to-month,Yes,Electronic check,0,2,181
0260-ZDLGK,No,Month-to-month,Yes,Mailed check,0,9,651
0263-FJTQO,No,Two year,No,Credit card (automatic),0,50,"3,486"
0264-CNITK,No,Two year,No,Bank transfer (automatic),0,71,"1,389"
0265-EDXBD,Yes,Month-to-month,Yes,Electronic check,0,32,"2,303"
0265-PSUAE,No,Month-to-month,No,Bank transfer (automatic),0,16,"1,522"
0266-CLZKZ,No,Two year,No,Bank transfer (automatic),0,67,"6,717"
0266-GMEAO,No,Two year,No,Credit card (automatic),0,72,"8,058"
0268-QKIWO,No,Month-to-month,Yes,Electronic check,0,3,58
0269-XFESX,No,One year,No,Mailed check,0,23,538
0270-THENM,No,Two year,No,Bank transfer (automatic),0,72,"5,102"
0274-JKUJR,No,Month-to-month,No,Mailed check,0,7,465
0277-BKSQP,No,Month-to-month,No,Electronic check,0,8,475
0277-ORXQS,No,Two year,No,Bank transfer (automatic),0,66,"3,364"
0278-YXOOG,No,Month-to-month,Yes,Mailed check,0,5,113
0280-XJGEX,No,Month-to-month,Yes,Bank transfer (automatic),0,49,"5,036"
0281-CNTZX,No,Two year,No,Bank transfer (automatic),0,63,"1,234"
0282-NVSJS,Yes,Month-to-month,No,Mailed check,0,12,355
0285-INHLN,No,Month-to-month,No,Credit card (automatic),0,27,"1,510"
0289-IVARM,No,Month-to-month,No,Electronic check,0,35,"1,982"
0292-WEGCH,No,Month-to-month,No,Electronic check,0,54,"4,524"
0295-PPHDO,No,Month-to-month,Yes,Electronic check,0,1,95
0295-QVKPB,No,Month-to-month,No,Credit card (automatic),0,5,318
0297-RBCSG,No,One year,No,Bank transfer (automatic),0,19,"1,231"
0298-XACET,No,Two year,No,Mailed check,0,52,"2,554"
0301-FIDRB,No,Two year,No,Bank transfer (automatic),0,72,"4,684"
0301-KOBTQ,No,Two year,No,Bank transfer (automatic),0,32,614
0302-JOIVN,No,Month-to-month,Yes,Electronic check,0,8,842
0303-UNCIP,No,One year,No,Mailed check,65,41,"2,531"
0303-WMMRN,No,Month-to-month,No,Mailed check,0,5,86
0305-SQECB,No,One year,No,Mailed check,0,11,402
0306-JAELE,No,Month-to-month,Yes,Electronic check,0,5,453
0307-BCOPK,No,One year,No,Mailed check,0,16,326
0308-GIQJT,Yes,One year,No,Bank transfer (automatic),0,71,"7,382"
0308-IVGOK,No,One year,No,Credit card (automatic),0,11,422
0310-MVLET,No,Month-to-month,Yes,Electronic check,0,61,"6,010"
0310-SUCIN,No,One year,No,Bank transfer (automatic),0,71,"6,046"
0310-VQXAM,No,Month-to-month,No,Mailed check,0,9,178
0311-QYWSS,No,Month-to-month,No,Electronic check,0,6,314
0311-UNPFF,No,Month-to-month,Yes,Bank transfer (automatic),0,26,"2,274"
0314-TKOSI,No,Month-to-month,No,Mailed check,0,6,322
0315-LVCRK,No,Month-to-month,No,Electronic check,0,11,888
0318-QUUOB,No,Month-to-month,Yes,Electronic check,0,1,80
0318-ZOPWS,No,Two year,No,Bank transfer (automatic),0,49,973
0319-QZTCO,No,Month-to-month,No,Credit card (automatic),0,3,168
0320-DWVTU,No,Two year,No,Mailed check,0,53,"5,424"
0320-JDNQG,No,Month-to-month,Yes,Electronic check,0,23,"2,331"
0322-CHQRU,No,Month-to-month,Yes,Electronic check,0,2,89
0322-YINQP,No,Month-to-month,Yes,Mailed check,0,1,48
0323-XWWTN,No,Two year,No,Mailed check,0,3,121
0324-BRPCJ,Yes,Month-to-month,Yes,Electronic check,0,68,"6,851"
0325-XBFAC,No,Month-to-month,Yes,Electronic check,0,8,740
0326-VDYXE,No,One year,No,Electronic check,0,70,"6,982"
0327-WFZSY,No,One year,No,Electronic check,100,39,"3,835"
0328-GRPMV,No,Month-to-month,Yes,Electronic check,0,1,70
0329-GTIAJ,No,Month-to-month,Yes,Electronic check,0,3,315
0330-BGYZE,No,One year,No,Bank transfer (automatic),0,60,"6,157"
0330-IVZHA,No,Month-to-month,Yes,Electronic check,0,5,330
0334-GDDSO,Yes,Month-to-month,Yes,Electronic check,0,3,233
0334-ZFJSR,No,One year,No,Credit card (automatic),0,55,"3,462"
0336-KXKFK,No,Two year,No,Credit card (automatic),0,72,"4,390"
0336-PIKEI,Yes,Two year,No,Bank transfer (automatic),0,72,"5,360"
0337-CNPZE,No,Month-to-month,Yes,Electronic check,0,41,"4,443"
0343-QLUZP,No,Two year,No,Bank transfer (automatic),0,60,"2,424"
0345-HKJVM,No,Month-to-month,Yes,Electronic check,0,6,577
0345-XMMUG,No,Two year,No,Credit card (automatic),0,46,"4,854"
0347-UBKUZ,No,Month-to-month,No,Mailed check,0,15,320
0348-SDKOL,No,Month-to-month,Yes,Credit card (automatic),0,58,"5,885"
0354-VXMJC,No,Two year,No,Credit card (automatic),0,23,426
0354-WYROK,Yes,Month-to-month,Yes,Electronic check,0,31,"2,911"
0356-ERHVT,No,Month-to-month,No,Bank transfer (automatic),0,11,521
0356-OBMAC,Yes,Two year,No,Bank transfer (automatic),0,56,"5,706"
0357-NVCRI,No,Month-to-month,No,Credit card (automatic),0,25,471
0361-HJRDX,No,Two year,No,Credit card (automatic),0,68,"4,539"
0362-RAOQO,No,Two year,No,Credit card (automatic),0,40,830
0362-ZBZWJ,No,Month-to-month,Yes,Electronic check,0,36,"3,067"
0363-QJVFX,No,Month-to-month,Yes,Credit card (automatic),0,32,"3,432"
0363-SVHYR,No,Two year,No,Bank transfer (automatic),0,71,"6,263"
0365-BZUWY,No,Month-to-month,No,Electronic check,0,17,"1,742"
0365-GXEZS,No,Month-to-month,No,Electronic check,0,18,"1,468"
0365-TRTPY,No,Month-to-month,No,Bank transfer (automatic),0,37,"3,382"
0366-NQSHS,No,Month-to-month,No,Mailed check,0,2,46
0369-ZGOVK,No,One year,No,Bank transfer (automatic),0,28,"1,992"
0373-AIVNJ,No,One year,No,Mailed check,0,9,373
0374-AACSZ,No,Month-to-month,No,Electronic check,0,1,50
0374-FIUCA,No,Two year,No,Credit card (automatic),0,65,"1,414"
0374-IOEGQ,No,Month-to-month,No,Electronic check,0,3,122
0375-HVGXO,No,Month-to-month,Yes,Electronic check,0,1,34
0376-OIWME,No,Month-to-month,No,Electronic check,0,36,"3,366"
0376-YMCJC,No,Month-to-month,Yes,Electronic check,0,23,"1,943"
0377-JBKKT,No,Month-to-month,No,Mailed check,0,22,"1,271"
0378-CJKPV,No,Two year,No,Credit card (automatic),0,72,"7,965"
0378-NHQXU,No,Month-to-month,Yes,Electronic check,0,17,"1,460"
0378-TOVMS,No,Month-to-month,Yes,Electronic check,0,3,272
0378-XSZPU,No,One year,Yes,Credit card (automatic),0,58,"3,563"
0379-DJQHR,No,Two year,No,Credit card (automatic),0,67,"5,398"
0380-NEAVX,Yes,One year,No,Electronic check,0,34,"3,343"
0380-ZCSBI,No,Month-to-month,No,Credit card (automatic),20,10,198
0383-CLDDA,No,Two year,No,Credit card (automatic),0,69,"5,897"
0384-LPITE,No,One year,No,Credit card (automatic),0,40,"2,511"
0384-RVBPI,No,Month-to-month,No,Credit card (automatic),0,20,"1,398"
0386-CWRGM,No,Two year,No,Mailed check,0,46,967
0388-EOPEX,No,Month-to-month,Yes,Electronic check,0,2,139
0390-DCFDQ,Yes,Month-to-month,Yes,Mailed check,0,1,70
0392-BZIUW,No,Two year,No,Credit card (automatic),105,72,"7,589"
0394-YONDK,No,Two year,No,Credit card (automatic),0,70,"1,790"
0396-HUJBP,No,Month-to-month,No,Mailed check,0,2,44
0396-UKGAI,No,Month-to-month,No,Bank transfer (automatic),0,23,"1,284"
0396-YCHWO,No,Month-to-month,No,Electronic check,0,36,"3,474"
0397-GZBBC,Yes,Month-to-month,Yes,Bank transfer (automatic),0,59,"5,574"
0397-ZXWQF,No,Two year,No,Bank transfer (automatic),0,67,"1,430"
0401-WDBXM,No,Two year,No,Bank transfer (automatic),0,72,"7,542"
0402-CQAJN,No,Month-to-month,Yes,Bank transfer (automatic),0,37,"3,545"
0402-OAMEN,No,Two year,No,Bank transfer (automatic),0,72,"1,709"
0404-AHASP,No,Two year,No,Credit card (automatic),0,72,"1,421"
0404-SWRVG,No,Month-to-month,Yes,Electronic check,0,3,229
0406-BPDVR,Yes,One year,Yes,Credit card (automatic),0,54,"5,373"
0407-BDJKB,No,Month-to-month,Yes,Electronic check,0,60,"5,742"
0409-WTMPL,No,One year,No,Credit card (automatic),0,58,"6,526"
0410-IPFTY,No,Month-to-month,No,Bank transfer (automatic),0,31,"2,674"
0411-EZJZE,No,Month-to-month,No,Electronic check,0,3,170
0412-UCCNP,No,Two year,No,Electronic check,0,55,"3,175"
0415-MOSGF,No,Month-to-month,Yes,Mailed check,0,1,44
0419-YAAPX,No,Month-to-month,No,Credit card (automatic),0,49,"4,297"
0420-BWTPW,No,Month-to-month,Yes,Mailed check,0,8,215
0420-HLGXF,Yes,Month-to-month,No,Electronic check,0,39,"4,036"
0420-TXVSG,No,Two year,No,Credit card (automatic),0,66,"4,428"
0422-OHQHQ,No,One year,No,Mailed check,0,15,295
0422-UXFAP,No,One year,No,Electronic check,0,51,"4,947"
0423-UDIJQ,Yes,Month-to-month,No,Mailed check,0,9,447
0426-TIRNE,No,Month-to-month,Yes,Mailed check,0,1,20
0428-AXXLJ,No,One year,No,Bank transfer (automatic),0,25,516
0428-IKYCP,No,Month-to-month,No,Bank transfer (automatic),87,22,"1,850"
0430-IHCDJ,No,Month-to-month,No,Electronic check,49,15,749
0431-APWVY,No,One year,Yes,Bank transfer (automatic),0,28,"2,598"
0432-CAJZV,No,Month-to-month,No,Mailed check,0,3,237
0434-CSFON,No,Month-to-month,No,Electronic check,0,47,"4,707"
0436-TWFFZ,No,Two year,No,Mailed check,0,67,"5,714"
0439-IFYUN,Yes,Month-to-month,No,Electronic check,0,18,"1,294"
0440-EKDCF,No,Two year,No,Credit card (automatic),0,62,"3,753"
0440-MOGPM,No,One year,No,Electronic check,0,41,"3,263"
0440-QEXBZ,No,Month-to-month,No,Mailed check,0,44,"2,139"
0440-UEDAI,No,One year,No,Credit card (automatic),0,53,"5,042"
0442-TDYUO,No,Two year,No,Mailed check,0,48,"1,036"
0442-ZXKVS,Yes,One year,No,Bank transfer (automatic),0,54,"6,431"
0447-BEMNG,No,Month-to-month,Yes,Bank transfer (automatic),0,48,"2,145"
0447-RXSGD,No,Month-to-month,No,Bank transfer (automatic),0,24,"2,404"
0454-OKRCT,No,Two year,No,Bank transfer (automatic),0,33,"2,651"
0455-ENTCR,No,Two year,No,Electronic check,0,66,"5,538"
0455-XFASS,No,Month-to-month,No,Electronic check,0,3,200
0458-HEUZG,No,Two year,No,Mailed check,0,13,450
0459-SPZHJ,No,Two year,No,Credit card (automatic),0,63,"5,435"
0461-CVKMU,No,Month-to-month,Yes,Electronic check,0,23,"1,900"
0463-TXOAK,No,Two year,No,Credit card (automatic),0,52,"1,334"
0463-WZZKO,No,Month-to-month,No,Credit card (automatic),0,3,67
0463-ZSDNT,No,Month-to-month,No,Bank transfer (automatic),0,10,503
0464-WJTKO,No,Two year,No,Bank transfer (automatic),0,72,"1,460"
0468-YRPXN,No,Month-to-month,No,Credit card (automatic),0,29,"2,807"
0471-ARVMX,Yes,One year,No,Electronic check,0,62,"6,312"
0471-LVHGK,No,One year,Yes,Electronic check,73,41,"3,001"
0475-RIJEP,No,Month-to-month,Yes,Electronic check,0,43,"3,365"
0479-HMSWA,No,Two year,No,Electronic check,0,26,"2,715"
0480-BIXDE,No,Month-to-month,No,Electronic check,0,19,"1,743"
0480-KYJVA,No,Two year,No,Credit card (automatic),0,72,"1,784"
0481-SUMCB,Yes,One year,No,Bank transfer (automatic),0,45,"4,735"
0484-FFVBJ,No,One year,No,Bank transfer (automatic),0,32,"2,010"
0484-JPBRU,No,Month-to-month,No,Bank transfer (automatic),0,41,996
0485-ZBSLN,No,Two year,No,Credit card (automatic),0,65,"1,715"
0486-HECZI,No,Month-to-month,Yes,Electronic check,0,55,"5,238"
0486-LGCCH,No,Two year,No,Mailed check,0,11,225
0487-CRLZF,No,Two year,No,Bank transfer (automatic),0,49,"3,721"
0487-RPVUM,No,Month-to-month,No,Bank transfer (automatic),0,61,"5,943"
0487-VVUVK,No,Month-to-month,No,Mailed check,0,25,477
0488-GSLFR,No,Month-to-month,Yes,Electronic check,0,1,69
0489-WMEMG,No,One year,No,Electronic check,0,23,"1,119"
0491-KAPQG,No,Month-to-month,No,Electronic check,0,21,"1,558"
0495-RVCBF,No,Month-to-month,Yes,Electronic check,0,1,79
0495-ZBNGW,Yes,Month-to-month,Yes,Bank transfer (automatic),0,5,343
0496-AHOOK,No,One year,No,Bank transfer (automatic),0,24,"1,712"
0504-HHAPI,Yes,Month-to-month,Yes,Credit card (automatic),0,27,"2,467"
0505-SPOOW,No,Two year,No,Bank transfer (automatic),0,70,"1,397"
0506-LVNGN,Yes,Month-to-month,Yes,Credit card (automatic),0,5,349
0506-YLVKJ,No,Two year,No,Mailed check,0,46,917
0508-OOLTO,No,Month-to-month,No,Electronic check,0,2,135
0508-SQWPL,No,Two year,No,Bank transfer (automatic),0,57,"1,087"
0511-JTEOY,No,Month-to-month,Yes,Mailed check,0,1,71
0512-FLFDW,Yes,One year,No,Credit card (automatic),0,60,"6,029"
0513-RBGPE,No,Two year,No,Credit card (automatic),0,37,"2,278"
0515-YPMCW,No,Month-to-month,Yes,Mailed check,0,1,70
0516-OOHAR,No,One year,No,Bank transfer (automatic),0,28,"2,799"
0516-QREYC,Yes,Month-to-month,No,Mailed check,0,24,459
0516-UXRMT,No,One year,No,Electronic check,0,62,"5,755"
0516-VRYBW,No,One year,Yes,Bank transfer (automatic),0,18,390
0516-WJVXC,No,Month-to-month,Yes,Electronic check,0,5,308
0519-DRGTI,No,Month-to-month,No,Mailed check,0,20,442
0519-XUZJU,No,Month-to-month,Yes,Mailed check,0,1,70
0520-FDVVT,No,One year,Yes,Bank transfer (automatic),0,35,"3,626"
0523-VNGTF,Yes,Month-to-month,No,Electronic check,0,52,"2,566"
0524-IAVZO,No,Month-to-month,Yes,Electronic check,85,30,"2,624"
0526-SXDJP,No,Two year,No,Bank transfer (automatic),0,72,"2,962"
0529-ONKER,Yes,Month-to-month,Yes,Electronic check,0,15,"1,146"
0530-IJVDB,No,Two year,No,Electronic check,0,70,"7,882"
0531-XBKMM,No,Two year,No,Bank transfer (automatic),0,66,"4,378"
0531-ZZJWQ,Yes,Month-to-month,No,Electronic check,74,55,"4,052"
0533-BNWKF,Yes,Month-to-month,Yes,Electronic check,0,55,"4,874"
0533-UCAAU,Yes,One year,No,Credit card (automatic),0,57,"4,140"
0536-ACXIP,No,Two year,No,Electronic check,0,72,"8,165"
0536-BGFMZ,No,Month-to-month,No,Mailed check,0,28,563
0536-ESJEP,No,Two year,No,Bank transfer (automatic),0,54,"4,191"
0537-QYZZN,Yes,Month-to-month,No,Electronic check,0,24,"1,857"
0541-FITGH,No,Month-to-month,No,Mailed check,0,2,113
0547-HURJB,No,Month-to-month,No,Credit card (automatic),0,12,235
0549-CYCQN,Yes,One year,No,Bank transfer (automatic),0,51,"3,974"
0550-DCXLH,No,Month-to-month,No,Mailed check,0,13,931
0556-FJEGU,No,Two year,No,Bank transfer (automatic),0,58,"4,048"
0557-ASKVU,No,One year,No,Credit card (automatic),0,18,957
0559-CKHUS,No,Two year,No,Mailed check,0,29,521
0562-FGDCR,No,Two year,No,Mailed check,0,72,"5,430"
0562-HKHML,No,Two year,No,Credit card (automatic),0,71,"1,626"
0562-KBDVM,No,Two year,No,Bank transfer (automatic),0,70,"3,058"
0564-JJHGS,No,Month-to-month,Yes,Electronic check,0,9,829
0564-MUUQK,No,Month-to-month,No,Bank transfer (automatic),0,20,"1,916"
0565-IYCGT,No,One year,Yes,Credit card (automatic),0,69,"5,356"
0565-JUPYD,No,One year,No,Credit card (automatic),0,63,"6,590"
0567-GGCAC,No,Month-to-month,No,Electronic check,0,7,438
0567-XRHCU,No,Two year,No,Credit card (automatic),0,69,"2,960"
0568-ONFPC,No,Month-to-month,Yes,Bank transfer (automatic),0,5,135
0570-BFQHT,No,Month-to-month,No,Electronic check,0,9,653
0572-ZJKLT,No,Two year,No,Mailed check,0,46,"4,630"
0575-CUQOV,Yes,One year,No,Electronic check,0,60,"5,867"
0576-WNXXC,Yes,Month-to-month,Yes,Electronic check,0,27,"2,510"
0577-WHMEV,No,Month-to-month,No,Electronic check,0,16,"1,374"
0578-SKVMF,No,Month-to-month,Yes,Electronic check,0,22,"1,845"
0580-PIQHM,No,One year,No,Bank transfer (automatic),0,41,"3,930"
0581-BXBUB,Yes,Month-to-month,No,Electronic check,0,4,317
0581-MDMPW,No,Month-to-month,No,Credit card (automatic),0,24,"2,072"
0582-AVCLN,No,Two year,No,Mailed check,0,38,743
0584-BJQGZ,No,Month-to-month,No,Bank transfer (automatic),0,25,"1,837"
0585-EGDDA,No,Month-to-month,No,Electronic check,80,40,"3,168"
0587-DMGBH,No,Month-to-month,Yes,Electronic check,0,8,365
0594-UFTUL,No,Month-to-month,No,Mailed check,0,13,252
0595-ITUDF,No,Month-to-month,No,Electronic check,0,64,"5,960"
0596-BQCEQ,No,Month-to-month,Yes,Electronic check,0,62,"6,283"
0599-XNYDO,No,Month-to-month,No,Bank transfer (automatic),0,20,"1,540"
0601-WZHJF,No,Month-to-month,Yes,Electronic check,0,14,667
0602-DDUML,No,Two year,No,Mailed check,0,57,"3,894"
0603-OLQDC,No,Month-to-month,No,Mailed check,0,12,837
0603-TPMIB,No,Two year,No,Mailed check,0,59,"1,534"
0604-THJFP,No,Two year,No,Credit card (automatic),0,59,"4,542"
0607-DAAHE,No,Two year,Yes,Bank transfer (automatic),0,53,"1,052"
0607-MVMGC,No,One year,No,Credit card (automatic),0,45,"3,600"
0608-JDVEC,No,Two year,No,Electronic check,0,50,"1,013"
0611-DFXKO,No,Month-to-month,Yes,Mailed check,89,20,"1,820"
0612-RTZZA,Yes,Month-to-month,Yes,Electronic check,0,1,25
0613-WUXUM,No,Two year,No,Mailed check,0,70,"1,401"
0616-ATFGB,Yes,Month-to-month,Yes,Electronic check,0,1,25
0617-AQNWT,No,Two year,Yes,Electronic check,0,64,"3,147"
0617-FHSGK,No,Month-to-month,Yes,Credit card (automatic),0,49,"3,678"
0618-XWMSS,No,Month-to-month,Yes,Bank transfer (automatic),0,28,"2,068"
0619-OLYUR,No,Two year,No,Credit card (automatic),0,72,"8,071"
0620-DLSLK,No,Month-to-month,No,Mailed check,0,13,"1,028"
0620-XEFWH,No,Month-to-month,No,Mailed check,0,4,84
0621-CXBKL,No,Two year,No,Mailed check,0,53,"1,005"
0621-HJWXJ,No,Month-to-month,No,Bank transfer (automatic),0,63,"5,029"
0621-JFHOL,No,Two year,No,Mailed check,0,10,299
0621-TSSMU,No,One year,No,Credit card (automatic),0,56,"1,126"
0621-TWIEM,No,Month-to-month,Yes,Electronic check,0,10,402
0623-EJQEG,No,One year,No,Electronic check,0,65,"6,069"
0623-GDISB,No,Month-to-month,No,Bank transfer (automatic),0,1,48
0623-IIHUG,Yes,Month-to-month,Yes,Electronic check,0,21,840
0625-AFOHS,No,Two year,No,Mailed check,0,29,558
0626-QXNGV,No,Two year,No,Credit card (automatic),0,72,"1,776"
0628-CNQRM,No,One year,Yes,Bank transfer (automatic),0,22,"1,544"
0634-SZPQA,No,Month-to-month,Yes,Bank transfer (automatic),0,23,"2,169"
0635-WKOLD,No,One year,No,Credit card (automatic),0,40,"2,921"
0637-KVDLV,No,Month-to-month,Yes,Electronic check,0,2,162
0637-UBJRP,No,Month-to-month,Yes,Electronic check,0,13,"1,095"
0637-YLETY,No,Month-to-month,Yes,Credit card (automatic),0,16,"1,555"
0639-TSIQW,No,Month-to-month,Yes,Credit card (automatic),0,67,"6,886"
0640-YJTPY,No,Two year,No,Bank transfer (automatic),21,72,"1,493"
0641-EVBOJ,No,Month-to-month,No,Mailed check,0,3,214
0643-OKLRP,Yes,Month-to-month,Yes,Electronic check,0,47,"3,825"
0644-OQMDK,Yes,Month-to-month,No,Electronic check,0,4,293
0650-BWOZN,Yes,Month-to-month,No,Electronic check,0,18,"1,359"
0654-HMSHN,No,Month-to-month,Yes,Electronic check,0,21,"2,157"
0654-PQKDW,No,One year,No,Bank transfer (automatic),0,62,"4,263"
0655-RBDUG,No,Month-to-month,Yes,Bank transfer (automatic),0,7,713
0655-YDGFJ,No,Month-to-month,No,Bank transfer (automatic),0,29,"1,323"
0657-DOGUM,No,One year,No,Bank transfer (automatic),0,48,"2,985"
0661-KBKPA,No,One year,No,Mailed check,0,53,"3,942"
0661-KQHNK,No,One year,No,Credit card (automatic),19,6,105
0661-WCQNQ,No,One year,No,Credit card (automatic),0,22,"1,292"
0661-XEYAN,Yes,Month-to-month,Yes,Mailed check,0,1,25
0665-XHDJU,No,Two year,No,Electronic check,0,72,"7,285"
0666-UXTJO,Yes,Month-to-month,No,Credit card (automatic),0,34,"2,874"
0667-NSRGI,No,One year,No,Mailed check,0,48,"3,435"
0668-OGMHD,No,Month-to-month,No,Electronic check,0,21,629
0670-ANMUU,No,One year,No,Credit card (automatic),0,71,"6,687"
0670-KDOMA,No,Month-to-month,No,Mailed check,0,1,20
0673-IGUQO,No,Month-to-month,No,Mailed check,0,1,20
0674-DGMAQ,Yes,Month-to-month,No,Electronic check,0,32,"2,970"
0674-EYYZV,No,Month-to-month,No,Electronic check,0,1,54
0674-GCDXG,No,Two year,No,Bank transfer (automatic),0,63,"4,479"
0675-NCDYU,No,Two year,No,Credit card (automatic),0,72,"8,543"
0678-RLHVP,No,Two year,No,Electronic check,0,53,"5,682"
0679-IDSTG,Yes,Month-to-month,Yes,Electronic check,0,1,69
0679-TDGAK,No,One year,No,Electronic check,0,50,"4,025"
0680-DFNNY,No,Month-to-month,Yes,Electronic check,0,15,"1,504"
0682-USIXD,No,Month-to-month,No,Electronic check,0,21,"1,818"
0684-AOSIH,No,Month-to-month,Yes,Electronic check,95,1,95
0685-MLYYM,Yes,Month-to-month,Yes,Electronic check,0,2,154
0687-ZVTHB,No,One year,Yes,Credit card (automatic),0,65,"4,653"
0689-DSXGL,No,Month-to-month,No,Bank transfer (automatic),0,52,"4,433"
0689-NKYLF,No,Month-to-month,Yes,Electronic check,0,13,"1,060"
0690-SRQID,No,Month-to-month,No,Mailed check,0,4,67
0691-IFBQW,Yes,One year,Yes,Electronic check,110,46,"4,874"
0691-JVSYA,No,One year,Yes,Bank transfer (automatic),0,53,"5,000"
0691-NIKRI,No,One year,No,Credit card (automatic),0,40,"4,335"
0696-UKTOX,No,Month-to-month,No,Electronic check,0,23,"1,312"
0697-ZMSWS,No,Month-to-month,Yes,Electronic check,0,4,338
0699-NDKJM,No,Month-to-month,No,Bank transfer (automatic),0,57,"3,437"
0701-RFGFI,No,Month-to-month,No,Bank transfer (automatic),0,49,"4,613"
0701-TJSEF,No,Month-to-month,No,Bank transfer (automatic),0,9,576
0702-PGIBZ,No,Month-to-month,Yes,Electronic check,0,4,364
0704-VCUMB,No,Two year,No,Credit card (automatic),0,61,"1,278"
0707-HOVVN,Yes,Two year,No,Bank transfer (automatic),0,70,"5,212"
0708-LGSMF,No,Month-to-month,No,Electronic check,0,13,902
0708-SJDIS,No,Month-to-month,No,Mailed check,65,34,"2,157"
0709-TVGUR,Yes,Month-to-month,Yes,Electronic check,0,9,622
0716-BQNDX,Yes,Two year,No,Electronic check,0,57,"5,625"
0719-SYFRB,No,Month-to-month,Yes,Mailed check,0,12,713
0722-SVSFK,No,Month-to-month,No,Electronic check,0,7,715
0722-TROQR,Yes,Month-to-month,Yes,Electronic check,0,4,321
0723-DRCLG,Yes,Month-to-month,Yes,Electronic check,0,1,74
0723-FDLAY,No,One year,No,Bank transfer (automatic),0,44,"3,704"
0723-VSOBE,Yes,One year,No,Electronic check,0,45,"1,596"
0725-CXOTM,No,One year,No,Credit card (automatic),0,36,"3,348"
0727-BMPLR,Yes,One year,Yes,Electronic check,100,55,"5,509"
0727-BNRLG,No,Two year,No,Credit card (automatic),0,69,"6,743"
0727-IWKVK,No,Month-to-month,Yes,Electronic check,0,9,741
0730-BGQGF,No,Two year,No,Credit card (automatic),0,71,"6,287"
0730-KOAVE,No,Month-to-month,No,Credit card (automatic),0,30,"2,679"
0731-EBJQB,No,One year,No,Electronic check,0,52,"1,090"
0732-OCQOC,No,Two year,No,Bank transfer (automatic),0,52,"1,270"
0733-VUNUW,No,Month-to-month,Yes,Bank transfer (automatic),0,24,"1,400"
0734-OXWBT,No,Month-to-month,No,Mailed check,0,3,225
0739-UUAJR,No,Two year,No,Credit card (automatic),0,72,"3,952"
0742-LAFQK,No,Two year,No,Electronic check,0,72,"7,422"
0742-MOABM,No,Month-to-month,Yes,Mailed check,0,4,179
0742-NXBGR,No,Month-to-month,Yes,Electronic check,0,1,82
0743-HNPFG,No,One year,No,Credit card (automatic),0,51,"3,562"
0743-HRVFF,No,One year,No,Electronic check,0,51,"2,898"
0744-BIKKF,No,Two year,No,Bank transfer (automatic),0,72,"6,224"
0744-GKNGE,No,Month-to-month,No,Bank transfer (automatic),0,64,"5,327"
0746-JTRFU,No,Month-to-month,Yes,Electronic check,0,2,56
0748-RDGGM,No,One year,Yes,Bank transfer (automatic),0,70,"7,534"
0749-IRGQE,Yes,Month-to-month,No,Electronic check,0,13,528
0750-EBAIU,No,One year,No,Electronic check,0,52,"4,738"
0750-EKNGL,No,Month-to-month,No,Mailed check,0,7,141
0754-EEBDC,No,Two year,No,Mailed check,0,4,76
0754-UKWQP,No,Month-to-month,Yes,Electronic check,0,2,197
0756-MPZRL,No,One year,No,Credit card (automatic),0,46,"1,537"
0757-WCUUZ,No,Two year,No,Credit card (automatic),0,54,"3,409"
0761-AETCS,No,Month-to-month,Yes,Electronic check,0,1,19
0769-MURVM,No,Two year,No,Bank transfer (automatic),0,72,"4,575"
0771-CHWSK,No,Two year,No,Credit card (automatic),0,66,"4,798"
0771-WLCLA,No,Month-to-month,No,Electronic check,0,16,"1,882"
0772-GYEQQ,No,Month-to-month,Yes,Mailed check,0,3,262
0774-IFUVM,No,Month-to-month,No,Bank transfer (automatic),0,11,723
0774-RMNUW,No,Two year,No,Bank transfer (automatic),0,71,"4,122"
0778-NELLA,No,Month-to-month,Yes,Credit card (automatic),0,9,296
0780-XNZFN,No,Two year,No,Bank transfer (automatic),0,57,"1,125"
0781-LKXBR,Yes,Month-to-month,Yes,Electronic check,0,9,918
0784-GTUUK,No,One year,No,Credit card (automatic),0,62,"1,446"
0784-ZQJZX,No,Two year,No,Credit card (automatic),0,72,"1,529"
0786-IVLAW,Yes,One year,No,Bank transfer (automatic),0,66,"7,238"
0786-VSSUD,Yes,Month-to-month,Yes,Mailed check,39,16,679
0787-LHDYT,No,Month-to-month,No,Credit card (automatic),0,16,330
0788-DXBFY,No,One year,No,Electronic check,0,58,"1,108"
0793-TWELN,No,Month-to-month,No,Electronic check,0,4,319
0794-YVSGE,No,Two year,No,Bank transfer (automatic),0,72,"1,401"
0795-GMVQO,No,One year,No,Credit card (automatic),0,67,"7,332"
0795-LAFGP,No,Two year,No,Electronic check,0,71,"6,668"
0795-XCCTE,Yes,Two year,No,Bank transfer (automatic),0,72,"1,809"
0799-DDIHE,No,Month-to-month,No,Electronic check,0,15,639
0804-XBFBV,No,Month-to-month,No,Electronic check,0,11,321
0804-YGEQV,No,One year,No,Bank transfer (automatic),0,43,993
0807-ZABDG,No,Month-to-month,Yes,Mailed check,0,3,154
0810-BDHAW,No,One year,No,Electronic check,0,24,"1,832"
0810-DHDBD,No,One year,No,Credit card (automatic),74,52,"3,877"
0811-GSDTP,No,Month-to-month,No,Electronic check,0,13,382
0812-WUPTB,Yes,Month-to-month,Yes,Mailed check,0,1,70
0813-TAXXS,No,Two year,No,Bank transfer (automatic),0,55,"4,323"
0815-MFZGM,No,Two year,No,Credit card (automatic),99,42,"4,135"
0816-TSPHQ,No,Month-to-month,No,Mailed check,0,2,44
0817-HSUSE,No,Month-to-month,No,Electronic check,0,1,75
0818-OCPZO,Yes,Month-to-month,Yes,Electronic check,0,27,"2,122"
0820-FNRNX,No,Month-to-month,No,Mailed check,0,17,"1,077"
0822-GAVAP,No,Month-to-month,Yes,Electronic check,0,2,62
0822-QGCXA,Yes,Month-to-month,No,Electronic check,0,27,"2,310"
0823-HSCDJ,Yes,Month-to-month,Yes,Electronic check,0,52,"2,550"
0824-VWDPO,No,One year,No,Bank transfer (automatic),0,45,"4,442"
0825-CPPQH,No,Two year,No,Credit card (automatic),0,71,"1,372"
0827-ITJPH,No,Two year,No,Credit card (automatic),0,36,689
0829-DDVLK,No,One year,No,Credit card (automatic),0,15,302
0829-XXPLX,No,Month-to-month,No,Bank transfer (automatic),0,20,"1,871"
0831-JNISG,No,Two year,No,Mailed check,0,71,"1,396"
0835-DUUIQ,No,One year,No,Bank transfer (automatic),0,24,531
0835-JKADZ,No,Two year,No,Electronic check,0,71,"7,984"
0836-SEYLU,No,Month-to-month,Yes,Mailed check,0,9,328
0839-JTCUD,No,Two year,No,Credit card (automatic),0,66,"5,958"
0839-QNXME,No,Two year,No,Credit card (automatic),0,30,578
0840-DCNZE,No,One year,No,Bank transfer (automatic),0,47,"4,138"
0840-DFEZH,No,Month-to-month,No,Electronic check,0,7,564
0841-NULXI,No,Month-to-month,Yes,Electronic check,0,1,35
0842-IWYCP,No,Month-to-month,No,Bank transfer (automatic),0,46,"2,168"
0843-WTBXE,No,Month-to-month,Yes,Bank transfer (automatic),0,53,"4,517"
0847-HGRML,No,Two year,No,Bank transfer (automatic),20,62,"1,250"
0848-SOMKO,No,Two year,No,Bank transfer (automatic),0,70,"3,442"
0848-ZGQIJ,No,Month-to-month,No,Bank transfer (automatic),0,16,"1,461"
0851-DFJKB,No,Month-to-month,No,Electronic check,0,15,955
0853-NWIFK,No,One year,No,Electronic check,0,45,"4,483"
0853-TWRVK,No,Two year,No,Bank transfer (automatic),0,72,"7,581"
0854-UYHZD,No,Two year,No,Mailed check,0,13,265
0856-NAOES,No,Month-to-month,No,Mailed check,0,6,414
0859-YGKFW,No,One year,No,Bank transfer (automatic),0,18,345
0862-PRCBS,No,Two year,No,Credit card (automatic),0,68,"7,039"
0864-FVJNJ,No,One year,No,Electronic check,0,64,"7,222"
0866-QLSIR,No,One year,Yes,Mailed check,0,34,"2,088"
0867-LDTTC,No,Month-to-month,No,Bank transfer (automatic),0,5,392
0867-MKZVY,No,Month-to-month,Yes,Electronic check,0,20,"1,592"
0868-VJRDR,No,Two year,No,Credit card (automatic),0,64,"6,605"
0869-PAPRP,Yes,Month-to-month,No,Credit card (automatic),0,26,"2,067"
0870-VEMYL,No,Month-to-month,Yes,Credit card (automatic),0,5,259
0871-OPBXW,No,Month-to-month,No,Mailed check,0,2,39
0871-URUWO,No,Month-to-month,Yes,Credit card (automatic),0,13,"1,359"
0872-CASZJ,No,One year,No,Mailed check,0,59,"4,096"
0872-JCPIB,No,Month-to-month,No,Bank transfer (automatic),0,17,"1,111"
0872-NXJYS,No,Month-to-month,Yes,Electronic check,0,9,723
0875-CABNR,Yes,Month-to-month,Yes,Credit card (automatic),0,10,865
0876-WDUUZ,No,Month-to-month,Yes,Credit card (automatic),0,5,425
0877-SDMBN,No,One year,Yes,Bank transfer (automatic),0,54,"5,639"
0880-FVFWF,No,Month-to-month,No,Electronic check,0,56,"4,922"
0880-TKATG,No,Month-to-month,Yes,Electronic check,0,4,385
0883-EIBTI,No,Month-to-month,Yes,Mailed check,0,2,31
0885-HMGPY,No,Two year,No,Bank transfer (automatic),0,62,"4,237"
0886-QGENL,Yes,Month-to-month,Yes,Electronic check,0,27,"2,754"
0887-HJGAR,No,Month-to-month,Yes,Mailed check,0,1,45
0887-WBJVH,No,One year,No,Electronic check,0,53,"4,872"
0895-DQHEW,No,Month-to-month,Yes,Electronic check,0,54,"5,278"
0895-LMRSF,No,One year,No,Bank transfer (automatic),0,23,"1,509"
0895-LNKRC,No,One year,No,Mailed check,0,6,113
0895-UADGO,No,Two year,No,Mailed check,0,8,343
0897-FEGMU,No,Month-to-month,Yes,Electronic check,0,11,"1,056"
0898-XCGTF,No,One year,No,Bank transfer (automatic),0,61,"5,673"
0899-LIIBW,No,Month-to-month,No,Electronic check,0,34,"3,527"
0899-WZRSD,No,Month-to-month,No,Mailed check,0,56,"5,794"
0902-RFHOF,No,One year,No,Mailed check,0,38,730
0902-XKXPN,No,Two year,No,Bank transfer (automatic),0,69,"1,376"
0906-QVPMS,No,Two year,No,Bank transfer (automatic),0,72,"8,349"
0907-HQNTS,Yes,Two year,No,Credit card (automatic),113,70,"7,987"
0909-SDHNU,No,Month-to-month,No,Mailed check,0,7,201
0909-SELIE,No,Two year,No,Bank transfer (automatic),0,61,"4,860"
0913-XWSCN,No,Month-to-month,No,Bank transfer (automatic),0,55,"4,713"
0916-KNFAJ,No,Two year,No,Mailed check,0,61,"4,226"
0916-QOFDP,Yes,Month-to-month,No,Electronic check,0,14,"1,346"
0917-EZOLA,Yes,Two year,Yes,Bank transfer (automatic),0,72,"7,689"
0921-OHLVP,No,Month-to-month,No,Electronic check,0,22,"1,799"
0923-PNFUB,No,Month-to-month,Yes,Electronic check,0,3,247
0924-BJCRC,Yes,Month-to-month,No,Electronic check,0,60,"5,294"
0925-VYDLG,No,Month-to-month,Yes,Electronic check,0,3,242
0927-CNGRH,No,Month-to-month,No,Mailed check,0,1,19
0927-LCSMG,No,Month-to-month,Yes,Mailed check,0,7,544
0928-JMXNP,Yes,Month-to-month,No,Electronic check,0,4,118
0928-XUTSN,No,Month-to-month,No,Electronic check,0,13,"1,011"
0929-HYQEW,No,Month-to-month,No,Mailed check,0,3,160
0929-PECLO,Yes,Month-to-month,No,Bank transfer (automatic),0,63,"5,538"
0930-EHUZA,No,One year,No,Mailed check,0,36,"2,606"
0931-MHTEM,No,One year,No,Credit card (automatic),0,54,"5,299"
0932-YIXYU,No,Two year,No,Credit card (automatic),0,47,"1,029"
0936-NQLJU,No,Two year,No,Credit card (automatic),0,41,875
0939-EREMR,No,Month-to-month,No,Mailed check,0,13,718
0939-YAPAF,No,Month-to-month,Yes,Electronic check,0,35,"3,527"
0940-OUQEC,No,Month-to-month,Yes,Bank transfer (automatic),0,10,788
0942-KOWSM,No,Two year,No,Bank transfer (automatic),0,30,"2,369"
0943-ZQPXH,No,Month-to-month,No,Bank transfer (automatic),0,44,"4,122"
0945-TSONX,No,Two year,No,Credit card (automatic),0,47,"4,107"
0946-CLJTI,Yes,Month-to-month,Yes,Electronic check,0,58,"5,812"
0946-FKYTX,No,One year,No,Mailed check,0,52,"1,623"
0947-IDHRQ,No,Month-to-month,Yes,Mailed check,0,7,526
0947-MUGVO,Yes,Month-to-month,Yes,Electronic check,0,20,"1,463"
0952-KMEEH,No,Month-to-month,Yes,Mailed check,0,13,"1,230"
0953-LGOVU,No,Month-to-month,No,Mailed check,0,12,432
0956-ACVZC,No,One year,No,Credit card (automatic),0,54,"5,060"
0956-SYCWG,No,One year,No,Electronic check,0,13,244
0958-YHXGP,No,Month-to-month,No,Mailed check,0,7,497
0959-WHOKV,No,One year,No,Electronic check,99,42,"4,298"
0960-HUWBM,No,Two year,No,Bank transfer (automatic),0,65,"6,700"
0961-ZWLVI,No,One year,No,Credit card (automatic),0,49,"5,290"
0962-CQPWQ,No,Two year,No,Bank transfer (automatic),0,62,"1,296"
0963-ZBDRN,No,Month-to-month,Yes,Electronic check,0,32,"3,183"
0967-BMLBD,No,One year,No,Mailed check,20,11,196
0968-GSIKN,No,Month-to-month,Yes,Mailed check,0,1,70
0969-RGKCU,No,One year,No,Credit card (automatic),0,37,677
0970-ETWGE,No,Month-to-month,Yes,Electronic check,0,1,89
0970-QXPXW,No,Month-to-month,No,Mailed check,0,1,19
0971-QIFJK,No,Two year,No,Bank transfer (automatic),0,69,"1,641"
0973-KYVNF,No,Two year,No,Credit card (automatic),0,72,"5,011"
0975-UYDTX,No,One year,No,Credit card (automatic),0,26,"2,312"
0975-VOOVL,No,Month-to-month,No,Mailed check,0,3,98
0979-MOZQI,No,Two year,No,Bank transfer (automatic),39,62,"2,337"
0979-PHULV,No,Month-to-month,Yes,Credit card (automatic),0,69,"7,007"
0980-FEXWF,No,One year,No,Mailed check,0,26,"1,285"
0980-PVMRC,No,Month-to-month,No,Electronic check,0,40,"2,036"
0983-TATYJ,No,One year,No,Mailed check,0,33,"1,758"
0988-AADSA,No,Two year,No,Bank transfer (automatic),0,72,"5,824"
0988-JRWWP,No,Month-to-month,No,Electronic check,0,3,140
0991-BRRFB,No,Month-to-month,Yes,Electronic check,0,18,874
0993-OSGPT,Yes,One year,No,Bank transfer (automatic),0,68,"3,975"
0997-YTLNY,No,Month-to-month,No,Mailed check,0,19,953
0999-QXNSA,Yes,Month-to-month,No,Mailed check,0,7,344
1000-AJSLD,No,Month-to-month,Yes,Mailed check,0,1,20
1004-NOZNR,Yes,One year,No,Credit card (automatic),0,56,"5,264"
1009-IRMNA,No,Month-to-month,Yes,Bank transfer (automatic),20,7,137
1010-DIAUQ,No,Month-to-month,Yes,Bank transfer (automatic),0,5,492
1013-QCWAM,Yes,Month-to-month,No,Electronic check,0,66,"6,690"
1015-JPFYW,No,One year,No,Mailed check,0,7,136
1015-OWJKI,No,Month-to-month,No,Mailed check,0,1,19
1016-DJTSV,Yes,Month-to-month,No,Electronic check,0,8,572
1017-FBQMM,No,One year,No,Credit card (automatic),0,62,"6,703"
1020-JPQOW,No,Month-to-month,No,Electronic check,0,56,"5,116"
1022-RKXDR,No,One year,No,Mailed check,0,41,962
1023-BQXZE,No,Two year,No,Bank transfer (automatic),0,57,"4,317"
1024-GUALD,No,Month-to-month,Yes,Electronic check,0,1,24
1024-KPRBB,No,One year,No,Mailed check,0,38,"3,342"
1024-VRZHF,No,Month-to-month,Yes,Electronic check,0,11,825
1025-FALIX,No,Month-to-month,No,Credit card (automatic),0,26,"1,815"
1027-LKKQQ,No,Two year,No,Bank transfer (automatic),0,72,"5,886"
1028-FFNJK,Yes,Month-to-month,No,Electronic check,0,30,"2,917"
1029-QFBEN,No,Month-to-month,Yes,Mailed check,0,1,19
1031-IIDEO,No,Month-to-month,Yes,Electronic check,0,1,70
1032-MAELW,No,One year,No,Electronic check,0,68,"5,333"
1035-IPQPU,Yes,Month-to-month,No,Electronic check,0,63,"6,479"
1036-GUDCL,No,Month-to-month,No,Credit card (automatic),0,60,"4,663"
1038-RQOST,No,Month-to-month,No,Mailed check,0,19,414
1038-ZAGBI,No,One year,Yes,Bank transfer (automatic),0,12,229
1041-RXHRA,No,Month-to-month,Yes,Bank transfer (automatic),0,41,"2,868"
1042-HFUCW,No,One year,No,Credit card (automatic),0,25,"1,266"
1043-UXOVO,No,Two year,No,Credit card (automatic),0,71,"7,993"
1043-YCUTE,No,Two year,Yes,Credit card (automatic),0,56,"1,327"
1045-LTCYT,No,Month-to-month,No,Credit card (automatic),0,8,139
1047-NNCBF,No,Month-to-month,No,Credit card (automatic),0,20,"1,493"
1047-RNXZV,No,Two year,No,Mailed check,0,43,876
1049-FYSYG,No,Month-to-month,No,Credit card (automatic),0,17,646
1051-EQPZR,No,Month-to-month,No,Mailed check,0,44,780
1051-GEJLJ,No,Month-to-month,No,Mailed check,0,2,27
1052-QJIBV,No,Two year,No,Credit card (automatic),0,71,"1,397"
1053-MXTTK,No,Two year,No,Bank transfer (automatic),0,72,"7,726"
1057-FOGLZ,No,Month-to-month,No,Mailed check,0,18,391
1060-ENTOF,Yes,One year,No,Credit card (automatic),0,67,"7,035"
1061-PNTHC,No,Month-to-month,No,Mailed check,0,56,"5,953"
1062-LHZOD,No,Month-to-month,Yes,Mailed check,0,1,69
1063-DHQJF,No,Two year,No,Mailed check,0,69,"6,480"
1064-FBXNK,No,One year,No,Credit card (automatic),0,1,19
1066-JKSGK,No,Month-to-month,Yes,Mailed check,0,1,20
1069-QJOEE,No,One year,No,Electronic check,0,25,505
1069-XAIEM,Yes,Month-to-month,Yes,Electronic check,0,1,85
1073-XXCZD,No,Two year,No,Bank transfer (automatic),0,55,"1,443"
1074-AMIOH,No,Month-to-month,No,Bank transfer (automatic),0,53,"5,935"
1074-WVEVG,No,One year,No,Mailed check,0,59,"1,267"
1075-BGWOH,Yes,Month-to-month,Yes,Electronic check,0,16,"1,587"
1077-HUUJM,No,Month-to-month,No,Electronic check,0,7,472
1078-TDCRN,Yes,Month-to-month,No,Electronic check,0,3,82
1080-BWSYE,Yes,Two year,No,Credit card (automatic),0,64,"1,740"
1084-MNSMJ,No,Two year,No,Credit card (automatic),0,51,"4,421"
1084-UQCHV,No,Month-to-month,Yes,Bank transfer (automatic),0,1,69
1085-LDWAM,No,One year,No,Credit card (automatic),0,69,"1,442"
1086-LXKFY,No,Month-to-month,Yes,Mailed check,0,1,69
1087-GRUYI,No,Two year,No,Bank transfer (automatic),0,38,743
1087-UDSIH,No,Month-to-month,Yes,Mailed check,0,3,59
1088-AUUZZ,No,Two year,No,Credit card (automatic),0,56,"4,261"
1088-CNNKB,No,One year,No,Credit card (automatic),80,63,"5,040"
1089-HDMKP,Yes,Month-to-month,No,Electronic check,0,11,601
1089-XZWHH,No,Two year,No,Mailed check,0,24,494
1090-ESELR,No,Two year,No,Bank transfer (automatic),0,72,"7,611"
1090-PYKCI,No,One year,No,Credit card (automatic),0,69,"7,234"
1091-SOZGA,No,One year,No,Credit card (automatic),0,56,"5,515"
1092-GANHU,No,Month-to-month,Yes,Electronic check,0,17,"1,313"
1092-WPIVQ,No,Two year,No,Mailed check,0,18,428
1093-YSWCA,No,Two year,No,Credit card (automatic),0,11,223
1094-BKOSX,No,One year,No,Bank transfer (automatic),51,45,"2,264"
1095-JUDTC,Yes,Month-to-month,Yes,Electronic check,0,47,"4,504"
1095-WGNGG,No,Two year,No,Bank transfer (automatic),0,61,"5,971"
1096-ADRUX,No,One year,No,Bank transfer (automatic),0,66,"4,859"
1097-FSPVW,No,Month-to-month,No,Credit card (automatic),0,42,"2,455"
1098-KFQEC,No,Two year,No,Credit card (automatic),0,55,"1,083"
1098-TDVUQ,No,Month-to-month,No,Bank transfer (automatic),0,1,19
1099-BTKWT,No,One year,No,Electronic check,0,68,"3,723"
1099-GODLO,No,Two year,No,Mailed check,0,1,20
1100-DDVRV,No,Month-to-month,No,Mailed check,0,17,836
1101-SSWAG,No,Month-to-month,No,Electronic check,0,15,711
1104-FEJAM,No,Month-to-month,No,Electronic check,0,28,"1,802"
1104-TNLZA,Yes,Month-to-month,No,Electronic check,0,28,"2,998"
1106-HRLKZ,No,Two year,No,Mailed check,0,40,808
1110-KYLGQ,No,Month-to-month,No,Credit card (automatic),0,63,"6,780"
1112-CUNAO,Yes,Month-to-month,Yes,Electronic check,0,15,"1,424"
1113-IUJYX,No,One year,Yes,Mailed check,0,14,"1,348"
1114-CENIM,No,Month-to-month,Yes,Credit card (automatic),55,54,"3,092"
1116-DXXDF,No,Two year,No,Electronic check,0,39,"3,801"
1116-FRYVH,No,Two year,No,Mailed check,0,48,"1,978"
1120-BMWUB,No,Month-to-month,Yes,Mailed check,0,16,834
1121-QSIVB,No,One year,No,Mailed check,0,44,"3,471"
1122-JWTJW,No,Month-to-month,Yes,Mailed check,0,1,70
1122-YJBCS,No,One year,No,Credit card (automatic),0,69,"3,804"
1125-SNVCK,Yes,Month-to-month,No,Mailed check,0,49,"2,106"
1131-ALZWV,No,One year,No,Bank transfer (automatic),0,24,605
1131-QQZEB,Yes,Two year,No,Bank transfer (automatic),0,71,"1,756"
1131-SUEKT,No,One year,No,Bank transfer (automatic),0,61,"6,145"
1133-KXCGE,No,One year,No,Mailed check,0,18,407
1134-YWTYF,No,Month-to-month,No,Electronic check,0,27,"1,389"
1135-HIORI,No,One year,No,Electronic check,0,64,"7,266"
1135-LMECX,No,Month-to-month,No,Mailed check,0,1,19
1136-XGEQU,No,One year,No,Credit card (automatic),0,50,"4,164"
1137-DGOWI,No,One year,No,Bank transfer (automatic),0,30,"2,198"
1139-WUOAH,No,Two year,No,Credit card (automatic),0,57,"3,090"
1140-UKVZG,No,Month-to-month,No,Mailed check,0,17,475
1142-IHLOO,No,One year,No,Credit card (automatic),0,51,"4,475"
1142-WACZW,No,Month-to-month,Yes,Bank transfer (automatic),0,2,75
1143-NMNQJ,No,Month-to-month,Yes,Electronic check,0,2,169
1150-FTQGN,No,One year,No,Bank transfer (automatic),0,60,"5,811"
1150-WFARN,No,Two year,Yes,Credit card (automatic),0,67,"7,156"
1153-GNOLC,No,One year,No,Electronic check,0,33,"1,309"
1154-HYWWO,No,One year,No,Mailed check,0,38,"2,708"
1156-ZFYDO,No,Month-to-month,No,Electronic check,0,1,19
1157-BQCUW,No,Month-to-month,Yes,Electronic check,0,1,74
1159-WFSGR,No,Month-to-month,No,Electronic check,0,16,321
1162-ECVII,Yes,Two year,No,Bank transfer (automatic),0,72,"7,932"
1163-ONYEY,No,Month-to-month,No,Credit card (automatic),0,41,"3,023"
1163-VIPRI,No,Two year,No,Electronic check,0,65,"7,337"
1166-PQLGG,No,Two year,No,Bank transfer (automatic),0,72,"1,463"
1167-OYZJF,Yes,Two year,No,Bank transfer (automatic),0,67,"1,263"
1169-SAOCL,No,One year,No,Bank transfer (automatic),0,49,"5,168"
1169-WCVAK,No,Month-to-month,No,Credit card (automatic),0,19,"1,672"
1170-SASML,No,Month-to-month,No,Bank transfer (automatic),0,69,"5,869"
1171-TYKUR,No,Month-to-month,No,Electronic check,0,47,"1,139"
1172-VIYBP,No,Two year,No,Bank transfer (automatic),0,53,"3,686"
1173-NOEYG,No,Month-to-month,No,Bank transfer (automatic),0,27,"2,423"
1173-XZPYF,No,Month-to-month,No,Electronic check,0,11,990
1174-FGIFN,No,One year,No,Electronic check,0,28,"2,509"
1177-XZBJL,No,One year,No,Bank transfer (automatic),0,53,"3,491"
1178-PZGAB,No,One year,No,Credit card (automatic),0,19,383
1179-INLAT,No,One year,No,Mailed check,0,3,69
1183-CANVH,No,One year,No,Bank transfer (automatic),60,23,"1,347"
1184-PJVDB,No,Month-to-month,Yes,Electronic check,0,10,857
1187-WILMM,No,Two year,No,Credit card (automatic),0,63,"5,597"
1193-RTSLK,No,Month-to-month,Yes,Credit card (automatic),0,38,"3,233"
1194-BHJYC,No,Two year,No,Mailed check,0,61,"3,778"
1194-HVAIF,No,Month-to-month,No,Credit card (automatic),95,27,"2,462"
1194-SPVSP,No,Month-to-month,No,Bank transfer (automatic),0,1,19
1195-OIYEJ,No,Month-to-month,Yes,Electronic check,0,13,"1,135"
1196-AMORA,No,Month-to-month,Yes,Electronic check,0,7,520
1197-BVMVG,Yes,Month-to-month,No,Electronic check,0,4,294
1200-TUZHR,Yes,Month-to-month,No,Electronic check,0,8,695
1202-KKGFU,No,Month-to-month,No,Bank transfer (automatic),0,12,690
1205-WNWPJ,No,Month-to-month,Yes,Mailed check,0,7,415
1206-EHBDD,No,Two year,No,Bank transfer (automatic),0,56,"4,513"
1207-BLKSA,No,Two year,No,Mailed check,0,52,"1,255"
1208-DNHLN,No,One year,Yes,Credit card (automatic),0,23,"1,067"
1208-NBVFH,No,Month-to-month,No,Electronic check,0,20,939
1209-VFFOC,No,Two year,No,Mailed check,0,68,"3,948"
1212-GLHMD,No,Month-to-month,No,Mailed check,0,3,244
1213-NGCUN,No,Month-to-month,Yes,Bank transfer (automatic),0,6,267
1215-EXRMO,No,Two year,No,Mailed check,0,50,"1,067"
1215-FIGMP,No,Month-to-month,No,Bank transfer (automatic),0,60,"5,450"
1215-VFYVK,No,Month-to-month,No,Mailed check,0,4,202
1216-BGTSP,No,Month-to-month,No,Credit card (automatic),0,45,"4,964"
1216-JWVUX,No,Month-to-month,No,Electronic check,0,25,"1,901"
1217-VASWC,Yes,One year,No,Bank transfer (automatic),0,43,"4,304"
1218-VKFPE,No,Month-to-month,Yes,Mailed check,19,12,233
1219-NNDDO,No,Month-to-month,No,Electronic check,0,9,663
1221-GHZEP,No,Two year,No,Mailed check,0,62,"3,846"
1222-KJNZD,No,Month-to-month,No,Bank transfer (automatic),0,40,745
1222-LRYKO,No,Month-to-month,No,Mailed check,0,6,184
1223-UNPKS,No,Two year,No,Mailed check,0,20,400
1226-IENZN,Yes,Month-to-month,No,Electronic check,0,16,"1,218"
1226-JZNKR,No,One year,No,Electronic check,0,8,160
1226-UDFZR,No,Month-to-month,Yes,Mailed check,0,2,114
1227-UDMZR,No,Two year,No,Bank transfer (automatic),0,72,"6,637"
1228-FZFRV,No,Month-to-month,Yes,Credit card (automatic),0,50,"5,341"
1228-ZLNBX,No,Month-to-month,No,Mailed check,0,21,"1,570"
1229-RCALF,No,One year,No,Electronic check,115,64,"7,396"
1230-QAJDW,No,Month-to-month,No,Mailed check,0,3,209
1231-YNDEK,No,Two year,No,Bank transfer (automatic),0,58,"1,035"
1236-WFCDV,Yes,Month-to-month,Yes,Credit card (automatic),0,14,"1,266"
1237-WIYYZ,No,Month-to-month,No,Mailed check,0,18,389
1240-HCBOH,No,Two year,No,Mailed check,0,67,"1,759"
1240-KNSEZ,No,Month-to-month,Yes,Mailed check,0,1,20
1241-EZFMJ,No,Two year,No,Bank transfer (automatic),0,61,"1,538"
1241-FPMOF,No,Two year,No,Mailed check,0,52,"1,025"
1245-HARPS,No,Two year,No,Mailed check,0,14,292
1247-QBVSH,No,Month-to-month,No,Mailed check,0,43,"2,169"
1248-DYXUB,No,Two year,No,Mailed check,0,52,"1,229"
1251-KRREG,No,Month-to-month,Yes,Mailed check,0,2,114
1251-STYSZ,Yes,Month-to-month,No,Electronic check,0,4,303
1254-IZEYF,Yes,Month-to-month,Yes,Electronic check,0,31,"3,186"
1257-SXUXQ,No,Month-to-month,No,Mailed check,0,5,86
1258-YMZNM,Yes,One year,No,Bank transfer (automatic),0,27,"2,857"
1260-TTRXI,No,Month-to-month,Yes,Electronic check,0,4,195
1261-FWTTE,Yes,Month-to-month,No,Bank transfer (automatic),0,23,768
1262-OPMFY,No,Month-to-month,Yes,Bank transfer (automatic),0,9,655
1264-BYWMS,No,Month-to-month,Yes,Electronic check,0,55,"5,283"
1264-FUHCX,No,One year,No,Credit card (automatic),0,49,"2,780"
1265-BCFEO,No,Two year,No,Bank transfer (automatic),0,71,"5,662"
1265-HVPZB,No,One year,No,Credit card (automatic),0,59,"3,958"
1265-XTECC,Yes,One year,Yes,Credit card (automatic),0,68,"6,581"
1265-ZFOSD,No,Two year,No,Mailed check,0,64,"5,129"
1266-NZYUI,No,Two year,No,Bank transfer (automatic),0,72,"4,758"
1268-ASBGA,Yes,Month-to-month,Yes,Credit card (automatic),0,16,"1,375"
1269-FOYWN,No,One year,No,Bank transfer (automatic),20,44,860
1270-XKUCC,No,Two year,No,Mailed check,0,30,599
1271-SJBGZ,Yes,Month-to-month,Yes,Electronic check,0,12,526
1271-UODNO,No,Two year,No,Credit card (automatic),0,39,"2,200"
1272-ILHFG,No,One year,No,Mailed check,0,15,332
1273-MTETI,Yes,Month-to-month,Yes,Electronic check,0,4,372
1282-IHQAC,Yes,One year,No,Credit card (automatic),0,70,"3,011"
1285-OKIPP,No,Month-to-month,Yes,Electronic check,0,1,79
1291-CUOCY,No,Two year,No,Credit card (automatic),0,72,"7,962"
1293-BSEUN,No,Two year,No,Mailed check,0,72,"1,482"
1293-HHSHJ,No,One year,No,Mailed check,0,35,741
1297-VQDRP,Yes,One year,No,Credit card (automatic),0,68,"7,379"
1298-PHBTI,No,Two year,No,Electronic check,0,71,"6,152"
1299-AURJA,No,Two year,No,Bank transfer (automatic),0,70,"1,685"
1301-LOPVR,No,One year,No,Credit card (automatic),0,29,"1,636"
1302-TPUBN,No,Two year,No,Bank transfer (automatic),0,66,"1,240"
1302-UHBDD,Yes,Month-to-month,No,Electronic check,0,20,"1,648"
1303-SRDOK,No,Two year,No,Credit card (automatic),0,55,"3,842"
1304-BCCFO,No,Month-to-month,No,Mailed check,0,9,564
1304-NECVQ,Yes,Month-to-month,Yes,Electronic check,0,2,149
1304-SEGFY,No,Two year,No,Electronic check,0,72,"6,841"
1306-RPWXZ,No,Two year,No,Credit card (automatic),0,49,"1,024"
1307-ATKGB,No,Month-to-month,No,Electronic check,0,24,"2,187"
1307-TVUFB,Yes,Month-to-month,No,Bank transfer (automatic),0,42,"3,344"
1309-BXVOQ,No,Month-to-month,Yes,Electronic check,0,21,"2,249"
1309-XGFSN,Yes,One year,No,Electronic check,0,52,"4,079"
1310-QRITU,No,Month-to-month,No,Electronic check,0,18,913
1319-YLZJG,No,Month-to-month,No,Electronic check,0,12,959
1320-GVNHT,No,Two year,No,Credit card (automatic),0,72,"7,767"
1320-HTRDR,No,Month-to-month,Yes,Electronic check,0,3,220
1320-REHCS,Yes,Month-to-month,No,Electronic check,0,52,"5,832"
1322-AGOQM,No,Month-to-month,Yes,Bank transfer (automatic),0,46,"1,380"
1323-OOEPC,No,Month-to-month,Yes,Credit card (automatic),0,53,"5,149"
1324-NLTJE,Yes,Month-to-month,Yes,Credit card (automatic),55,15,757
1325-USMEC,No,Two year,No,Credit card (automatic),0,70,"6,944"
1328-EUZHC,No,Two year,No,Mailed check,0,18,370
1329-VHWNP,No,Month-to-month,No,Bank transfer (automatic),0,7,189
1333-PBMXB,No,One year,No,Bank transfer (automatic),0,54,"1,342"
1334-FJSVR,No,Month-to-month,Yes,Electronic check,0,1,24
1334-PDUKM,No,One year,No,Credit card (automatic),0,68,"5,762"
1335-HQMKX,No,One year,No,Electronic check,0,72,"7,323"
1335-MXCSE,No,Two year,No,Credit card (automatic),0,55,"3,119"
1335-NTIUC,No,Month-to-month,No,Electronic check,0,9,190
1336-EZFZY,No,Month-to-month,No,Mailed check,0,4,83
1337-BOZWO,No,One year,No,Credit card (automatic),0,18,812
1338-CECEE,No,One year,No,Bank transfer (automatic),0,41,"2,839"
1342-JPNKI,No,Month-to-month,Yes,Bank transfer (automatic),0,10,834
1343-EHPYB,No,Month-to-month,Yes,Electronic check,0,63,"6,603"
1345-GKDZZ,No,Month-to-month,No,Mailed check,0,6,128
1345-ZUKID,No,One year,No,Mailed check,0,14,324
1346-PJWTK,No,Month-to-month,No,Credit card (automatic),0,61,"5,731"
1346-UFHAX,No,Month-to-month,No,Credit card (automatic),80,13,"1,029"
1347-KTTTA,No,One year,No,Credit card (automatic),0,64,"6,654"
1349-WXNGG,No,Month-to-month,Yes,Bank transfer (automatic),0,1,20
1352-HNSAW,No,Two year,No,Bank transfer (automatic),0,72,"8,220"
1352-VHKAJ,No,Month-to-month,No,Bank transfer (automatic),0,27,"1,957"
1353-GHZOS,No,One year,No,Bank transfer (automatic),0,22,"1,374"
1353-LJWEM,No,Month-to-month,No,Electronic check,0,11,688
1354-YZFNB,No,Two year,No,Credit card (automatic),0,4,68
1355-KUSBG,No,Month-to-month,No,Electronic check,0,7,349
1356-MKYSK,No,Month-to-month,No,Credit card (automatic),0,6,483
1357-BIJKI,No,One year,No,Electronic check,0,50,"4,858"
1357-MVDOZ,No,Month-to-month,No,Bank transfer (automatic),0,11,683
1360-JYXKQ,Yes,One year,No,Electronic check,0,54,"5,437"
1360-RCYRT,No,Month-to-month,No,Bank transfer (automatic),0,23,678
1360-XFJMR,No,One year,No,Credit card (automatic),0,67,"7,344"
1363-TXLSL,Yes,Month-to-month,Yes,Electronic check,0,1,70
1370-GGAWX,No,One year,No,Electronic check,0,46,"4,408"
1371-DWPAZ,No,Two year,No,Credit card (automatic),0,0,0
1371-OJCEK,No,One year,No,Bank transfer (automatic),0,48,"1,133"
1371-WEPDS,Yes,One year,No,Electronic check,0,40,"2,283"
1373-ORVIZ,No,Month-to-month,Yes,Electronic check,0,11,740
1374-DMZUI,Yes,Month-to-month,Yes,Electronic check,0,4,424
1376-HHBDV,No,Month-to-month,No,Mailed check,0,30,"1,536"
1379-FRVEB,No,Month-to-month,No,Electronic check,91,15,"1,430"
1383-EZRWL,No,Month-to-month,Yes,Mailed check,0,7,164
1384-RCUXW,No,Month-to-month,No,Mailed check,0,16,"1,248"
1385-TQOZW,No,Month-to-month,No,Credit card (automatic),0,9,147
1386-ZIKUV,No,Month-to-month,No,Mailed check,0,7,130
1389-CXMLU,Yes,Month-to-month,Yes,Electronic check,0,3,289
1389-WNUIB,No,One year,No,Bank transfer (automatic),76,20,"1,588"
1391-UBDAR,No,Month-to-month,No,Electronic check,0,11,818
1393-IMKZG,No,Month-to-month,No,Electronic check,0,1,95
1394-SUIUH,Yes,Month-to-month,No,Electronic check,0,44,"3,670"
1395-OFUWC,No,Month-to-month,No,Credit card (automatic),0,43,"1,224"
1395-WSWXR,No,Two year,No,Mailed check,0,24,487
1396-QWFBJ,No,Month-to-month,Yes,Bank transfer (automatic),0,21,"1,565"
1397-XKKWR,No,One year,No,Mailed check,0,7,264
1399-OUPJN,No,Two year,No,Bank transfer (automatic),0,57,"1,272"
1399-UBQIU,No,Month-to-month,No,Electronic check,0,11,712
1400-MMYXY,Yes,Month-to-month,Yes,Electronic check,0,3,334
1400-WIVLL,No,Two year,No,Electronic check,0,57,"5,969"
1401-FTHFQ,No,One year,No,Credit card (automatic),20,23,445
1402-PTHGN,No,One year,No,Mailed check,0,18,"1,087"
1403-GYAFU,No,Two year,No,Credit card (automatic),0,70,"1,360"
1403-LKLIK,No,One year,No,Mailed check,0,33,579
1406-PUQVY,No,Month-to-month,No,Electronic check,0,1,49
1407-DIGZV,No,Two year,No,Mailed check,0,3,52
1409-PHXTF,Yes,Two year,No,Electronic check,0,54,"6,077"
1410-RSCMR,No,Month-to-month,No,Credit card (automatic),0,7,515
1414-YADCW,No,Two year,No,Bank transfer (automatic),0,70,"5,706"
1415-YFWLT,Yes,Month-to-month,Yes,Electronic check,0,1,89
1421-HCERK,Yes,Month-to-month,No,Bank transfer (automatic),0,30,"3,181"
1422-DGUBX,No,One year,No,Electronic check,0,32,"2,619"
1423-BMPBQ,No,Month-to-month,No,Mailed check,19,1,19
1427-VERSM,No,Month-to-month,No,Electronic check,0,56,"5,669"
1428-GTBJJ,No,Month-to-month,Yes,Electronic check,0,11,824
1428-IEDPR,No,Two year,No,Electronic check,0,52,"5,731"
1429-UYJSV,No,One year,No,Mailed check,0,12,260
1430-SFQSA,No,One year,No,Mailed check,0,29,"1,072"
1431-AIDJQ,No,Two year,No,Credit card (automatic),0,33,"2,603"
1431-CYWMH,No,Month-to-month,No,Bank transfer (automatic),0,22,454
1432-FPAXX,No,Month-to-month,Yes,Electronic check,0,29,856
1436-ZMJAN,No,Month-to-month,No,Credit card (automatic),0,10,653
1439-LCGVL,No,One year,No,Mailed check,0,26,459
1442-BQPVU,No,Month-to-month,No,Electronic check,0,13,357
1442-OKRJE,No,One year,No,Bank transfer (automatic),0,66,"7,031"
1444-VVSGW,No,One year,Yes,Credit card (automatic),0,70,"7,968"
1447-GIQMR,No,Month-to-month,Yes,Electronic check,0,1,69
1447-PJGGA,No,Two year,Yes,Electronic check,0,57,"5,464"
1448-CYWKC,No,One year,No,Credit card (automatic),0,58,"6,225"
1448-PWKYE,No,Month-to-month,Yes,Electronic check,80,1,80
1449-XQEMT,No,Month-to-month,Yes,Mailed check,0,3,58
1450-GALXR,No,Month-to-month,Yes,Electronic check,0,10,"1,058"
1450-SKCVI,No,Month-to-month,Yes,Electronic check,0,56,"4,092"
1452-KIOVK,No,Month-to-month,No,Credit card (automatic),0,22,"1,949"
1452-UZOSF,No,Two year,No,Credit card (automatic),0,72,"7,548"
1452-VOQCH,No,Month-to-month,No,Electronic check,0,1,75
1452-XRSJV,No,Month-to-month,No,Credit card (automatic),0,39,"2,066"
1453-RZFON,No,Month-to-month,No,Mailed check,0,1,49
1455-ESIQH,No,Month-to-month,Yes,Electronic check,0,1,89
1455-HFBXA,No,Two year,No,Credit card (automatic),0,52,"4,627"
1455-UGQVH,No,Month-to-month,Yes,Electronic check,0,10,"1,037"
1456-TWCGB,No,Month-to-month,No,Mailed check,0,4,208
1459-QNFQT,No,Two year,No,Bank transfer (automatic),0,70,"4,144"
1460-UZPRJ,No,Two year,No,Mailed check,0,60,"1,258"
1465-LNTLJ,Yes,Month-to-month,No,Credit card (automatic),0,8,581
1465-VINDH,No,Month-to-month,Yes,Credit card (automatic),0,10,"1,068"
1465-WCZVT,No,Month-to-month,No,Mailed check,0,3,60
1468-DEFNC,Yes,Two year,No,Bank transfer (automatic),0,64,"1,548"
1469-LBJQJ,No,Month-to-month,No,Electronic check,0,66,"6,936"
1470-PSXNM,No,One year,No,Electronic check,0,49,"4,520"
1471-GIQKQ,No,Month-to-month,No,Electronic check,0,1,49
1472-TNCWL,No,Month-to-month,No,Electronic check,0,36,"3,512"
1474-JUWSM,No,One year,No,Electronic check,0,58,"3,972"
1475-VWVDO,No,Month-to-month,No,Electronic check,0,7,490
1478-VPOAD,No,Month-to-month,No,Electronic check,0,1,43
1480-BKXGA,Yes,Two year,No,Bank transfer (automatic),0,72,"8,404"
1480-IVEVR,Yes,One year,No,Bank transfer (automatic),0,35,"2,815"
1481-ZUWZA,No,Month-to-month,Yes,Credit card (automatic),0,28,"2,659"
1482-OXZSY,No,Month-to-month,No,Bank transfer (automatic),0,30,"2,936"
1485-YDHMM,No,Month-to-month,No,Bank transfer (automatic),0,52,"4,631"
1488-PBLJN,No,Two year,No,Bank transfer (automatic),0,72,"8,477"
1488-SYSFC,No,Month-to-month,No,Electronic check,0,31,702
1492-KGETH,No,One year,No,Bank transfer (automatic),0,70,"5,445"
1492-QGCLU,No,Month-to-month,No,Electronic check,0,53,"4,616"
1493-AMTIE,No,Month-to-month,Yes,Bank transfer (automatic),0,1,20
1494-EJZDW,No,Two year,No,Mailed check,0,10,220
1496-GGSUK,Yes,Month-to-month,Yes,Mailed check,0,1,25
1498-DQNRX,No,Month-to-month,No,Mailed check,0,29,573
1498-NHTLT,No,Two year,No,Electronic check,0,59,"5,186"
1501-SGHBW,No,Month-to-month,Yes,Mailed check,0,2,81
1502-XFCVR,No,One year,Yes,Electronic check,0,58,"6,145"
1506-YJTYT,No,Two year,No,Credit card (automatic),0,45,"3,371"
1508-DFXCU,No,Month-to-month,No,Electronic check,0,12,912
1513-XNPPH,No,Month-to-month,Yes,Electronic check,0,12,"1,095"
1518-OMDIK,No,Month-to-month,No,Credit card (automatic),0,33,"1,462"
1518-VOWAV,No,Month-to-month,Yes,Electronic check,0,9,703
1522-VVDMG,No,Month-to-month,Yes,Electronic check,0,7,608
1525-LNLOJ,No,Two year,No,Bank transfer (automatic),0,66,"4,189"
1527-SXDPN,No,Two year,Yes,Bank transfer (automatic),0,52,"4,990"
1530-ZTDOZ,No,Month-to-month,No,Bank transfer (automatic),0,49,"2,070"
1534-OULXE,No,One year,No,Bank transfer (automatic),0,61,"2,961"
1535-VTJOQ,No,Two year,No,Credit card (automatic),0,24,553
1536-HBSWP,No,Month-to-month,No,Electronic check,0,1,49
1536-YHDOE,No,One year,No,Mailed check,0,17,"1,096"
1539-LNKHM,No,Month-to-month,No,Mailed check,0,12,266
1541-ETJZO,No,Month-to-month,Yes,Mailed check,0,1,62
1543-LLLFT,Yes,One year,No,Mailed check,0,61,"6,066"
1544-JJMYL,No,One year,No,Credit card (automatic),0,27,"1,927"
1545-ACTAS,No,One year,No,Bank transfer (automatic),0,48,"4,977"
1545-JFUML,No,Two year,No,Electronic check,99,71,"6,994"
1548-ARAGG,No,Month-to-month,No,Mailed check,0,4,224
1548-FEHVL,No,Month-to-month,No,Electronic check,0,61,"6,375"
1550-EENBN,No,Month-to-month,No,Electronic check,0,31,"3,205"
1550-LOAHA,No,Month-to-month,Yes,Bank transfer (automatic),0,32,"2,585"
1552-AAGRX,No,Month-to-month,No,Bank transfer (automatic),0,30,"3,211"
1552-CZCLL,No,Month-to-month,No,Credit card (automatic),20,55,"1,087"
1552-TKMXS,No,Month-to-month,No,Credit card (automatic),0,42,869
1555-DJEQW,No,Two year,Yes,Bank transfer (automatic),0,70,"7,723"
1555-HAPSU,No,Two year,No,Credit card (automatic),0,71,"1,663"
1557-EMYVT,No,Two year,No,Credit card (automatic),0,43,"4,895"
1559-DTODC,No,Month-to-month,No,Bank transfer (automatic),0,19,468
1561-BWHIN,No,One year,No,Mailed check,0,19,344
1563-IWQEX,No,Month-to-month,No,Mailed check,0,12,220
1564-HJUVY,No,Month-to-month,No,Bank transfer (automatic),0,4,226
1564-NTYXF,Yes,Month-to-month,Yes,Electronic check,82,13,"1,127"
1565-RHDJD,No,Month-to-month,Yes,Bank transfer (automatic),0,4,333
1567-DSCIC,No,Month-to-month,Yes,Electronic check,94,8,773
1568-BEKZM,Yes,Two year,No,Credit card (automatic),0,70,"6,333"
1568-LJSZU,No,Two year,No,Credit card (automatic),0,68,"6,392"
1569-TTNYJ,No,Month-to-month,Yes,Electronic check,0,5,412
1571-SAVHK,No,Month-to-month,Yes,Mailed check,0,12,"1,132"
1573-LGXBA,No,One year,No,Credit card (automatic),0,57,"5,598"
1574-DYCWE,No,Two year,No,Mailed check,0,51,"1,028"
1575-KRZZE,No,Month-to-month,No,Electronic check,0,4,220
1576-PFZIW,Yes,Two year,No,Credit card (automatic),0,70,"7,511"
1577-HKTFG,No,Month-to-month,Yes,Bank transfer (automatic),0,30,655
1579-KLYDT,No,Month-to-month,Yes,Electronic check,0,7,593
1580-BMCMR,Yes,Month-to-month,No,Electronic check,0,19,"1,637"
1582-RAFML,No,Month-to-month,Yes,Mailed check,0,1,60
1583-IHQZE,No,Month-to-month,Yes,Mailed check,0,12,"1,384"
1585-MQSSU,No,Month-to-month,Yes,Mailed check,0,17,900
1587-FKLZB,Yes,Month-to-month,Yes,Credit card (automatic),0,66,"6,822"
1589-AGTLK,No,Month-to-month,Yes,Electronic check,0,3,141
1591-MQJTP,Yes,One year,No,Bank transfer (automatic),0,51,"4,839"
1591-NFNLQ,No,Month-to-month,Yes,Credit card (automatic),80,51,"4,242"
1591-XWLGB,No,Two year,No,Credit card (automatic),0,71,"1,379"
1596-BBVTG,No,Month-to-month,Yes,Credit card (automatic),0,35,"2,636"
1596-OQSPS,No,Month-to-month,No,Electronic check,0,11,531
1597-FZREH,No,Month-to-month,Yes,Electronic check,0,2,160
1597-LHYNC,Yes,Month-to-month,Yes,Electronic check,95,26,"2,497"
1599-EAHXY,No,One year,No,Credit card (automatic),0,60,"1,506"
1599-MMYRQ,No,One year,No,Credit card (automatic),0,62,"4,983"
1600-DILPE,No,Month-to-month,No,Bank transfer (automatic),45,12,524
1602-IJQQE,No,Month-to-month,Yes,Electronic check,0,4,338
1608-GMEWB,Yes,Month-to-month,No,Bank transfer (automatic),0,45,"4,200"
1612-EOHDH,No,Month-to-month,Yes,Electronic check,0,1,45
1614-JBEBI,No,Month-to-month,No,Mailed check,0,8,137
1618-CFHME,No,Month-to-month,Yes,Electronic check,0,2,143
1619-YWUBB,No,Two year,No,Credit card (automatic),0,68,"1,614"
1621-YNCJH,No,Two year,No,Credit card (automatic),0,36,"3,834"
1622-HSHSF,No,Month-to-month,No,Mailed check,0,1,19
1623-NLDOT,No,One year,Yes,Mailed check,0,42,"1,445"
1624-NALOJ,Yes,Month-to-month,Yes,Electronic check,0,5,502
1624-WOIWJ,No,Month-to-month,Yes,Mailed check,0,10,832
1625-JAIIY,No,One year,Yes,Electronic check,83,68,"5,685"
1626-ERCMM,Yes,Month-to-month,Yes,Electronic check,0,20,"1,899"
1627-AFWVJ,No,Two year,No,Mailed check,0,29,554
1628-BIZYP,No,Month-to-month,No,Electronic check,85,1,85
1629-DQQVB,No,Month-to-month,No,Bank transfer (automatic),0,14,709
1635-FJFCC,No,Month-to-month,No,Credit card (automatic),0,5,202
1635-HDGFT,No,Two year,No,Mailed check,0,19,398
1635-NZATJ,Yes,Two year,No,Credit card (automatic),0,71,"1,789"
1636-NTNCO,Yes,Month-to-month,No,Credit card (automatic),0,4,207
1640-PLFMP,No,Month-to-month,No,Electronic check,0,1,70
1641-BYBTK,No,Month-to-month,No,Mailed check,0,6,98
1641-RQDAY,Yes,Month-to-month,No,Electronic check,0,32,"3,217"
1642-HMARX,No,Two year,No,Electronic check,0,68,"6,424"
1644-IRKSF,No,One year,Yes,Electronic check,0,33,"3,124"
1656-DRSMG,No,Month-to-month,No,Credit card (automatic),0,63,"7,002"
1657-DYMBM,No,Two year,No,Credit card (automatic),0,53,"1,110"
1658-BYGOY,Yes,Month-to-month,Yes,Electronic check,0,18,"1,752"
1658-TJVOA,Yes,Month-to-month,No,Electronic check,0,6,450
1658-XUHBX,Yes,Month-to-month,No,Credit card (automatic),0,59,"5,348"
1660-HSOOQ,No,Month-to-month,Yes,Mailed check,0,1,49
1661-CZBAU,No,One year,No,Bank transfer (automatic),0,48,"3,629"
1663-MHLHE,No,Month-to-month,No,Mailed check,0,1,19
1666-JXLKU,No,Month-to-month,No,Electronic check,0,37,"3,810"
1666-JZPZT,No,Month-to-month,No,Mailed check,49,27,"1,291"
1670-SVOWZ,No,Month-to-month,Yes,Credit card (automatic),0,14,"1,208"
1676-MQAOA,No,Two year,No,Bank transfer (automatic),0,72,"5,336"
1678-FYZOW,No,Month-to-month,Yes,Electronic check,0,3,244
1679-JRFBR,No,One year,No,Credit card (automatic),0,70,"7,930"
1680-VDCWW,No,One year,No,Bank transfer (automatic),0,12,202
1682-VCOIO,No,One year,No,Mailed check,0,23,481
1684-FLBGS,No,Month-to-month,No,Credit card (automatic),0,23,"1,652"
1685-BQULA,No,Month-to-month,No,Bank transfer (automatic),0,40,"3,756"
1685-VAYJF,No,Month-to-month,No,Credit card (automatic),0,11,492
1686-STUHN,No,One year,No,Bank transfer (automatic),0,42,849
1689-MRZQR,No,Month-to-month,Yes,Electronic check,0,34,"2,564"
1689-YQBYY,No,Month-to-month,No,Electronic check,0,12,893
1696-HXOWK,No,One year,No,Mailed check,0,71,"6,856"
1696-MZVAU,No,One year,No,Credit card (automatic),0,39,947
1697-BCSHV,No,Month-to-month,No,Bank transfer (automatic),0,58,"3,970"
1697-LYYYX,No,One year,No,Credit card (automatic),0,61,"1,143"
1697-NVVGY,Yes,Month-to-month,No,Bank transfer (automatic),0,19,"1,286"
1698-XFZCI,No,One year,No,Electronic check,0,61,"6,521"
1699-HPSBG,No,One year,Yes,Electronic check,0,12,727
1699-TLDLZ,No,Two year,No,Mailed check,0,16,301
1699-UOTXU,No,Two year,No,Electronic check,0,60,"3,638"
1702-CCFNJ,No,Month-to-month,No,Bank transfer (automatic),0,52,"3,169"
1703-MGIAB,No,Month-to-month,No,Mailed check,69,17,"1,108"
1704-NRWYE,Yes,Month-to-month,Yes,Electronic check,0,9,751
1705-GUHPV,No,Two year,No,Mailed check,0,63,"1,618"
1707-HABPF,Yes,One year,No,Bank transfer (automatic),0,46,"4,126"
1708-PBBOA,No,One year,No,Electronic check,0,42,"2,348"
1709-EJDOX,No,Two year,No,Mailed check,0,47,948
1710-RCXUS,No,One year,No,Credit card (automatic),0,51,"4,614"
1716-LSAMB,No,Two year,No,Bank transfer (automatic),0,45,"2,553"
1722-LDZJS,No,One year,No,Credit card (automatic),0,53,"1,068"
1723-HKXJQ,No,Month-to-month,Yes,Electronic check,0,42,"4,273"
1724-BQUHA,Yes,Month-to-month,Yes,Electronic check,0,5,477
1724-IQWNM,No,Month-to-month,No,Mailed check,0,1,19
1725-IQNIY,No,Two year,Yes,Bank transfer (automatic),0,54,"6,110"
1725-MIMXW,No,Month-to-month,Yes,Mailed check,0,1,19
1728-BQDMA,No,Month-to-month,No,Electronic check,0,2,82
1728-CXQBE,Yes,Month-to-month,No,Electronic check,0,64,"6,081"
1729-VLAZJ,No,One year,No,Mailed check,0,10,411
1730-VFMWO,No,Month-to-month,No,Bank transfer (automatic),0,34,"1,815"
1730-ZMAME,Yes,Month-to-month,No,Electronic check,0,32,"2,665"
1731-TVIUK,No,Month-to-month,Yes,Electronic check,0,4,362
1732-FEKLD,No,One year,No,Bank transfer (automatic),0,54,"5,121"
1732-VHUBQ,Yes,Month-to-month,Yes,Bank transfer (automatic),0,47,"3,309"
1734-ZMNTZ,No,Two year,No,Mailed check,25,11,300
1735-XMJVH,No,Month-to-month,No,Mailed check,0,8,152
1740-CSDJP,No,Month-to-month,Yes,Bank transfer (automatic),0,1,35
1741-WTPON,No,Two year,No,Mailed check,0,56,"6,567"
1744-JHKYS,No,Month-to-month,No,Electronic check,0,34,780
1746-TGTWV,No,Month-to-month,No,Credit card (automatic),0,1,75
1750-CSKKM,No,Month-to-month,Yes,Electronic check,0,9,449
1751-NCDLI,Yes,Month-to-month,No,Electronic check,0,46,"4,564"
1752-OZXFY,No,One year,No,Mailed check,0,60,"3,561"
1754-GKYPY,Yes,Month-to-month,No,Bank transfer (automatic),0,22,"1,938"
1755-FZQEC,No,One year,No,Mailed check,0,39,791
1755-RMCXH,No,Month-to-month,No,Mailed check,0,2,40
1757-TCATG,No,One year,No,Bank transfer (automatic),0,35,746
1760-CAZHT,No,Month-to-month,No,Mailed check,0,25,460
1761-AEZZR,No,Month-to-month,Yes,Electronic check,0,1,79
1763-KUAAW,Yes,One year,No,Bank transfer (automatic),0,18,369
1763-WQFUK,No,Month-to-month,No,Mailed check,0,3,147
1764-VUUMT,No,Two year,No,Credit card (automatic),0,66,"1,269"
1766-GKNMI,No,Month-to-month,No,Electronic check,0,29,"2,516"
1767-CJKBA,No,Two year,No,Mailed check,0,66,"1,697"
1767-TGTKO,No,Month-to-month,No,Electronic check,0,8,411
1768-HNVGJ,Yes,Month-to-month,No,Electronic check,0,45,"3,062"
1768-ZAIFU,Yes,Month-to-month,Yes,Electronic check,0,1,25
1769-GRUIK,No,Month-to-month,No,Electronic check,0,18,"1,247"
1771-OADNZ,Yes,Month-to-month,Yes,Electronic check,0,29,"2,745"
1775-KWJKQ,No,Two year,No,Credit card (automatic),0,72,"6,562"
1776-SPBWV,No,One year,No,Bank transfer (automatic),0,34,682
1777-JYQPJ,No,Month-to-month,No,Mailed check,0,2,38
1779-PWPMG,Yes,Two year,No,Bank transfer (automatic),0,72,"8,333"
1784-BXEFA,No,Month-to-month,No,Mailed check,0,10,187
1784-EZDKJ,No,One year,No,Bank transfer (automatic),0,51,"5,498"
1785-BPHTP,No,Month-to-month,No,Electronic check,0,28,"2,289"
1790-NESIO,No,Two year,No,Mailed check,0,13,261
1791-PQHBB,No,Month-to-month,No,Credit card (automatic),0,2,125
1792-UXAFY,Yes,Month-to-month,Yes,Electronic check,0,17,"1,496"
1794-HBQTJ,No,Month-to-month,Yes,Credit card (automatic),0,1,48
1794-SWWKL,No,Month-to-month,No,Bank transfer (automatic),0,15,867
1796-JANOW,No,Month-to-month,No,Mailed check,0,2,38
1803-BGNBD,No,Month-to-month,No,Electronic check,0,12,654
1809-DMJHQ,No,Month-to-month,Yes,Mailed check,46,5,221
1810-BOHSY,No,One year,No,Credit card (automatic),0,51,"4,911"
1810-MVMAI,No,Month-to-month,No,Electronic check,0,30,"2,000"
1813-JLKWR,No,One year,No,Bank transfer (automatic),0,64,"1,336"
1813-JYWTO,No,Two year,No,Bank transfer (automatic),0,72,"5,737"
1814-DKOLC,No,Month-to-month,No,Mailed check,0,5,134
1814-WFGVS,No,Two year,No,Mailed check,0,72,"3,527"
1816-FLZDK,No,Month-to-month,No,Mailed check,0,1,29
1818-ESQMW,No,Month-to-month,No,Electronic check,0,27,"2,383"
1820-DJFPH,No,Two year,No,Bank transfer (automatic),0,72,"1,709"
1820-TQVEV,No,Month-to-month,Yes,Electronic check,0,1,69
1821-BUCWY,No,Two year,No,Mailed check,0,30,"1,653"
1830-GGFNM,No,Two year,No,Credit card (automatic),0,65,"6,078"
1830-IPXVJ,No,Two year,No,Credit card (automatic),0,61,"1,311"
1832-PEUTS,No,Two year,No,Credit card (automatic),0,62,"5,411"
1833-TCXKK,No,Month-to-month,No,Bank transfer (automatic),0,45,"4,882"
1833-VGRUM,Yes,Month-to-month,Yes,Electronic check,0,1,74
1834-ABKHQ,No,One year,No,Bank transfer (automatic),0,52,"2,610"
1834-WULEG,No,One year,No,Mailed check,0,24,439
1837-YQUCE,No,Two year,No,Bank transfer (automatic),0,70,"4,214"
1839-FBNFR,No,Two year,No,Bank transfer (automatic),0,39,854
1839-UMACK,No,One year,No,Electronic check,0,42,949
1840-BIUOG,No,One year,No,Electronic check,0,20,"1,416"
1841-YSJGV,No,Two year,No,Credit card (automatic),0,72,"7,852"
1842-EZJMK,No,Month-to-month,Yes,Electronic check,0,50,"5,071"
1843-TLSGD,No,Two year,No,Mailed check,0,13,272
1845-CSBRZ,Yes,Month-to-month,No,Bank transfer (automatic),0,22,"1,961"
1845-ZLLIG,No,Month-to-month,No,Mailed check,0,1,50
1846-XWOQN,Yes,Month-to-month,Yes,Electronic check,0,1,70
1848-LBZHY,No,Month-to-month,No,Bank transfer (automatic),0,7,355
1849-RJYIG,No,Month-to-month,No,Electronic check,60,8,487
1850-AKQEP,No,Month-to-month,No,Mailed check,0,8,178
1852-QSWCD,No,Two year,No,Mailed check,0,64,"1,514"
1852-XEMDW,No,Month-to-month,No,Mailed check,0,22,"1,427"
1853-ARAAQ,No,Month-to-month,No,Credit card (automatic),0,26,"1,277"
1853-UDXBW,No,Month-to-month,Yes,Electronic check,70,1,70
1855-AGAWH,No,One year,No,Electronic check,0,31,"2,939"
1855-CFULU,Yes,Month-to-month,No,Mailed check,0,4,91
1862-QRWPE,No,Two year,No,Bank transfer (automatic),0,48,"1,057"
1862-SKORY,Yes,Month-to-month,Yes,Electronic check,0,40,"1,637"
1866-DIOQZ,No,One year,No,Bank transfer (automatic),0,71,"4,689"
1866-NXPSP,No,One year,No,Mailed check,0,36,"2,680"
1866-OBPNR,No,Month-to-month,No,Credit card (automatic),0,1,74
1866-RZZQS,Yes,Month-to-month,Yes,Electronic check,0,41,"4,187"
1866-ZSLJM,No,Month-to-month,No,Credit card (automatic),0,21,402
1867-BDVFH,No,Month-to-month,Yes,Electronic check,0,11,834
1867-TJHTS,No,Month-to-month,No,Bank transfer (automatic),0,58,"4,526"
1871-MOWRM,No,Month-to-month,Yes,Bank transfer (automatic),0,12,866
1872-EBWSC,No,One year,No,Mailed check,0,29,617
1875-QIVME,No,Month-to-month,Yes,Electronic check,0,2,242
1877-HKBQX,No,One year,No,Mailed check,0,11,617
1891-FZYSA,Yes,Month-to-month,Yes,Electronic check,0,69,"6,143"
1891-QRQSA,Yes,Two year,No,Bank transfer (automatic),0,64,"7,099"
1891-UAWWU,Yes,Month-to-month,Yes,Electronic check,0,20,"1,951"
1894-IGFSG,No,Month-to-month,Yes,Electronic check,0,22,"1,907"
1895-QTKDO,No,Month-to-month,No,Credit card (automatic),0,1,43
1897-OKVMW,No,Two year,No,Mailed check,0,64,"5,817"
1897-RCFUM,No,One year,No,Mailed check,0,39,914
1898-JSNDC,No,One year,No,Credit card (automatic),0,39,"2,224"
1899-VXWXM,No,One year,Yes,Credit card (automatic),0,48,"5,082"
1902-XBTFB,No,Month-to-month,Yes,Electronic check,0,22,"2,001"
1904-WAJAA,No,Two year,No,Electronic check,0,24,"1,558"
1905-OEILC,No,Month-to-month,No,Mailed check,0,1,19
1907-UBQFC,Yes,Month-to-month,Yes,Electronic check,0,10,688
1907-YLNYW,No,Month-to-month,No,Electronic check,0,8,579
1910-FMXJM,No,Month-to-month,No,Electronic check,0,36,"2,937"
1915-IOFGU,No,Month-to-month,Yes,Electronic check,0,1,70
1915-OAKWD,No,One year,No,Bank transfer (automatic),0,16,360
1918-ZBFQJ,No,Month-to-month,Yes,Electronic check,0,13,"1,111"
1919-RTPQD,No,Month-to-month,No,Electronic check,0,7,333
1921-KYSAY,No,One year,No,Electronic check,0,41,"2,877"
1925-GMVBW,No,Month-to-month,No,Credit card (automatic),0,5,96
1925-LFCZZ,Yes,One year,No,Bank transfer (automatic),0,55,"2,743"
1925-TIBLE,No,Month-to-month,Yes,Electronic check,0,7,582
1926-QUZNN,No,Two year,No,Bank transfer (automatic),0,72,"1,841"
1927-QEWMY,No,Two year,No,Credit card (automatic),0,72,"1,502"
1928-BXYIV,No,Month-to-month,No,Electronic check,0,1,61
1929-ZCBHE,No,One year,No,Electronic check,0,47,"1,794"
1930-BZLHI,No,One year,No,Mailed check,0,21,422
1930-QPBVZ,No,Two year,No,Bank transfer (automatic),0,68,"6,683"
1930-WNXSB,No,Month-to-month,No,Electronic check,0,58,"5,305"
1932-UEDCX,Yes,Month-to-month,No,Bank transfer (automatic),0,33,"3,270"
1934-MKPXS,No,One year,No,Credit card (automatic),0,33,620
1934-SJVJK,No,Month-to-month,Yes,Mailed check,0,1,20
1935-IMVBB,No,Month-to-month,No,Mailed check,0,56,"4,952"
1936-CZAKF,No,Two year,No,Credit card (automatic),0,49,"2,409"
1936-UAFEH,No,Two year,No,Credit card (automatic),0,68,"7,279"
1937-OTUKY,No,Two year,No,Bank transfer (automatic),0,72,"7,015"
1941-HOSAM,No,Month-to-month,No,Electronic check,0,1,90
1942-OQFRW,No,Month-to-month,No,Electronic check,44,1,44
1945-XISKS,No,Two year,No,Mailed check,0,67,"1,335"
1950-KSVVJ,No,One year,No,Mailed check,0,45,"5,032"
1951-IEYXM,No,Two year,No,Credit card (automatic),0,72,"6,441"
1952-DVVSW,No,One year,No,Mailed check,0,10,184
1955-IBMMB,No,Two year,No,Bank transfer (automatic),0,59,"1,192"
1956-YIFGE,No,One year,No,Mailed check,0,22,"2,090"
1958-RNRKS,No,Month-to-month,No,Electronic check,0,30,"1,441"
1960-UOTYM,No,Two year,No,Electronic check,0,52,"4,016"
1960-UYCNN,No,Month-to-month,No,Electronic check,0,10,"1,021"
1963-SVUCV,No,Month-to-month,Yes,Electronic check,0,1,45
1963-VAUKV,No,Month-to-month,Yes,Mailed check,0,1,20
1964-SVLEA,No,One year,No,Mailed check,0,20,415
1965-AKTSX,Yes,Month-to-month,Yes,Electronic check,0,14,"1,101"
1965-DDBWU,No,Month-to-month,Yes,Credit card (automatic),0,16,"1,448"
1970-KKFWL,No,Two year,No,Bank transfer (automatic),0,35,797
1971-DTCZB,No,Two year,No,Bank transfer (automatic),0,72,"6,468"
1972-XMUWV,No,Two year,No,Credit card (automatic),0,65,"3,808"
1976-AZZPJ,No,Month-to-month,No,Mailed check,0,7,256
1976-CFOCS,Yes,Month-to-month,Yes,Electronic check,46,1,46
1977-STDKI,Yes,Month-to-month,Yes,Electronic check,73,1,73
1980-KXVPM,Yes,Month-to-month,Yes,Credit card (automatic),0,3,256
1981-INRFU,No,Month-to-month,Yes,Electronic check,0,2,164
1982-FEBTD,No,Two year,No,Credit card (automatic),0,23,514
1984-FCOWB,No,One year,Yes,Electronic check,0,70,"7,674"
1984-GPTEH,No,Month-to-month,No,Electronic check,0,29,702
1985-MBRYP,No,Two year,No,Bank transfer (automatic),0,43,779
1986-PHGZF,Yes,Month-to-month,No,Credit card (automatic),0,18,964
1987-AUELQ,No,Two year,No,Credit card (automatic),0,71,"1,873"
1989-PRJHP,Yes,Month-to-month,Yes,Electronic check,0,27,"1,893"
1991-VOPLL,No,Month-to-month,No,Mailed check,0,9,157
1996-DBMUS,Yes,Month-to-month,No,Bank transfer (automatic),0,48,"3,545"
1998-VHJHK,No,One year,No,Mailed check,0,27,501
2000-DHJUY,Yes,Two year,No,Bank transfer (automatic),0,70,"6,474"
2000-MPKCA,No,One year,No,Electronic check,0,58,"6,332"
2001-EWBQU,No,Two year,No,Electronic check,0,60,"6,333"
2001-MCUUW,No,Two year,No,Electronic check,0,46,"4,903"
2002-MZHWP,No,Month-to-month,Yes,Mailed check,0,1,20
2003-CKLOR,No,Month-to-month,Yes,Electronic check,0,66,"6,710"
2004-OCQXK,No,Month-to-month,Yes,Electronic check,0,1,81
2005-DWQZJ,No,Two year,No,Mailed check,0,8,201
2007-QVGAW,No,Two year,No,Bank transfer (automatic),0,68,"1,292"
2011-TRQYE,No,Month-to-month,Yes,Credit card (automatic),0,18,600
2012-NWRPA,Yes,Month-to-month,Yes,Electronic check,0,11,"1,131"
2013-SGDXK,No,Month-to-month,Yes,Electronic check,0,1,84
2014-MKGMH,No,One year,No,Electronic check,0,46,"4,674"
2017-CCBLH,No,Two year,No,Mailed check,20,8,141
2018-PZKMU,No,Month-to-month,No,Electronic check,0,9,970
2018-QKYGT,No,Month-to-month,No,Electronic check,0,1,81
2019-HDCZY,No,Two year,No,Electronic check,0,63,"6,296"
2023-VQFDL,No,Month-to-month,No,Electronic check,19,18,348
2024-BASKD,No,Month-to-month,Yes,Mailed check,0,1,74
2025-JKFWI,No,Month-to-month,Yes,Mailed check,99,13,"1,301"
2026-TGDHM,No,Month-to-month,Yes,Electronic check,0,7,523
2027-CWDNU,No,Month-to-month,No,Electronic check,0,18,"1,601"
2027-DNKIV,No,One year,No,Mailed check,0,37,"2,203"
2027-FECZV,No,Month-to-month,Yes,Electronic check,0,12,"1,253"
2027-OAQQC,No,Month-to-month,Yes,Bank transfer (automatic),0,43,"2,076"
2027-WKXMW,No,Month-to-month,No,Electronic check,0,63,"6,871"
2030-BTZRO,No,Two year,No,Credit card (automatic),0,6,107
2034-CGRHZ,Yes,Month-to-month,Yes,Credit card (automatic),0,24,"2,496"
2034-GDRCN,No,Month-to-month,Yes,Electronic check,0,2,168
2037-SGXHH,No,Month-to-month,Yes,Electronic check,0,38,"3,624"
2037-XJFUP,No,One year,Yes,Electronic check,0,33,"3,036"
2038-LLMLM,No,Month-to-month,No,Electronic check,0,48,"4,946"
2038-OEQZH,No,Month-to-month,No,Electronic check,0,4,308
2038-YSEZE,No,Month-to-month,No,Mailed check,0,29,"1,801"
2039-JONDJ,No,One year,No,Bank transfer (automatic),0,27,"1,477"
2040-LDIWQ,No,Two year,No,Bank transfer (automatic),0,65,"5,324"
2040-OBMLJ,No,One year,No,Credit card (automatic),0,31,"2,548"
2040-VZIKE,No,Month-to-month,No,Mailed check,0,49,"4,847"
2040-XBAVJ,No,Two year,No,Bank transfer (automatic),0,72,"8,100"
2041-JIJCI,No,Month-to-month,No,Electronic check,64,5,370
2043-WVTQJ,No,Month-to-month,No,Mailed check,0,1,55
2045-BMBTJ,Yes,Month-to-month,No,Bank transfer (automatic),0,33,"1,884"
2049-BAFNW,No,Month-to-month,No,Mailed check,0,1,35
2050-ONYDQ,No,Two year,No,Credit card (automatic),26,65,"1,654"
2054-PJOCK,No,One year,No,Credit card (automatic),0,60,"4,847"
2055-BFOCC,Yes,One year,No,Bank transfer (automatic),84,63,"5,329"
2055-PDADH,Yes,Month-to-month,Yes,Electronic check,0,3,204
2055-SIFSS,Yes,Month-to-month,No,Bank transfer (automatic),0,55,"2,838"
2056-EVGZL,No,One year,No,Credit card (automatic),0,68,"7,322"
2057-BOYKM,Yes,Two year,No,Bank transfer (automatic),0,72,"6,827"
2057-ZBLPD,No,Month-to-month,Yes,Electronic check,0,21,"1,808"
2058-DCJBE,No,Month-to-month,Yes,Electronic check,0,5,324
2061-VVFST,No,Month-to-month,No,Bank transfer (automatic),0,37,805
2065-MMKGR,No,One year,No,Credit card (automatic),71,29,"2,080"
2067-QYTCF,No,Month-to-month,No,Electronic check,0,64,"6,953"
2068-WWXQZ,No,Two year,No,Bank transfer (automatic),0,46,902
2070-FNEXE,Yes,Month-to-month,Yes,Bank transfer (automatic),0,7,503
2070-XYMFH,Yes,Month-to-month,No,Mailed check,0,23,"1,835"
2072-ZVJJX,No,Two year,No,Bank transfer (automatic),0,68,"1,728"
2073-QBVBI,No,One year,No,Mailed check,0,41,"1,391"
2074-GKOWZ,No,Month-to-month,Yes,Bank transfer (automatic),0,2,185
2074-GUHPQ,No,Month-to-month,No,Credit card (automatic),0,17,"1,556"
2075-PUEPR,No,Two year,No,Bank transfer (automatic),0,55,"1,153"
2075-RMJIK,No,Month-to-month,No,Mailed check,0,5,232
2077-DDHJK,No,Two year,No,Credit card (automatic),0,68,"4,911"
2077-MPJQO,Yes,Month-to-month,No,Electronic check,0,7,533
2079-FBMZK,No,Month-to-month,Yes,Mailed check,0,6,418
2080-CAZNM,Yes,Month-to-month,No,Electronic check,0,41,"4,133"
2080-GKCWQ,No,Month-to-month,No,Electronic check,0,2,151
2080-SRCDE,No,Month-to-month,No,Mailed check,0,1,25
2081-KJSQF,No,Month-to-month,No,Mailed check,0,1,20
2081-VEYEH,No,Month-to-month,No,Electronic check,0,3,318
2082-CEFLT,No,Month-to-month,Yes,Electronic check,0,1,45
2082-OJVTK,No,Month-to-month,Yes,Electronic check,0,29,"2,698"
2085-BOJKI,No,One year,No,Bank transfer (automatic),0,17,"1,588"
2085-JVGAD,No,Month-to-month,No,Bank transfer (automatic),0,37,697
2087-QAREY,No,Month-to-month,No,Mailed check,0,22,"1,178"
2088-IEBAU,No,Two year,No,Electronic check,0,68,"6,148"
2091-GPPIQ,No,Two year,No,Electronic check,0,72,"5,730"
2091-MJTFX,No,Month-to-month,Yes,Credit card (automatic),0,30,"1,561"
2091-RFFBA,Yes,Month-to-month,Yes,Electronic check,0,31,"2,217"
2096-XOTMO,No,Month-to-month,No,Mailed check,0,16,275
2097-YVPKN,No,Two year,No,Mailed check,0,65,"1,654"
2100-BDNSN,No,Month-to-month,Yes,Bank transfer (automatic),0,5,350
2101-RANCD,No,Month-to-month,No,Electronic check,0,55,"4,144"
2103-ZRXFN,No,Month-to-month,No,Mailed check,0,1,50
2105-PHWON,No,Month-to-month,No,Credit card (automatic),95,33,"3,008"
2107-FBPTK,Yes,Month-to-month,No,Electronic check,0,30,"3,121"
2108-GLPQB,No,Month-to-month,No,Credit card (automatic),0,25,"1,405"
2108-XWMPY,No,Month-to-month,Yes,Mailed check,0,3,106
2108-YKQTY,No,Month-to-month,Yes,Credit card (automatic),0,4,151
2111-DWYHN,No,Month-to-month,No,Mailed check,0,1,21
2114-MGINA,No,Month-to-month,Yes,Mailed check,0,14,"1,129"
2115-BFTIW,No,Month-to-month,Yes,Mailed check,0,25,"1,767"
2120-SMPEX,No,Month-to-month,No,Mailed check,0,25,536
2121-JAFOM,No,Two year,No,Credit card (automatic),0,72,"8,312"
2122-SZZZD,No,One year,No,Credit card (automatic),0,44,835
2122-YWVYA,No,Month-to-month,No,Electronic check,0,18,"1,380"
2123-AGEEN,Yes,Month-to-month,No,Electronic check,0,7,609
2123-VSCOT,No,Two year,No,Bank transfer (automatic),0,59,"4,194"
2126-GSEGL,No,Two year,No,Bank transfer (automatic),0,70,"5,917"
2129-ALKBS,No,Month-to-month,No,Electronic check,0,40,"1,077"
2133-TSRRM,No,Month-to-month,No,Bank transfer (automatic),0,34,"3,688"
2135-DQWAQ,No,Month-to-month,No,Mailed check,0,5,420
2135-RXIHG,No,Month-to-month,Yes,Electronic check,0,1,45
2137-DQMEV,No,One year,No,Mailed check,0,68,"2,983"
2138-VFAPZ,No,Two year,No,Mailed check,0,14,263
2139-FQHLM,No,Month-to-month,No,Mailed check,0,19,"1,682"
2141-RRYGO,No,Month-to-month,Yes,Bank transfer (automatic),0,4,261
2143-LJULT,No,Two year,No,Credit card (automatic),0,67,"1,733"
2144-BFDSO,Yes,Month-to-month,No,Bank transfer (automatic),0,50,"5,431"
2144-ESWKO,No,One year,No,Credit card (automatic),0,43,"1,463"
2146-EGVDT,No,Two year,No,Credit card (automatic),0,59,"1,192"
2150-OEGBV,No,One year,No,Bank transfer (automatic),0,27,562
2150-UWTFY,No,Month-to-month,Yes,Mailed check,0,22,"1,422"
2150-WLKUW,No,One year,No,Bank transfer (automatic),0,40,"2,635"
2153-MREFK,No,One year,Yes,Electronic check,0,37,"3,754"
2154-KVJFF,No,Month-to-month,Yes,Electronic check,0,15,"1,111"
2155-AMQRX,No,Month-to-month,No,Credit card (automatic),0,28,"1,505"
2157-MXBJS,No,One year,Yes,Mailed check,0,13,989
2159-TURXX,No,Month-to-month,No,Credit card (automatic),0,5,95
2160-GPFXD,No,Two year,No,Credit card (automatic),0,54,"3,566"
2162-FRZAA,No,Two year,No,Bank transfer (automatic),0,63,"2,395"
2164-SOQXL,No,Month-to-month,No,Mailed check,0,20,406
2165-VOEGB,No,One year,Yes,Bank transfer (automatic),0,46,"4,822"
2167-FQSTQ,No,Two year,No,Electronic check,0,72,"6,786"
2169-RRLFW,No,Two year,No,Credit card (automatic),0,71,"1,888"
2171-UDMFD,No,Month-to-month,No,Credit card (automatic),0,32,674
2172-EJXVF,Yes,One year,No,Electronic check,0,71,"7,521"
2176-LVPNX,Yes,Two year,No,Mailed check,0,71,"6,293"
2176-OSJUV,No,Two year,No,Bank transfer (automatic),0,71,"4,681"
2178-PMGCJ,No,Month-to-month,No,Mailed check,0,22,"1,490"
2180-DXNEG,No,Month-to-month,Yes,Electronic check,96,12,"1,062"
2181-TIDSV,No,Two year,No,Bank transfer (automatic),0,68,"1,303"
2181-UAESM,No,Month-to-month,No,Electronic check,0,2,119
2186-QZEYA,Yes,Month-to-month,No,Bank transfer (automatic),0,29,"1,718"
2187-LZGPL,No,Month-to-month,Yes,Credit card (automatic),0,7,293
2187-PKZAY,No,Month-to-month,No,Bank transfer (automatic),0,12,"1,043"
2188-SXWVT,No,One year,No,Mailed check,55,34,"1,885"
2189-UXTKY,No,Month-to-month,Yes,Electronic check,0,22,"1,742"
2189-WWOEW,No,Month-to-month,Yes,Bank transfer (automatic),0,15,"1,269"
2190-BCXEC,No,Month-to-month,No,Credit card (automatic),0,40,"3,126"
2190-PHBHR,No,Two year,No,Credit card (automatic),0,72,"6,921"
2192-CKRLV,No,Two year,No,Electronic check,0,72,"3,580"
2192-OZITF,No,Two year,No,Mailed check,0,45,"3,349"
2193-SFWQW,No,Two year,No,Bank transfer (automatic),0,72,"8,033"
2194-IIQOF,No,Two year,No,Credit card (automatic),0,71,"6,388"
2195-VVRJF,Yes,Month-to-month,No,Credit card (automatic),0,18,"1,011"
2195-ZRVAX,No,Month-to-month,Yes,Electronic check,0,47,"4,045"
2197-OMWGI,Yes,Two year,No,Electronic check,53,68,"3,656"
2200-DSAAL,No,Two year,No,Electronic check,0,68,"5,330"
2202-CUYXZ,No,Month-to-month,Yes,Electronic check,0,1,84
2202-OUTMO,No,Month-to-month,No,Bank transfer (automatic),0,34,"2,003"
2203-GHNWN,No,Month-to-month,No,Mailed check,0,24,"1,928"
2205-LPVGL,Yes,One year,No,Bank transfer (automatic),0,58,"5,125"
2205-YMZZJ,Yes,Month-to-month,Yes,Electronic check,0,7,546
2207-NHRJK,No,Month-to-month,Yes,Electronic check,0,1,50
2207-OBZNX,No,Month-to-month,Yes,Mailed check,51,7,354
2207-QPJED,Yes,Month-to-month,No,Electronic check,90,37,"3,371"
2207-RYYRL,No,Two year,No,Mailed check,0,52,"1,331"
2208-MPXIO,No,Two year,No,Bank transfer (automatic),20,45,886
2208-NKVVH,No,Two year,No,Mailed check,0,43,"1,077"
2208-NQBCT,No,Month-to-month,No,Electronic check,0,26,"2,070"
2208-UGTGR,No,Month-to-month,No,Electronic check,0,56,"5,581"
2209-XADXF,No,Month-to-month,No,Bank transfer (automatic),0,1,25
2211-RMNHO,No,Two year,No,Bank transfer (automatic),0,68,"5,560"
2212-LYASK,No,One year,No,Credit card (automatic),0,27,"1,246"
2215-ZAFGX,No,Month-to-month,No,Electronic check,0,9,791
2219-MVUSO,No,Month-to-month,Yes,Mailed check,0,8,438
2220-IAHLS,No,Month-to-month,No,Credit card (automatic),0,1,19
2223-GDSHL,No,Two year,No,Bank transfer (automatic),0,71,"8,297"
2223-KAGMX,No,Month-to-month,Yes,Bank transfer (automatic),0,15,289
2225-ZRGSG,No,Two year,Yes,Bank transfer (automatic),0,70,"6,579"
2226-ICFDO,No,Two year,No,Credit card (automatic),0,72,"6,110"
2227-JRSJX,No,Month-to-month,No,Bank transfer (automatic),0,21,"1,956"
2228-BZDEE,No,Two year,No,Mailed check,0,54,"1,079"
2229-DPMBI,No,Two year,No,Mailed check,0,8,162
2229-VWQJH,No,Month-to-month,No,Credit card (automatic),0,24,"1,233"
2230-XTUWL,No,Two year,No,Mailed check,0,48,883
2232-DMLXU,No,Month-to-month,Yes,Mailed check,0,1,55
2233-FAGXV,No,Month-to-month,No,Mailed check,0,5,132
2233-TXSIU,No,One year,No,Credit card (automatic),0,17,792
2234-EOFPT,No,Two year,No,Bank transfer (automatic),0,72,"5,753"
2234-XADUH,No,One year,No,Credit card (automatic),0,72,"7,362"
2235-DWLJU,Yes,Month-to-month,No,Electronic check,0,6,263
2235-EZAIK,No,Two year,No,Credit card (automatic),0,72,"5,401"
2235-ZGKPT,No,Month-to-month,Yes,Mailed check,0,4,239
2236-HILPA,No,Two year,No,Credit card (automatic),0,62,"1,218"
2237-ZFSMY,No,One year,Yes,Electronic check,0,39,"3,692"
2239-CFOUJ,No,One year,No,Mailed check,0,1,20
2239-CGBUZ,No,One year,No,Bank transfer (automatic),0,51,"3,145"
2239-JALAW,No,One year,Yes,Bank transfer (automatic),0,58,"6,017"
2240-HSJQD,No,Month-to-month,No,Mailed check,0,38,"3,141"
2242-MFOTG,No,One year,No,Bank transfer (automatic),0,33,"2,603"
2243-FNMMI,No,Month-to-month,No,Mailed check,0,20,415
2245-ADZFJ,No,Two year,No,Bank transfer (automatic),0,31,"2,471"
2249-YPRNG,No,Month-to-month,Yes,Bank transfer (automatic),0,20,"2,239"
2250-IVBWA,No,Month-to-month,No,Electronic check,0,64,"5,135"
2251-PYLPB,No,Two year,No,Credit card (automatic),0,72,"5,810"
2252-ISRNH,No,One year,No,Electronic check,0,9,767
2252-JHJGE,No,One year,No,Electronic check,104,61,"6,363"
2252-NKNSI,No,Two year,No,Mailed check,0,52,"4,461"
2253-KPMNB,No,Two year,No,Bank transfer (automatic),0,69,"3,121"
2254-DLXRI,No,Month-to-month,No,Mailed check,0,1,79
2256-YLYLP,No,Two year,No,Bank transfer (automatic),0,68,"4,953"
2257-BOVXD,No,Month-to-month,No,Credit card (automatic),0,14,979
2259-OUUSZ,No,One year,No,Credit card (automatic),0,7,249
2260-USTRB,Yes,Month-to-month,Yes,Bank transfer (automatic),0,2,115
2262-SLNVK,No,Month-to-month,No,Electronic check,0,1,70
2263-SFSQZ,No,Two year,No,Mailed check,0,51,"1,222"
2265-CYWIV,Yes,Month-to-month,Yes,Electronic check,0,4,347
2266-FUBDZ,No,Two year,No,Mailed check,0,15,278
2266-SJNAT,No,One year,No,Credit card (automatic),0,72,"7,789"
2267-FPIMA,No,Month-to-month,No,Credit card (automatic),0,50,"4,914"
2267-WTPYD,Yes,Month-to-month,No,Credit card (automatic),94,57,"5,438"
2270-CHBFN,No,Month-to-month,No,Credit card (automatic),0,44,"4,060"
2272-JKMSI,No,One year,No,Electronic check,0,62,"6,840"
2272-QAGFO,Yes,Month-to-month,Yes,Electronic check,0,14,"1,096"
2272-UOINI,No,Month-to-month,No,Electronic check,0,7,571
2272-WUSPA,No,Two year,No,Electronic check,0,72,"7,751"
2273-QCKXA,No,Month-to-month,No,Mailed check,0,1,49
2274-XUATA,Yes,Two year,No,Bank transfer (automatic),0,72,"4,685"
2275-RBYQS,No,Month-to-month,No,Mailed check,0,1,45
2276-YDAVZ,No,Month-to-month,Yes,Credit card (automatic),0,3,270
2277-AXSDC,No,One year,No,Bank transfer (automatic),0,32,624
2277-BKJKN,Yes,Two year,No,Electronic check,0,71,"7,213"
2277-DJJDL,Yes,Month-to-month,No,Electronic check,99,60,"6,017"
2277-VWCNI,Yes,Month-to-month,No,Mailed check,0,4,179
2279-AXJJK,No,Month-to-month,No,Credit card (automatic),0,52,"5,088"
2282-YGNOR,No,One year,No,Credit card (automatic),58,29,"1,734"
2284-VFLKH,No,One year,No,Credit card (automatic),0,49,"4,920"
2292-XQWSV,No,One year,No,Mailed check,0,40,"2,448"
2293-IJWPS,No,One year,No,Credit card (automatic),0,57,"5,985"
2294-DMMUS,No,Month-to-month,No,Credit card (automatic),0,62,"4,300"
2294-SALNE,No,One year,No,Mailed check,0,23,"1,940"
2296-DKZFP,No,Two year,No,Bank transfer (automatic),71,65,"4,386"
2300-RQGOI,No,Two year,No,Mailed check,0,38,741
2302-ANTDP,Yes,Month-to-month,Yes,Electronic check,0,48,"5,438"
2302-OUZXB,No,Two year,No,Bank transfer (automatic),0,72,"5,784"
2303-PJYHN,No,Month-to-month,No,Bank transfer (automatic),0,2,52
2305-MRGLV,No,Month-to-month,No,Bank transfer (automatic),0,28,"2,065"
2307-FYNNL,Yes,Two year,No,Electronic check,0,65,"7,108"
2308-STERM,No,Month-to-month,No,Mailed check,0,2,61
2309-OSFEU,No,Month-to-month,Yes,Mailed check,0,10,298
2311-QYMUQ,No,Month-to-month,Yes,Credit card (automatic),0,16,"1,430"
2314-TNDJQ,No,Two year,No,Credit card (automatic),0,72,"3,880"
2316-ESMLS,No,One year,No,Credit card (automatic),0,12,444
2320-JRSDE,No,Month-to-month,Yes,Electronic check,0,1,19
2320-SLKMB,No,Month-to-month,No,Credit card (automatic),0,26,"1,183"
2320-TZRRH,No,One year,No,Mailed check,0,20,403
2320-YKQBO,No,Month-to-month,No,Mailed check,0,7,144
2321-OMBXY,No,One year,Yes,Credit card (automatic),0,38,"3,058"
2322-VCZHZ,Yes,Month-to-month,No,Electronic check,90,23,"2,024"
2323-ARSVR,No,Two year,No,Electronic check,0,67,"7,321"
2324-AALNO,No,One year,No,Bank transfer (automatic),0,48,"1,203"
2324-EFHVG,No,Two year,No,Bank transfer (automatic),0,64,"6,692"
2325-NBPZG,No,Month-to-month,No,Electronic check,0,3,233
2325-WINES,No,One year,No,Credit card (automatic),0,32,"3,416"
2325-ZUSFD,No,One year,Yes,Bank transfer (automatic),0,57,"3,913"
2330-PQGDQ,No,One year,No,Bank transfer (automatic),0,51,"4,299"
2332-EFBJY,No,Month-to-month,Yes,Mailed check,0,16,342
2332-TODQS,No,One year,No,Credit card (automatic),0,48,"1,171"
2333-KWEWW,No,Two year,No,Credit card (automatic),0,18,388
2335-GSODA,No,Two year,No,Mailed check,0,23,857
2338-BQEZT,No,Month-to-month,No,Credit card (automatic),0,55,"2,832"
2342-CKIAO,No,Month-to-month,No,Mailed check,0,2,41
2344-JMOGN,No,Month-to-month,Yes,Mailed check,0,9,890
2346-CZYIL,No,Two year,No,Credit card (automatic),0,27,531
2346-DJQTB,No,Month-to-month,No,Electronic check,0,35,812
2346-LOCWC,No,Two year,No,Credit card (automatic),0,58,"1,191"
2347-WKKAE,No,Month-to-month,No,Electronic check,0,42,"4,014"
2348-KCJLT,No,One year,No,Mailed check,0,44,"2,722"
2351-BKRZW,No,Two year,No,Bank transfer (automatic),0,43,"3,254"
2351-RRBUE,No,One year,No,Mailed check,0,7,134
2357-COQEK,Yes,Month-to-month,Yes,Electronic check,0,28,"2,890"
2359-KLTEK,No,Month-to-month,No,Bank transfer (automatic),0,41,"3,848"
2359-KMGLI,No,Month-to-month,Yes,Electronic check,0,24,"1,861"
2359-QWQUL,No,One year,Yes,Credit card (automatic),0,39,"4,134"
2360-RDGRO,No,Month-to-month,No,Electronic check,0,65,"6,812"
2361-FJWNO,No,One year,No,Credit card (automatic),36,40,"1,382"
2361-UPSND,No,One year,No,Mailed check,0,46,"3,231"
2362-IBOOY,No,Month-to-month,Yes,Electronic check,0,36,"3,050"
2363-BJLSL,No,Month-to-month,No,Bank transfer (automatic),0,62,"4,981"
2364-UFROM,No,One year,No,Electronic check,0,30,"2,044"
2368-GAKKQ,No,Two year,No,Bank transfer (automatic),0,70,"7,939"
2369-FEVNO,No,Month-to-month,No,Mailed check,0,1,19
2369-UAPKZ,No,Month-to-month,Yes,Mailed check,0,5,541
2371-JQHZZ,No,Month-to-month,No,Electronic check,93,24,"2,248"
2371-JUNGC,No,Month-to-month,No,Mailed check,0,11,208
2371-KFUOG,No,One year,No,Bank transfer (automatic),0,58,"5,720"
2372-HWUHI,No,Month-to-month,Yes,Electronic check,0,2,81
2373-NTKOD,No,Month-to-month,No,Electronic check,0,8,546
2378-HTWFW,Yes,Month-to-month,No,Credit card (automatic),91,35,"3,180"
2378-VTKDH,Yes,Month-to-month,No,Electronic check,0,65,"6,578"
2378-YIZKA,No,Two year,No,Credit card (automatic),85,68,"5,607"
2379-ENZGV,No,Month-to-month,Yes,Electronic check,0,6,523
2379-GYFLQ,No,One year,No,Credit card (automatic),0,46,"4,422"
2380-DAMQP,No,Two year,No,Electronic check,0,72,"8,349"
2382-BCKQJ,No,One year,Yes,Electronic check,0,62,"6,413"
2384-OVPSA,Yes,Two year,No,Mailed check,0,38,735
2386-LAHRK,No,Month-to-month,Yes,Mailed check,0,1,53
2386-OWURY,No,Month-to-month,No,Electronic check,0,58,"5,817"
2387-KDZQY,No,One year,No,Mailed check,0,17,279
2388-LAESQ,Yes,Two year,No,Bank transfer (automatic),0,72,"8,317"
2391-IPLOP,No,One year,No,Electronic check,0,50,"3,442"
2391-SOORI,No,Month-to-month,Yes,Electronic check,0,4,219
2393-DIVAI,No,Month-to-month,No,Mailed check,20,3,61
2397-BRLOM,Yes,Month-to-month,Yes,Credit card (automatic),0,8,583
2398-YPMUR,Yes,Month-to-month,Yes,Electronic check,0,13,916
2400-FEQME,No,Two year,No,Mailed check,0,55,"1,177"
2400-XIWIO,No,Two year,No,Electronic check,0,71,"6,310"
2402-TAIRZ,No,One year,No,Electronic check,0,37,"3,019"
2403-BCASL,Yes,One year,Yes,Electronic check,0,41,"4,534"
2404-JIBFC,No,Two year,No,Bank transfer (automatic),0,55,"4,657"
2405-LBMUW,No,One year,No,Bank transfer (automatic),0,61,"3,088"
2408-PSJVE,No,Month-to-month,No,Mailed check,0,44,"2,924"
2408-TZMJL,No,One year,Yes,Electronic check,0,59,"6,448"
2408-WITXK,Yes,Month-to-month,Yes,Electronic check,0,10,329
2410-CIYFZ,No,Month-to-month,No,Mailed check,0,2,42
2418-TPEUN,No,Two year,No,Credit card (automatic),0,56,"1,119"
2419-FSORS,No,Two year,No,Electronic check,0,72,"7,719"
2424-WVHPL,Yes,Month-to-month,No,Electronic check,0,1,74
2428-HYUNX,Yes,Two year,No,Credit card (automatic),0,44,847
2428-ZMCTB,No,Month-to-month,No,Credit card (automatic),0,10,208
2429-AYKKO,No,Two year,No,Bank transfer (automatic),0,72,"1,434"
2430-RRYUW,No,One year,No,Mailed check,0,66,"3,465"
2430-USGXP,No,Month-to-month,Yes,Electronic check,0,24,"2,391"
2432-TFSMK,No,One year,No,Credit card (automatic),0,18,"1,633"
2433-KMEAS,No,Month-to-month,Yes,Electronic check,0,22,"1,127"
2434-EEVDB,No,Two year,No,Credit card (automatic),0,64,"5,948"
2436-QBZFP,No,Month-to-month,No,Electronic check,0,22,849
2439-LYPMQ,Yes,Month-to-month,No,Electronic check,0,38,"4,009"
2439-QKJUL,No,Month-to-month,No,Mailed check,0,5,109
2446-BEGGB,Yes,Month-to-month,Yes,Electronic check,0,6,560
2446-PLQVO,No,Month-to-month,Yes,Electronic check,0,1,70
2446-ZKVAF,No,Month-to-month,No,Credit card (automatic),0,18,"1,074"
2450-ZKEED,No,One year,No,Bank transfer (automatic),0,11,651
2451-YMUXS,Yes,Two year,No,Bank transfer (automatic),0,67,"4,250"
2452-KDRRH,Yes,Month-to-month,No,Credit card (automatic),0,67,"6,841"
2452-MRMZF,Yes,Two year,No,Credit card (automatic),0,72,"1,937"
2452-SNHFZ,No,Month-to-month,No,Credit card (automatic),0,47,"3,545"
2453-SAFNS,Yes,One year,No,Mailed check,0,54,"3,886"
2454-RPBRZ,Yes,Month-to-month,Yes,Electronic check,0,12,"1,060"
2455-USLMV,No,Month-to-month,No,Credit card (automatic),0,31,"2,613"
2458-EOMRE,No,Month-to-month,No,Bank transfer (automatic),0,11,733
2460-FPSYH,Yes,Month-to-month,Yes,Electronic check,0,40,"2,109"
2460-NGXBJ,Yes,Month-to-month,No,Credit card (automatic),0,11,775
2462-XIIJB,No,Month-to-month,Yes,Electronic check,0,5,452
2465-BLLEU,No,Month-to-month,No,Mailed check,0,1,19
2466-FCCPT,No,One year,No,Bank transfer (automatic),0,20,395
2466-NEJOJ,No,Month-to-month,No,Credit card (automatic),0,8,169
2468-SJFLM,No,Month-to-month,No,Mailed check,0,1,74
2469-DTSGX,Yes,Two year,No,Electronic check,0,72,"7,943"
2472-OVKUP,No,Month-to-month,Yes,Electronic check,91,6,531
2474-BRUCM,Yes,Month-to-month,Yes,Electronic check,0,40,"4,086"
2474-LCNUE,No,Month-to-month,No,Credit card (automatic),0,23,"1,642"
2475-MROZF,No,Month-to-month,No,Credit card (automatic),95,30,"2,852"
2476-YGEFM,No,Month-to-month,No,Credit card (automatic),76,29,"2,215"
2478-EEWWM,No,Month-to-month,No,Electronic check,0,59,"2,666"
2479-BRAMR,Yes,Month-to-month,Yes,Bank transfer (automatic),0,41,"3,273"
2480-EJWYP,Yes,One year,No,Bank transfer (automatic),0,58,"5,458"
2480-JZOSN,No,Month-to-month,No,Mailed check,0,1,20
2480-SQIOB,No,Month-to-month,No,Electronic check,0,4,169
2481-SBOYW,No,Two year,No,Credit card (automatic),25,61,"1,498"
2482-CZGBB,No,Month-to-month,Yes,Electronic check,70,10,740
2483-XSSMZ,No,One year,No,Electronic check,0,39,"1,886"
2484-DGXPZ,No,Month-to-month,Yes,Mailed check,0,31,658
2485-ITVKB,No,Month-to-month,Yes,Electronic check,0,2,68
2486-WYVVE,No,One year,No,Mailed check,0,31,"2,484"
2495-INZWQ,No,Month-to-month,Yes,Electronic check,0,4,174
2495-KZNFB,No,Month-to-month,No,Electronic check,0,33,"2,989"
2495-TTHBQ,No,One year,No,Mailed check,0,4,84
2498-XLDZR,No,Two year,No,Mailed check,0,32,"2,316"
2499-AJYUA,Yes,Two year,No,Credit card (automatic),0,72,"7,882"
2501-XWWTZ,No,Month-to-month,No,Electronic check,0,11,760
2504-DSHIH,Yes,Month-to-month,No,Electronic check,0,23,"1,975"
2506-CLAKW,No,Month-to-month,Yes,Bank transfer (automatic),0,6,567
2506-TNFCO,Yes,Month-to-month,Yes,Electronic check,0,1,69
2507-QZPQS,No,Month-to-month,No,Electronic check,0,15,"1,451"
2509-TFPJU,No,Two year,No,Credit card (automatic),0,72,"1,864"
2511-ALLCS,No,Two year,No,Bank transfer (automatic),0,35,821
2511-MORQY,No,One year,No,Bank transfer (automatic),0,50,"2,614"
2514-GINMM,No,Month-to-month,Yes,Electronic check,0,1,79
2516-VQRRV,Yes,Month-to-month,Yes,Mailed check,0,2,158
2516-XSJKX,No,Two year,No,Electronic check,0,41,"3,126"
2519-ERQOJ,Yes,Month-to-month,No,Electronic check,0,33,"1,803"
2519-FAKOD,No,Month-to-month,Yes,Bank transfer (automatic),0,38,"3,777"
2519-LBNQL,Yes,One year,No,Electronic check,0,60,"6,339"
2519-TWKFS,No,One year,No,Mailed check,0,25,"1,466"
2520-SGTTA,No,Two year,No,Mailed check,20,0,0
2521-NPUZR,No,Two year,No,Credit card (automatic),101,70,"7,085"
2522-AHJXR,No,Month-to-month,No,Bank transfer (automatic),0,60,"6,572"
2522-WLNSF,Yes,One year,No,Bank transfer (automatic),0,34,"2,106"
2523-EWWZL,No,Month-to-month,No,Electronic check,0,27,"2,093"
2525-GVKQU,No,Two year,No,Mailed check,0,60,"1,093"
2528-HFYZX,Yes,Month-to-month,Yes,Electronic check,0,17,"1,233"
2530-ENDWQ,No,Two year,Yes,Bank transfer (automatic),0,71,"6,585"
2530-FMFXO,No,Two year,No,Electronic check,0,56,"5,873"
2533-QVMSK,No,Two year,Yes,Electronic check,0,61,"5,638"
2533-TIBIX,No,Month-to-month,No,Bank transfer (automatic),0,15,469
2535-PBCGC,No,Two year,No,Bank transfer (automatic),0,70,"4,504"
2538-OIMXF,No,Month-to-month,No,Mailed check,0,1,24
2541-YGPKE,No,One year,No,Credit card (automatic),0,42,"2,763"
2542-HYGIQ,No,Month-to-month,No,Credit card (automatic),0,1,19
2545-EBUPK,Yes,Month-to-month,No,Electronic check,0,2,186
2545-LXYVJ,No,Two year,No,Bank transfer (automatic),0,72,"1,492"
2546-KZAAT,No,One year,No,Mailed check,0,52,"3,865"
2550-AEVRU,No,One year,No,Electronic check,0,57,"3,053"
2550-QHZGP,No,One year,No,Mailed check,0,7,128
2558-BUOZZ,No,One year,No,Bank transfer (automatic),0,47,"4,535"
2560-PPCHE,No,One year,No,Bank transfer (automatic),0,65,"6,744"
2560-QTSBS,No,One year,No,Bank transfer (automatic),0,72,"1,623"
2560-WBWXF,No,Two year,No,Bank transfer (automatic),0,68,"1,498"
2565-JSLRY,No,Month-to-month,Yes,Mailed check,0,1,24
2568-BRGYX,No,Month-to-month,Yes,Electronic check,0,4,237
2568-OIADY,No,Month-to-month,Yes,Electronic check,0,37,"3,762"
2569-WGERO,No,Two year,No,Bank transfer (automatic),0,72,"1,419"
2573-GYRUU,Yes,Month-to-month,No,Credit card (automatic),0,48,"4,370"
2575-GFSOE,No,Month-to-month,Yes,Electronic check,69,7,506
2576-HXMPA,No,Month-to-month,No,Credit card (automatic),0,1,19
2577-GVSIL,No,One year,No,Bank transfer (automatic),0,35,"2,661"
2578-JQPHZ,No,Two year,No,Bank transfer (automatic),0,44,"4,378"
2580-ASVVY,No,Two year,No,Electronic check,0,37,"1,593"
2580-ATZSQ,No,One year,No,Bank transfer (automatic),0,65,"3,874"
2581-VKIRT,No,One year,No,Mailed check,0,59,"3,801"
2582-FFFZR,No,Month-to-month,No,Electronic check,0,22,"1,073"
2585-KTFRE,No,Month-to-month,No,Bank transfer (automatic),0,1,70
2586-CWXVV,No,Month-to-month,No,Electronic check,0,54,"1,621"
2587-EKXTS,No,Month-to-month,No,Electronic check,0,44,"4,915"
2587-YNLES,No,Two year,No,Mailed check,0,6,100
2589-AYCRP,No,One year,No,Bank transfer (automatic),0,50,989
2592-HODOV,No,One year,No,Credit card (automatic),0,13,259
2592-SEIFQ,No,Month-to-month,Yes,Electronic check,0,3,66
2592-YKDIF,No,Month-to-month,No,Mailed check,0,1,20
2595-KIWPV,No,Two year,No,Credit card (automatic),0,27,509
2599-CIPQE,No,Two year,No,Credit card (automatic),0,71,"7,782"
2599-CZABP,No,One year,No,Electronic check,0,14,641
2603-HVKCG,No,Month-to-month,No,Electronic check,0,31,"3,143"
2604-IJPDU,No,Month-to-month,No,Electronic check,0,20,"1,901"
2604-XVDAM,No,Month-to-month,No,Bank transfer (automatic),0,12,540
2606-PKWJB,No,One year,No,Mailed check,0,40,"1,564"
2606-RMDHZ,No,Month-to-month,Yes,Credit card (automatic),0,6,208
2607-DHDAK,No,Two year,No,Credit card (automatic),0,72,"1,414"
2607-FBDFF,No,Month-to-month,No,Credit card (automatic),49,1,49
2608-BHKFN,No,Month-to-month,Yes,Credit card (automatic),0,4,266
2609-IAICY,No,Month-to-month,Yes,Electronic check,0,1,77
2612-PHGOX,No,Two year,No,Bank transfer (automatic),0,64,"4,818"
2612-RANWT,No,Month-to-month,Yes,Bank transfer (automatic),0,12,"1,164"
2612-RRIDN,No,Month-to-month,Yes,Electronic check,81,4,340
2615-YVMYX,Yes,Month-to-month,No,Electronic check,0,71,"7,713"
2616-FLVQC,No,Two year,No,Mailed check,0,64,"1,240"
2616-UUTFK,No,Month-to-month,No,Bank transfer (automatic),0,33,"2,447"
2619-WFQWU,No,Month-to-month,Yes,Mailed check,0,1,70
2621-UDNLU,No,Month-to-month,No,Mailed check,0,3,72
2623-DRYAM,No,One year,No,Electronic check,0,70,"7,069"
2625-TRCZQ,No,Month-to-month,No,Electronic check,0,51,"2,553"
2626-URJFX,No,Month-to-month,Yes,Electronic check,0,4,225
2626-VEEWG,No,Two year,No,Credit card (automatic),0,67,"1,284"
2632-IVXVF,No,Two year,No,Credit card (automatic),0,68,"7,511"
2632-TACXW,No,Two year,No,Bank transfer (automatic),0,62,"1,416"
2632-UCGVD,Yes,Month-to-month,Yes,Credit card (automatic),0,66,"6,871"
2634-HCZGT,Yes,One year,Yes,Electronic check,0,53,"3,229"
2636-ALXXZ,Yes,Month-to-month,Yes,Electronic check,0,1,69
2636-OHFMN,No,Month-to-month,Yes,Electronic check,0,4,201
2636-SJDOU,No,One year,No,Credit card (automatic),0,64,"5,289"
2637-FKFSY,No,Month-to-month,No,Mailed check,0,3,130
2639-UGMAZ,Yes,One year,No,Electronic check,0,71,"3,985"
2640-LYMOV,No,Month-to-month,No,Mailed check,0,2,38
2640-PMGFL,No,Month-to-month,Yes,Electronic check,0,27,"2,180"
2642-DTVCO,Yes,Month-to-month,Yes,Electronic check,0,9,746
2642-MAWLJ,No,Two year,No,Bank transfer (automatic),0,36,717
2645-QTLMB,No,Month-to-month,Yes,Electronic check,0,7,669
2649-HWLYB,No,Two year,No,Bank transfer (automatic),0,65,"4,929"
2650-GYRYL,No,One year,No,Bank transfer (automatic),0,33,600
2651-ZCBXV,No,Two year,No,Credit card (automatic),108,54,"5,760"
2654-VBVPB,No,Month-to-month,No,Bank transfer (automatic),0,1,19
2656-FMOKZ,Yes,Month-to-month,Yes,Mailed check,0,15,"1,145"
2656-TABEH,No,Month-to-month,Yes,Electronic check,0,4,420
2657-ALMWY,Yes,Month-to-month,Yes,Electronic check,0,26,"2,169"
2657-VPXTA,No,Month-to-month,No,Electronic check,0,10,929
2659-VXMWZ,No,One year,Yes,Electronic check,0,67,"7,482"
2660-EMUBI,Yes,Month-to-month,Yes,Electronic check,0,10,898
2661-GKBTK,No,Two year,No,Bank transfer (automatic),0,60,"4,543"
2662-NNTDK,No,One year,No,Credit card (automatic),0,65,"1,600"
2664-XJZNO,No,Two year,No,Credit card (automatic),0,72,"7,559"
2665-NPTGL,Yes,Month-to-month,No,Bank transfer (automatic),0,26,"2,510"
2667-WYLWJ,No,One year,Yes,Mailed check,0,8,145
2668-TZSPS,No,Month-to-month,No,Mailed check,0,1,20
2669-OIDSD,No,Month-to-month,No,Credit card (automatic),0,48,"4,834"
2669-QVCRG,No,Month-to-month,No,Credit card (automatic),0,41,"3,190"
2672-DZUOY,No,Month-to-month,Yes,Electronic check,0,1,25
2672-HUYVI,No,Month-to-month,Yes,Electronic check,0,6,455
2672-OJQZP,No,Month-to-month,No,Mailed check,0,1,44
2672-TGEFF,No,Month-to-month,No,Electronic check,0,37,"3,340"
2673-CXQEU,Yes,One year,No,Electronic check,0,56,"6,139"
2673-ZALNP,No,One year,No,Mailed check,0,7,173
2674-MIAHT,No,Month-to-month,No,Mailed check,0,4,324
2674-MLXMN,Yes,Month-to-month,No,Credit card (automatic),0,71,"6,951"
2675-DHUTR,Yes,Month-to-month,No,Electronic check,0,58,"5,780"
2675-IJRGJ,No,Two year,No,Bank transfer (automatic),0,53,978
2675-OTVVJ,Yes,Month-to-month,No,Electronic check,0,31,"2,807"
2676-ISHSF,No,Month-to-month,No,Mailed check,0,1,20
2676-OXPPQ,No,Month-to-month,No,Bank transfer (automatic),0,6,335
2676-SSLTO,No,Two year,No,Bank transfer (automatic),0,49,"3,199"
2680-XKKNJ,No,One year,No,Bank transfer (automatic),0,8,469
2682-KEVRP,Yes,One year,No,Mailed check,0,22,417
2683-BPJSO,No,Month-to-month,Yes,Electronic check,0,29,"2,467"
2683-JXWQQ,No,Month-to-month,No,Bank transfer (automatic),0,61,"2,117"
2684-EIWEO,Yes,Month-to-month,Yes,Credit card (automatic),0,30,"2,758"
2685-SREOM,No,Month-to-month,Yes,Electronic check,0,25,"2,368"
2688-BHGOG,Yes,Month-to-month,No,Electronic check,0,9,718
2690-DVRVK,No,One year,No,Electronic check,0,5,99
2691-NZETQ,No,Month-to-month,Yes,Electronic check,0,9,758
2692-AQCPF,No,One year,No,Credit card (automatic),0,65,"7,118"
2692-BUCFV,Yes,Month-to-month,No,Bank transfer (automatic),0,29,"2,948"
2692-PFYTJ,No,Month-to-month,No,Mailed check,0,1,25
2694-CIUMO,No,Month-to-month,No,Credit card (automatic),0,12,958
2696-ECXKC,No,One year,No,Mailed check,0,55,"5,448"
2696-NARTR,No,Month-to-month,Yes,Electronic check,0,11,926
2696-RZVZW,No,Two year,No,Credit card (automatic),0,68,"1,629"
2697-NQBPF,No,Month-to-month,No,Electronic check,0,34,"3,540"
2700-LUEVA,No,Month-to-month,No,Credit card (automatic),0,1,20
2703-AMTUL,No,One year,No,Mailed check,0,36,"1,939"
2706-QZIHY,No,Two year,No,Mailed check,0,15,387
2709-UQGNP,No,Month-to-month,No,Mailed check,0,10,524
2710-WYVXG,No,Two year,No,Mailed check,0,3,213
2712-SYWAY,No,Month-to-month,No,Electronic check,0,1,25
2716-GFZOR,No,Month-to-month,No,Credit card (automatic),0,43,"3,551"
2717-HVIZY,No,Month-to-month,No,Mailed check,0,8,163
2718-GAXQD,Yes,Month-to-month,Yes,Electronic check,46,4,181
2718-YSKCS,No,Two year,No,Bank transfer (automatic),0,71,"1,387"
2719-BDAQO,No,Month-to-month,Yes,Electronic check,0,17,"1,625"
2720-FVBQP,No,Month-to-month,No,Credit card (automatic),0,6,273
2720-WGKHP,Yes,Month-to-month,Yes,Electronic check,94,2,181
2722-JMONI,Yes,Month-to-month,Yes,Electronic check,0,1,49
2722-VOJQL,No,One year,Yes,Credit card (automatic),0,64,"6,903"
2724-FJDYW,No,One year,No,Bank transfer (automatic),0,39,"2,191"
2725-IWWBA,No,One year,No,Mailed check,0,46,"2,560"
2725-KXXWT,No,Month-to-month,Yes,Electronic check,0,1,90
2725-TTRIQ,No,Two year,No,Bank transfer (automatic),0,72,"5,986"
2729-VNVAP,No,Two year,No,Credit card (automatic),0,33,641
2731-GJRDG,No,One year,No,Bank transfer (automatic),0,32,"3,608"
2732-ISEZX,No,Month-to-month,No,Mailed check,0,5,104
2737-WFVYW,No,Month-to-month,Yes,Electronic check,0,2,85
2737-YNGYW,No,Month-to-month,Yes,Electronic check,0,2,184
2739-CACDQ,Yes,Month-to-month,No,Credit card (automatic),0,17,"1,470"
2739-CCZMB,No,Month-to-month,No,Credit card (automatic),0,5,122
2740-JFBOK,No,Month-to-month,No,Electronic check,24,10,226
2740-TVLFN,No,Month-to-month,No,Electronic check,0,1,50
2746-DIJLO,No,One year,No,Credit card (automatic),0,41,"2,364"
2748-MYRVK,No,One year,Yes,Bank transfer (automatic),0,63,"6,137"
2749-CTKAJ,No,One year,No,Mailed check,0,22,419
2750-BJLSB,No,One year,No,Electronic check,0,47,"4,730"
2753-JMMCV,No,Two year,No,Credit card (automatic),0,65,"4,805"
2754-SDJRD,Yes,Month-to-month,No,Credit card (automatic),0,8,908
2754-VDLTR,No,Month-to-month,Yes,Electronic check,0,10,930
2754-XBHTB,No,Month-to-month,Yes,Bank transfer (automatic),0,9,714
2758-RNWXS,No,One year,No,Electronic check,0,35,"3,251"
2761-OCIAX,Yes,Month-to-month,Yes,Electronic check,0,2,165
2761-XECQW,Yes,Month-to-month,No,Mailed check,0,8,371
2770-NSVDG,No,Month-to-month,No,Electronic check,0,24,688
2773-MADBQ,No,Two year,No,Mailed check,0,36,"1,901"
2773-OVBPK,No,Two year,No,Bank transfer (automatic),0,67,"7,567"
2774-LVQUS,Yes,Month-to-month,Yes,Electronic check,0,15,"1,258"
2775-SEFEE,No,Two year,No,Bank transfer (automatic),0,0,0
2777-PHDEI,No,Month-to-month,Yes,Electronic check,0,1,78
2778-OCLGR,Yes,Month-to-month,Yes,Bank transfer (automatic),0,24,971
2782-JEEBU,No,Month-to-month,No,Mailed check,36,21,780
2782-LFZVW,No,Month-to-month,No,Mailed check,0,11,601
2786-GCDPI,Yes,Month-to-month,No,Electronic check,0,50,"5,222"
2788-CJQAQ,No,One year,No,Mailed check,0,13,270
2789-CZANW,No,Two year,No,Bank transfer (automatic),0,64,"6,997"
2789-HQBOU,No,Month-to-month,No,Electronic check,0,3,253
2790-XUYMV,No,One year,No,Credit card (automatic),0,71,"6,028"
2791-SFVEW,No,Month-to-month,No,Bank transfer (automatic),0,9,238
2792-LSHWX,No,Month-to-month,No,Mailed check,0,1,83
2792-VPPET,No,Month-to-month,No,Electronic check,0,3,76
2794-XIMMO,No,One year,Yes,Electronic check,0,53,"3,184"
2796-NNUFI,No,Two year,No,Mailed check,0,46,927
2796-UUZZO,No,Month-to-month,No,Credit card (automatic),0,63,"4,896"
2798-NYLMZ,No,Two year,No,Credit card (automatic),0,71,"7,616"
2799-ARNLO,Yes,Month-to-month,No,Electronic check,0,5,341
2799-TSLAG,No,Two year,No,Bank transfer (automatic),0,65,"1,748"
2800-QQUSO,No,Month-to-month,No,Electronic check,0,42,"4,222"
2800-VEQXM,No,Month-to-month,No,Mailed check,0,3,238
2801-NISEI,No,Month-to-month,No,Electronic check,0,24,"1,348"
2804-ETQDK,No,Two year,No,Mailed check,0,66,"1,357"
2805-AUFQN,No,Two year,No,Credit card (automatic),0,25,475
2805-EDJPQ,No,One year,No,Credit card (automatic),0,56,"5,608"
2806-MLNTI,Yes,One year,No,Bank transfer (automatic),0,52,"5,376"
2808-CHTDM,No,Two year,No,Mailed check,0,23,611
2809-ILCYT,No,One year,No,Mailed check,0,25,733
2809-ZMYOQ,No,Month-to-month,No,Electronic check,0,32,"3,334"
2810-FTLEM,No,Month-to-month,Yes,Electronic check,0,16,762
2811-POVEX,Yes,Month-to-month,No,Bank transfer (automatic),0,23,"2,130"
2812-ENYMO,No,One year,No,Credit card (automatic),0,26,"1,362"
2812-REYAT,No,One year,No,Bank transfer (automatic),0,49,923
2812-SFXMJ,No,Month-to-month,No,Mailed check,0,1,20
2815-CPTUL,Yes,Month-to-month,Yes,Mailed check,0,5,331
2817-LVCPP,No,Two year,No,Credit card (automatic),0,50,"1,023"
2817-NTQDO,No,Month-to-month,Yes,Credit card (automatic),0,13,597
2819-GWENI,No,One year,No,Mailed check,0,28,543
2821-WARNZ,No,One year,No,Credit card (automatic),0,49,921
2823-LKABH,No,Month-to-month,No,Bank transfer (automatic),0,18,"1,679"
2824-DXNKN,No,Two year,No,Bank transfer (automatic),0,72,"5,025"
2824-MYYBN,No,Month-to-month,No,Electronic check,0,37,"3,314"
2826-DXLQO,Yes,Month-to-month,No,Bank transfer (automatic),0,7,220
2826-UWHIS,No,Month-to-month,No,Bank transfer (automatic),0,45,"3,775"
2828-SLQPF,No,Month-to-month,No,Bank transfer (automatic),45,19,865
2829-HYVZP,No,One year,No,Mailed check,0,29,572
2830-LEWOA,No,One year,No,Credit card (automatic),0,61,"6,449"
2831-EBWRN,No,Month-to-month,No,Electronic check,0,4,199
2832-KJCRD,No,Month-to-month,No,Electronic check,0,38,"3,988"
2832-SCUCO,No,Month-to-month,No,Electronic check,0,2,57
2833-SLKDQ,No,Month-to-month,Yes,Mailed check,0,1,45
2834-JKOOW,No,One year,No,Mailed check,0,15,693
2834-JRTUA,No,Two year,Yes,Electronic check,0,71,"7,532"
2834-SPCJV,No,Month-to-month,Yes,Electronic check,0,52,"4,348"
2839-RFSQE,No,Month-to-month,Yes,Mailed check,0,2,38
2840-XANRC,Yes,Month-to-month,Yes,Electronic check,0,24,"2,231"
2842-BCQGE,No,Month-to-month,No,Credit card (automatic),0,43,"3,161"
2842-JTCCU,No,Month-to-month,Yes,Bank transfer (automatic),0,2,80
2843-CQMEG,No,Month-to-month,No,Mailed check,0,24,"1,218"
2845-AFFTX,Yes,Month-to-month,Yes,Electronic check,0,41,"4,259"
2845-HSJCY,No,Month-to-month,Yes,Electronic check,0,14,"1,258"
2845-KDHVX,No,Two year,No,Mailed check,0,64,"4,378"
2848-YXSMW,No,Two year,No,Credit card (automatic),0,72,"1,363"
2851-MMUTZ,No,Month-to-month,No,Mailed check,0,27,"1,439"
2851-STERV,Yes,One year,No,Electronic check,73,35,"2,471"
2853-CWQFQ,No,Month-to-month,No,Mailed check,0,1,59
2856-HYAPG,No,Month-to-month,Yes,Electronic check,0,1,68
2856-NNASM,Yes,Month-to-month,Yes,Mailed check,0,43,"3,856"
2858-EIMXH,Yes,One year,No,Credit card (automatic),0,53,"5,016"
2858-MOFSQ,No,One year,Yes,Mailed check,0,17,937
2860-RANUS,Yes,Month-to-month,Yes,Credit card (automatic),0,20,"1,727"
2862-JVEOY,No,One year,No,Mailed check,0,6,124
2862-PFNIK,No,Month-to-month,No,Electronic check,0,1,24
2863-IMQDR,No,Two year,No,Electronic check,0,61,"5,308"
2865-TCHJW,Yes,Month-to-month,Yes,Electronic check,0,4,346
2866-IKBTM,No,Month-to-month,No,Mailed check,0,1,19
2867-UIMSS,No,Month-to-month,Yes,Electronic check,0,1,80
2868-LLSKM,No,One year,No,Bank transfer (automatic),0,68,"5,733"
2868-MZAGQ,No,Month-to-month,Yes,Electronic check,0,1,79
2868-SNELZ,No,Month-to-month,Yes,Mailed check,0,2,155
2869-ADAWR,No,Month-to-month,Yes,Credit card (automatic),0,45,"4,016"
2873-ZLIWT,No,Month-to-month,Yes,Electronic check,0,40,"3,303"
2874-YXVVA,No,Month-to-month,No,Electronic check,0,34,"3,634"
2876-GZYZC,No,Month-to-month,No,Electronic check,0,13,"1,215"
2876-VBBBL,No,Month-to-month,Yes,Mailed check,0,1,20
2877-VDUER,No,One year,No,Mailed check,0,35,"1,383"
2878-DHMIN,No,One year,No,Electronic check,0,35,666
2878-RMWXY,Yes,Two year,No,Credit card (automatic),0,72,"7,550"
2880-FPNAE,Yes,Month-to-month,No,Electronic check,0,2,140
2882-DDZPG,No,Month-to-month,No,Bank transfer (automatic),0,12,227
2882-WDTBA,No,Two year,No,Bank transfer (automatic),0,69,"5,388"
2883-ILGWO,Yes,Month-to-month,No,Bank transfer (automatic),0,57,"5,913"
2884-GBPFB,No,Month-to-month,Yes,Electronic check,0,35,"2,416"
2885-HIJDH,No,Two year,No,Bank transfer (automatic),0,69,"6,194"
2886-KEFUM,No,One year,Yes,Electronic check,0,63,"6,873"
2887-JPYLU,No,Month-to-month,No,Bank transfer (automatic),0,41,"1,841"
2888-ADFAO,No,Two year,No,Bank transfer (automatic),0,47,"1,041"
2889-FPWRM,No,One year,Yes,Bank transfer (automatic),0,72,"8,684"
2890-WFBHU,No,One year,No,Credit card (automatic),0,59,"4,786"
2892-GESUL,No,Two year,No,Mailed check,0,18,309
2894-QOJRX,No,Month-to-month,Yes,Bank transfer (automatic),34,25,853
2896-TBNBE,No,One year,No,Electronic check,0,40,"3,132"
2897-DOVND,No,Month-to-month,No,Electronic check,0,2,146
2898-LSJGD,No,One year,Yes,Electronic check,0,21,"1,157"
2898-MRKPI,No,One year,No,Credit card (automatic),0,68,"6,770"
2900-PHPLN,Yes,Two year,No,Credit card (automatic),0,70,"1,462"
2903-YYTBW,No,Month-to-month,No,Electronic check,0,1,44
2904-GGUAZ,No,Two year,No,Bank transfer (automatic),0,72,"6,052"
2905-KFQUV,No,Month-to-month,No,Credit card (automatic),0,2,154
2907-ILJBN,No,One year,No,Mailed check,0,11,233
2908-WGAXL,No,Two year,No,Credit card (automatic),0,56,"1,468"
2908-ZTPNF,No,Month-to-month,No,Bank transfer (automatic),0,36,"1,267"
2911-IJORQ,No,One year,No,Bank transfer (automatic),0,37,"3,358"
2911-UREFD,No,Month-to-month,Yes,Electronic check,0,39,"2,184"
2911-WDXMV,No,Month-to-month,No,Credit card (automatic),0,18,"1,406"
2916-BQZLN,No,Month-to-month,No,Electronic check,0,19,"1,651"
2919-HBCJO,No,Month-to-month,Yes,Bank transfer (automatic),0,4,333
2920-RNCEZ,No,Month-to-month,No,Credit card (automatic),0,1,69
2921-XWDJH,Yes,Month-to-month,No,Electronic check,0,38,"3,147"
2923-ARZLG,No,One year,No,Mailed check,0,0,0
2924-KHUVI,No,One year,No,Electronic check,0,56,"5,514"
2925-MXLSX,No,One year,No,Credit card (automatic),0,30,"2,038"
2925-VDZHY,No,Two year,No,Credit card (automatic),0,72,"6,501"
2926-JEJJC,No,One year,No,Bank transfer (automatic),0,8,140
2927-CVULT,No,Two year,No,Bank transfer (automatic),0,53,"5,566"
2927-QRRQV,No,One year,No,Electronic check,0,46,"4,312"
2928-HLDBA,No,Month-to-month,No,Mailed check,0,6,112
2929-ERCFZ,No,Month-to-month,Yes,Electronic check,0,8,777
2929-QNSRW,No,One year,Yes,Electronic check,0,56,"5,508"
2930-UOTMB,No,Month-to-month,Yes,Credit card (automatic),0,31,"1,994"
2931-FSOHN,Yes,Month-to-month,No,Electronic check,0,13,788
2931-SVLTV,No,Month-to-month,No,Credit card (automatic),0,40,"4,469"
2931-VUVJN,Yes,One year,No,Electronic check,0,59,"5,483"
2931-XIQBR,No,One year,No,Mailed check,0,50,"5,153"
2933-FILNV,No,Month-to-month,Yes,Mailed check,0,2,36
2933-XEUJM,No,Two year,No,Mailed check,0,46,"3,593"
2937-FTHUR,No,Month-to-month,No,Electronic check,0,18,"1,166"
2946-KIQSP,No,Month-to-month,No,Mailed check,0,35,"1,175"
2947-DOMLJ,No,Month-to-month,Yes,Mailed check,0,1,50
2951-QOQTK,No,Month-to-month,Yes,Credit card (automatic),0,4,332
2952-QAYZF,No,Month-to-month,Yes,Electronic check,0,5,424
2954-PIBKO,No,Two year,No,Credit card (automatic),0,69,"4,254"
2955-BJZHG,No,Month-to-month,Yes,Electronic check,0,17,"1,400"
2955-PSXOE,No,Month-to-month,Yes,Bank transfer (automatic),0,1,20
2956-GGUCQ,Yes,Month-to-month,Yes,Electronic check,0,24,"1,772"
2957-JIRMN,Yes,One year,No,Electronic check,0,62,"4,959"
2957-LOLHO,No,Month-to-month,Yes,Bank transfer (automatic),0,12,518
2958-NHPPS,No,Month-to-month,No,Electronic check,0,23,473
2959-EEXWB,No,Month-to-month,No,Bank transfer (automatic),0,45,"2,333"
2959-FENLU,No,Month-to-month,No,Credit card (automatic),0,9,781
2959-MJHIC,No,Month-to-month,Yes,Electronic check,0,4,307
2960-NKRSO,No,Month-to-month,No,Electronic check,0,24,"2,107"
2961-VNFKL,No,Two year,No,Credit card (automatic),0,71,"1,801"
2962-XPMCQ,No,Month-to-month,Yes,Electronic check,0,2,98
2967-MXRAV,No,One year,No,Mailed check,0,1,18
2968-SSGAA,No,Month-to-month,Yes,Electronic check,0,10,"1,060"
2969-QWUBZ,No,Month-to-month,No,Electronic check,0,2,96
2969-VAPYH,No,One year,No,Credit card (automatic),0,67,"3,870"
2969-WGHQO,No,One year,No,Electronic check,0,7,477
2971-SGAFL,No,Month-to-month,No,Electronic check,0,13,995
2972-YDYUW,No,One year,No,Electronic check,0,57,"5,468"
2974-GGUXS,Yes,Month-to-month,No,Credit card (automatic),0,36,"3,301"
2977-CEBSX,No,Two year,No,Credit card (automatic),0,66,"5,965"
2978-XXSOG,No,Month-to-month,No,Mailed check,0,22,"1,253"
2979-SXESE,No,Month-to-month,Yes,Electronic check,0,17,"1,607"
2982-IHMFT,Yes,Month-to-month,Yes,Mailed check,0,1,74
2982-VPSGI,No,Month-to-month,Yes,Electronic check,94,11,"1,078"
2983-ZANRP,No,Month-to-month,Yes,Bank transfer (automatic),0,2,145
2984-AFWNC,No,Month-to-month,No,Electronic check,0,3,293
2984-MIIZL,No,Month-to-month,Yes,Bank transfer (automatic),0,4,321
2984-RGEYA,No,Two year,No,Bank transfer (automatic),0,69,"1,375"
2984-TBYKU,No,Two year,No,Credit card (automatic),0,72,"7,732"
2985-FMWYF,No,Month-to-month,No,Electronic check,0,23,"2,341"
2985-JUUBZ,No,Month-to-month,No,Electronic check,0,40,"3,015"
2987-BJXIK,No,Two year,No,Mailed check,0,70,"5,991"
2988-GBIVW,Yes,Month-to-month,No,Electronic check,0,70,"6,470"
2988-PLAHS,No,One year,No,Electronic check,0,3,220
2988-QRAJY,No,Two year,No,Credit card (automatic),0,69,"7,430"
2990-HWIML,No,Month-to-month,Yes,Electronic check,0,6,573
2990-IAJSV,No,Two year,No,Bank transfer (automatic),92,72,"6,632"
2990-OGYTD,No,Two year,No,Bank transfer (automatic),0,67,"5,883"
2995-UPRYS,Yes,One year,Yes,Credit card (automatic),0,40,"4,062"
2995-YWTCD,No,Two year,No,Bank transfer (automatic),0,19,467
2996-XAUVF,No,Two year,No,Mailed check,0,70,"2,799"
2999-AANRQ,No,Two year,No,Credit card (automatic),0,21,"1,524"
3001-CBHLQ,Yes,Month-to-month,Yes,Electronic check,0,32,"3,351"
3001-UNBTL,Yes,Month-to-month,No,Electronic check,0,29,"2,964"
3002-WQZWT,No,Month-to-month,No,Electronic check,0,29,"1,993"
3003-CMDUU,No,Month-to-month,No,Electronic check,0,25,"2,395"
3005-NFMTA,Yes,Month-to-month,Yes,Electronic check,0,55,"5,617"
3005-TYFRD,No,Month-to-month,No,Credit card (automatic),0,55,"5,676"
3006-XIMLN,No,Month-to-month,Yes,Bank transfer (automatic),0,2,193
3007-FDPEA,No,Month-to-month,No,Bank transfer (automatic),0,2,39
3009-JWMPU,No,One year,Yes,Electronic check,0,62,"6,125"
3011-WQKSZ,No,Month-to-month,No,Electronic check,20,19,377
3012-VFFMN,No,Month-to-month,No,Mailed check,0,7,158
3014-WJKSM,No,Month-to-month,No,Credit card (automatic),0,29,"2,263"
3016-KSVCP,No,Month-to-month,No,Mailed check,0,29,"1,009"
3018-TFTSU,No,Month-to-month,Yes,Bank transfer (automatic),0,12,858
3021-VLNRJ,No,One year,No,Credit card (automatic),0,50,"3,478"
3022-BEXHZ,No,Two year,No,Bank transfer (automatic),0,67,"7,530"
3023-GFLBR,No,Month-to-month,Yes,Credit card (automatic),0,33,"2,745"
3026-ATZYV,No,One year,No,Bank transfer (automatic),0,37,"2,658"
3027-YNWZU,No,Two year,No,Credit card (automatic),25,64,"1,584"
3027-ZTDHO,No,Month-to-month,Yes,Electronic check,0,1,89
3030-YDNRM,No,Month-to-month,No,Electronic check,0,8,572
3030-YZADT,No,Month-to-month,Yes,Mailed check,0,9,431
3030-ZKIWL,No,Month-to-month,No,Mailed check,0,1,20
3034-ZBEQN,No,One year,Yes,Mailed check,0,48,"1,604"
3038-PQIUY,No,Month-to-month,No,Bank transfer (automatic),0,38,"2,522"
3039-MJSLN,No,Month-to-month,No,Bank transfer (automatic),0,3,50
3043-SUDUA,No,Month-to-month,No,Bank transfer (automatic),0,32,601
3043-TYBNO,No,Month-to-month,No,Mailed check,0,3,196
3045-XETSH,No,Month-to-month,Yes,Electronic check,0,10,953
3049-NDXFL,No,Month-to-month,Yes,Mailed check,0,1,85
3049-SOLAY,No,Month-to-month,Yes,Electronic check,0,3,292
3050-GBUSH,No,Month-to-month,No,Credit card (automatic),0,3,113
3050-RLLXC,No,Two year,No,Credit card (automatic),0,56,"4,620"
3055-MJDSB,No,Month-to-month,No,Mailed check,0,9,190
3055-OYMSE,Yes,Month-to-month,No,Credit card (automatic),0,53,"4,003"
3055-VTCGS,No,One year,No,Credit card (automatic),0,63,"3,503"
3057-VJJQE,No,Two year,No,Mailed check,0,35,"1,924"
3058-HJCUY,No,One year,Yes,Electronic check,0,41,"4,213"
3058-WQDRE,No,Month-to-month,No,Bank transfer (automatic),0,13,331
3059-NGMXB,No,Month-to-month,No,Mailed check,0,14,944
3061-BCKYI,No,Month-to-month,No,Mailed check,0,14,283
3062-ICYZQ,No,Month-to-month,No,Electronic check,0,51,"4,539"
3063-QFSZL,No,Month-to-month,Yes,Electronic check,0,1,55
3066-RRJIO,No,Month-to-month,Yes,Mailed check,0,1,69
3067-SVMTC,No,One year,No,Bank transfer (automatic),0,68,"3,848"
3068-OMWZA,Yes,Month-to-month,Yes,Electronic check,0,1,88
3069-SSVSN,No,One year,No,Mailed check,0,1,25
3070-BDOQC,No,Two year,No,Electronic check,0,60,"5,941"
3070-DVEYC,Yes,Month-to-month,Yes,Mailed check,0,7,545
3070-FNFZQ,No,Two year,No,Bank transfer (automatic),0,23,478
3071-MVJCD,No,Two year,No,Bank transfer (automatic),0,72,"5,815"
3071-VBYPO,No,Month-to-month,No,Electronic check,0,3,248
3074-GQWYX,No,Month-to-month,Yes,Bank transfer (automatic),0,5,357
3077-RSNTJ,No,Month-to-month,No,Mailed check,0,6,113
3078-ZKNTS,No,Two year,No,Bank transfer (automatic),0,13,246
3079-BCHLN,No,One year,No,Bank transfer (automatic),0,47,942
3082-VQXNH,No,Month-to-month,No,Credit card (automatic),0,3,94
3082-WQRVY,Yes,One year,No,Mailed check,0,14,228
3082-YVEKW,No,Two year,No,Bank transfer (automatic),0,23,"1,759"
3084-DOWLE,No,Two year,No,Bank transfer (automatic),92,72,"6,474"
3085-QUOZK,No,Month-to-month,Yes,Mailed check,0,1,43
3086-RUCRN,No,Month-to-month,No,Bank transfer (automatic),0,66,"6,595"
3088-FVYWK,No,Two year,No,Credit card (automatic),0,53,"1,336"
3088-LHEFH,No,Month-to-month,No,Bank transfer (automatic),79,11,929
3090-HAWSU,No,Two year,Yes,Credit card (automatic),0,61,"6,876"
3090-LETTY,No,Month-to-month,No,Bank transfer (automatic),0,2,134
3090-QFUVD,No,Month-to-month,No,Credit card (automatic),0,1,20
3091-FYHKI,No,Month-to-month,Yes,Electronic check,0,1,35
3092-IGHWF,No,One year,Yes,Electronic check,0,67,"5,918"
3094-JOJAI,No,Month-to-month,No,Mailed check,0,18,"1,387"
3096-GKWEB,No,Month-to-month,No,Electronic check,0,18,"1,691"
3096-IZETN,No,Month-to-month,Yes,Bank transfer (automatic),0,12,947
3096-JRDSO,Yes,Month-to-month,Yes,Bank transfer (automatic),0,27,"2,867"
3096-WPXBT,No,One year,No,Credit card (automatic),0,61,"6,018"
3096-YXENJ,No,Two year,No,Bank transfer (automatic),0,65,"7,082"
3097-FQTVJ,No,Two year,No,Mailed check,20,41,810
3097-IDVPU,No,Month-to-month,No,Credit card (automatic),0,19,910
3097-NNSPB,No,Month-to-month,Yes,Credit card (automatic),0,2,91
3097-NQYSN,Yes,Month-to-month,Yes,Mailed check,0,2,156
3097-PYWXL,No,Month-to-month,No,Electronic check,0,4,82
3099-OONVS,No,Month-to-month,No,Electronic check,0,25,"1,296"
3104-OWCGK,No,One year,Yes,Electronic check,0,60,"5,453"
3106-ULWFW,No,Month-to-month,Yes,Credit card (automatic),0,8,627
3108-PCCGG,Yes,Two year,No,Credit card (automatic),0,72,"5,899"
3113-IWHLC,No,Month-to-month,No,Mailed check,0,5,274
3115-CZMZD,No,Two year,No,Mailed check,0,0,0
3115-JPJDD,No,One year,No,Credit card (automatic),0,59,"4,639"
3118-UHVVQ,No,Two year,No,Credit card (automatic),0,68,"1,911"
3120-FAZKD,No,Two year,No,Bank transfer (automatic),0,54,"1,230"
3125-RAHBV,No,One year,No,Credit card (automatic),0,22,467
3126-WQMGH,No,Month-to-month,No,Credit card (automatic),0,49,"2,583"
3128-YOVTD,No,Month-to-month,No,Bank transfer (automatic),0,51,"4,018"
3129-AAQOU,No,Two year,No,Mailed check,0,19,485
3130-ICDUP,No,Month-to-month,No,Credit card (automatic),0,2,188
3131-NWVFJ,No,One year,No,Mailed check,0,14,294
3132-TVFDZ,Yes,Month-to-month,Yes,Electronic check,0,57,"2,572"
3133-PZNSR,No,Two year,No,Credit card (automatic),0,72,"6,991"
3134-DSHVC,No,Two year,No,Credit card (automatic),98,63,"6,218"
3137-LUPIX,No,Month-to-month,No,Mailed check,0,4,253
3137-NYQQI,No,One year,No,Mailed check,0,17,"1,175"
3138-BKYAV,No,Month-to-month,Yes,Electronic check,0,6,489
3143-ILDAL,No,Month-to-month,Yes,Electronic check,0,56,"5,124"
3143-JQEGI,No,Month-to-month,Yes,Electronic check,0,13,"1,222"
3144-AUDBS,No,Month-to-month,Yes,Electronic check,0,6,270
3144-KMTWZ,No,Month-to-month,No,Bank transfer (automatic),0,71,"6,669"
3146-JTQHR,No,One year,No,Bank transfer (automatic),0,10,189
3146-MSEGF,Yes,Two year,No,Credit card (automatic),0,72,"6,425"
3148-AOIQT,No,Two year,No,Credit card (automatic),0,69,"1,718"
3148-BLQJT,No,Month-to-month,Yes,Mailed check,0,1,20
3154-CFSZG,No,Month-to-month,No,Electronic check,0,47,"4,137"
3154-HMWUU,No,Two year,No,Bank transfer (automatic),0,60,"1,198"
3156-QLHBO,No,Month-to-month,No,Mailed check,0,2,48
3158-MOERK,No,Month-to-month,Yes,Electronic check,96,2,174
3160-TYXLT,No,Month-to-month,No,Bank transfer (automatic),0,53,"2,546"
3161-GETRM,No,Month-to-month,No,Credit card (automatic),0,34,"3,097"
3161-ONRWK,No,One year,No,Bank transfer (automatic),0,60,"3,928"
3162-KKZXO,Yes,One year,No,Electronic check,0,55,"5,409"
3162-ZJZFU,No,Month-to-month,No,Electronic check,0,53,"4,779"
3164-AALRN,No,One year,Yes,Mailed check,70,5,347
3164-YAXFY,No,Month-to-month,No,Electronic check,0,57,"3,196"
3165-HDOEW,No,Month-to-month,Yes,Mailed check,0,1,45
3166-PNEOF,No,Two year,No,Credit card (automatic),0,61,"5,175"
3167-SNQPL,Yes,Month-to-month,No,Electronic check,0,38,"3,741"
3170-GWYKC,No,Month-to-month,No,Bank transfer (automatic),0,60,"6,236"
3170-NMYVV,No,Two year,No,Bank transfer (automatic),0,50,930
3173-NVMPX,No,Month-to-month,No,Mailed check,0,9,501
3173-WSSUE,No,Two year,No,Credit card (automatic),0,71,"1,415"
3174-AKMAS,No,Two year,No,Credit card (automatic),0,46,"3,009"
3174-RKMOW,No,Month-to-month,No,Electronic check,0,35,"3,782"
3177-LASXD,No,Month-to-month,Yes,Electronic check,0,1,71
3178-CIFOT,No,One year,No,Credit card (automatic),0,23,478
3178-FESZO,No,Month-to-month,Yes,Credit card (automatic),0,1,100
3179-GBRWV,Yes,Month-to-month,No,Bank transfer (automatic),0,21,"1,339"
3181-MIZBN,No,Month-to-month,No,Electronic check,0,16,313
3181-VTHOE,No,One year,No,Bank transfer (automatic),0,70,"3,635"
3186-AJIEK,No,Two year,No,Bank transfer (automatic),0,66,"6,844"
3186-BAXNB,No,Month-to-month,Yes,Electronic check,0,1,91
3190-FZATL,No,Month-to-month,No,Mailed check,0,14,268
3190-ITQXP,No,Two year,No,Bank transfer (automatic),0,46,890
3190-XFANI,No,One year,Yes,Bank transfer (automatic),0,49,"5,069"
3191-CSNMG,No,Month-to-month,No,Electronic check,0,3,239
3192-LNKRK,No,Month-to-month,No,Mailed check,0,34,"2,909"
3192-NQECA,No,Two year,Yes,Bank transfer (automatic),110,68,"7,611"
3194-ORPIK,No,Month-to-month,Yes,Bank transfer (automatic),0,50,"4,116"
3195-TQDZX,No,Month-to-month,No,Electronic check,0,3,61
3196-NVXLZ,No,Month-to-month,No,Mailed check,0,25,"2,088"
3197-ARFOY,Yes,Month-to-month,No,Mailed check,105,19,"2,007"
3197-NNYNB,No,Two year,No,Credit card (automatic),0,65,"6,631"
3198-VELRD,No,Month-to-month,Yes,Bank transfer (automatic),0,3,264
3199-NPKCN,No,One year,No,Electronic check,0,67,"7,511"
3199-XGZCY,No,Month-to-month,No,Electronic check,0,8,576
3200-MNQTF,No,Two year,No,Credit card (automatic),0,67,"4,677"
3205-MXZRA,No,One year,No,Credit card (automatic),0,26,"1,507"
3207-OYBWH,Yes,Month-to-month,Yes,Bank transfer (automatic),0,57,"5,427"
3208-YPIOE,No,Month-to-month,Yes,Electronic check,0,39,"3,017"
3209-ZPKFI,No,Month-to-month,No,Electronic check,0,47,"2,538"
3211-AAPKX,No,Month-to-month,No,Mailed check,0,20,"2,031"
3211-ILJTT,No,Month-to-month,Yes,Bank transfer (automatic),0,17,"1,214"
3212-KXOCR,No,Two year,No,Bank transfer (automatic),21,52,"1,107"
3213-VVOLG,No,Two year,No,Mailed check,0,0,0
3214-IYUUQ,No,One year,No,Bank transfer (automatic),0,61,"5,860"
3217-FZDMN,Yes,Month-to-month,Yes,Credit card (automatic),0,8,742
3219-JQRSL,Yes,Two year,No,Credit card (automatic),0,72,"6,352"
3221-CJMSG,No,Month-to-month,No,Credit card (automatic),0,24,"1,269"
3223-DWFIO,Yes,Month-to-month,No,Electronic check,0,4,261
3223-WZWJM,No,Month-to-month,Yes,Electronic check,0,26,"2,254"
3224-DFQNQ,No,One year,No,Electronic check,89,66,"5,898"
3227-WLKLI,No,Two year,No,Bank transfer (automatic),0,65,"5,963"
3229-USWAR,No,One year,No,Bank transfer (automatic),0,34,"2,727"
3230-IUALN,No,Two year,No,Mailed check,81,45,"3,533"
3230-JCNZS,No,Two year,No,Credit card (automatic),99,71,"7,061"
3230-WYKIR,No,One year,Yes,Credit card (automatic),82,18,"1,425"
3234-VKACU,No,Month-to-month,No,Electronic check,0,2,132
3235-ETOOB,No,Month-to-month,Yes,Electronic check,0,8,609
3237-AJGEH,No,Month-to-month,Yes,Mailed check,31,3,95
3239-TPHPZ,No,Two year,No,Electronic check,0,12,264
3243-ZHOHY,No,One year,No,Mailed check,0,16,296
3244-CQPHU,Yes,Two year,No,Bank transfer (automatic),0,72,"7,746"
3244-DCJWY,No,Month-to-month,Yes,Electronic check,0,1,70
3247-MHJKM,No,Month-to-month,No,Mailed check,0,1,20
3247-ZVOUO,Yes,Month-to-month,Yes,Electronic check,0,10,851
3249-VHRIP,No,Two year,No,Credit card (automatic),0,62,"2,748"
3249-ZPQRG,No,Month-to-month,Yes,Electronic check,0,4,330
3251-YMVWZ,No,One year,No,Bank transfer (automatic),0,53,"1,301"
3253-HKOKL,No,One year,No,Electronic check,0,52,"5,244"
3254-YRILK,Yes,Month-to-month,Yes,Electronic check,0,19,"1,775"
3255-GRXMG,No,Month-to-month,No,Credit card (automatic),0,18,747
3256-EZDBI,Yes,Month-to-month,No,Credit card (automatic),0,51,"1,459"
3258-SANFR,Yes,Month-to-month,No,Credit card (automatic),0,6,276
3258-SYSWS,Yes,Two year,No,Bank transfer (automatic),0,72,"7,845"
3258-ZKPAI,No,Two year,No,Bank transfer (automatic),0,72,"8,337"
3259-FDWOY,No,Two year,Yes,Bank transfer (automatic),106,71,"7,723"
3259-KNMRR,Yes,Two year,No,Bank transfer (automatic),0,57,"4,438"
3259-QMXUN,No,Two year,No,Electronic check,0,58,"4,890"
3261-CQXOL,No,Two year,No,Bank transfer (automatic),0,71,"1,813"
3262-EIDHV,No,Two year,No,Credit card (automatic),0,72,"5,893"
3266-FTKHB,No,Two year,No,Mailed check,0,17,343
3269-ATYWD,Yes,Month-to-month,Yes,Bank transfer (automatic),0,39,"3,759"
3272-VUHPV,No,Month-to-month,No,Bank transfer (automatic),0,8,401
3274-NSDWE,No,Two year,No,Credit card (automatic),0,68,"1,441"
3275-RHRNE,No,One year,No,Credit card (automatic),60,28,"1,682"
3276-HDUEG,No,Month-to-month,Yes,Mailed check,0,1,75
3278-FSIXX,No,Month-to-month,No,Mailed check,0,2,74
3279-DYZQM,No,Two year,No,Mailed check,0,71,"1,378"
3280-MRDOF,Yes,Two year,No,Credit card (automatic),0,30,"2,093"
3280-NMUVX,No,One year,No,Credit card (automatic),0,34,678
3282-ZISZV,No,One year,No,Credit card (automatic),0,32,"2,633"
3283-WCWXT,No,Two year,No,Mailed check,0,6,153
3284-SVCRO,No,Two year,No,Mailed check,0,45,"1,121"
3285-UCQVC,No,Month-to-month,Yes,Credit card (automatic),0,37,973
3292-PBZEJ,Yes,Month-to-month,No,Electronic check,0,11,"1,183"
3295-YVUSR,Yes,Month-to-month,No,Mailed check,0,2,154
3296-SILRA,Yes,Month-to-month,Yes,Mailed check,0,1,76
3298-QEICA,No,Two year,No,Mailed check,0,23,813
3301-LSLWQ,No,Month-to-month,No,Electronic check,0,29,"1,912"
3301-VKTGC,No,One year,No,Bank transfer (automatic),0,68,"5,696"
3307-TLCUD,No,Month-to-month,No,Mailed check,0,17,592
3308-DGHKL,No,Two year,No,Bank transfer (automatic),0,69,"1,447"
3308-JSGML,Yes,Two year,No,Credit card (automatic),0,59,"3,886"
3308-MHOOC,No,Month-to-month,No,Mailed check,0,1,19
3312-UUMZW,No,Month-to-month,No,Credit card (automatic),0,32,"3,145"
3312-ZWLGF,Yes,Month-to-month,No,Electronic check,0,29,"2,414"
3313-QKNKB,No,One year,Yes,Electronic check,0,59,"5,084"
3315-IKYZQ,No,One year,No,Mailed check,0,28,"1,386"
3315-TOTBP,No,Month-to-month,Yes,Mailed check,76,15,"1,130"
3316-UWXUY,No,Month-to-month,No,Credit card (automatic),0,50,"4,747"
3317-HRTNN,Yes,Month-to-month,Yes,Electronic check,0,5,198
3317-VLGQT,No,Month-to-month,No,Electronic check,0,14,"1,122"
3318-ISQFQ,No,Month-to-month,No,Bank transfer (automatic),0,20,413
3318-NMQXL,No,Month-to-month,No,Electronic check,92,3,266
3318-OSATS,Yes,Month-to-month,Yes,Electronic check,0,35,"3,474"
3319-DWOEP,Yes,Month-to-month,Yes,Electronic check,0,6,573
3320-VEOYC,Yes,Month-to-month,No,Electronic check,0,14,"1,273"
3323-CPBWR,No,Month-to-month,No,Credit card (automatic),0,23,"2,085"
3324-OIRTO,No,One year,No,Bank transfer (automatic),0,71,"7,288"
3325-FUYCG,No,One year,Yes,Electronic check,0,28,"2,847"
3327-YBAKM,No,One year,No,Mailed check,0,64,"6,314"
3329-WDIOK,No,Month-to-month,Yes,Electronic check,0,3,155
3331-HQDTW,No,Month-to-month,Yes,Mailed check,0,34,"3,587"
3334-CTHOL,No,Month-to-month,Yes,Bank transfer (automatic),0,1,49
3336-JORSO,Yes,Month-to-month,Yes,Electronic check,0,33,"3,655"
3338-CVVEH,No,Month-to-month,No,Electronic check,0,12,"1,173"
3339-EAQNV,Yes,One year,No,Credit card (automatic),0,72,"7,133"
3340-QBBFM,Yes,One year,No,Credit card (automatic),0,36,"1,992"
3345-JHUEO,No,Month-to-month,No,Electronic check,0,4,55
3345-PBBFH,No,Month-to-month,No,Bank transfer (automatic),0,8,393
3346-BRMIS,Yes,Month-to-month,Yes,Electronic check,0,18,810
3347-YJZZE,No,Month-to-month,No,Credit card (automatic),0,29,"2,211"
3348-CFRNX,No,Month-to-month,Yes,Mailed check,0,28,"2,602"
3349-ANQNH,Yes,One year,No,Electronic check,0,59,"5,890"
3351-NGXYI,Yes,Month-to-month,No,Electronic check,0,16,889
3351-NQLDI,No,One year,Yes,Credit card (automatic),0,67,"6,341"
3352-ALMCK,No,Month-to-month,No,Mailed check,0,40,"4,108"
3352-RICWQ,No,Two year,No,Mailed check,0,9,210
3354-OADJP,No,One year,No,Bank transfer (automatic),0,8,447
3359-DSRKA,No,Two year,No,Mailed check,0,58,"1,158"
3363-DTIVD,No,Two year,No,Electronic check,0,71,"7,405"
3363-EWLGO,No,Month-to-month,No,Mailed check,0,5,109
3365-SAIGS,No,Month-to-month,No,Electronic check,0,17,"1,329"
3370-GQEAL,No,Month-to-month,No,Electronic check,0,30,"2,509"
3370-HXOPH,No,Month-to-month,No,Electronic check,0,3,257
3372-CDXFJ,No,One year,No,Bank transfer (automatic),0,13,343
3372-KWFBM,Yes,Month-to-month,Yes,Electronic check,0,16,"1,281"
3373-DIUUN,No,Two year,No,Mailed check,0,30,711
3373-YZZYM,No,Month-to-month,No,Mailed check,0,1,19
3374-LXDEV,No,Month-to-month,Yes,Electronic check,0,13,"1,132"
3374-PZLXD,No,Month-to-month,No,Mailed check,0,34,675
3374-TTZTK,No,Two year,No,Electronic check,0,52,"5,487"
3376-BMGFE,No,Month-to-month,Yes,Bank transfer (automatic),0,4,273
3378-AJRAO,No,One year,No,Electronic check,0,44,"1,013"
3384-CTMSF,No,Month-to-month,No,Electronic check,0,47,"5,135"
3387-PLKUI,No,Month-to-month,No,Mailed check,0,13,251
3387-VATUS,No,Month-to-month,Yes,Bank transfer (automatic),0,5,462
3389-KTRXV,No,Two year,No,Mailed check,0,23,625
3389-YGYAI,Yes,Month-to-month,Yes,Electronic check,0,8,829
3391-JSQEW,No,Month-to-month,No,Mailed check,0,40,"2,058"
3392-EHMNK,No,Two year,No,Credit card (automatic),0,67,"6,302"
3393-FMZPV,No,Month-to-month,Yes,Electronic check,0,25,"2,387"
3396-DKDEL,No,Two year,No,Credit card (automatic),0,70,"8,250"
3397-AVTKU,No,Two year,No,Electronic check,60,43,"2,548"
3398-FSHON,Yes,Month-to-month,Yes,Electronic check,0,12,"1,094"
3398-GCPMU,Yes,Two year,No,Credit card (automatic),0,72,"6,448"
3398-ZOUAA,Yes,Month-to-month,Yes,Electronic check,0,21,"1,474"
3399-BMLVW,No,Two year,No,Credit card (automatic),0,51,"3,121"
3400-ESFUW,No,Two year,Yes,Bank transfer (automatic),0,55,"3,046"
3401-URHDA,No,One year,No,Credit card (automatic),0,51,"3,043"
3402-XRIUO,Yes,Month-to-month,No,Mailed check,0,22,"1,381"
3404-JNXAX,No,Month-to-month,No,Electronic check,0,51,"4,116"
3407-JMJQQ,No,Two year,No,Bank transfer (automatic),109,71,"7,661"
3407-QGWLG,No,Month-to-month,No,Mailed check,0,3,75
3410-MHHUM,No,One year,No,Electronic check,0,44,"4,295"
3410-YOQBQ,No,Two year,No,Mailed check,0,31,"2,497"
3411-WLRSQ,Yes,Month-to-month,No,Bank transfer (automatic),0,3,239
3413-BMNZE,Yes,Month-to-month,No,Bank transfer (automatic),0,1,45
3413-CSSTH,No,Month-to-month,No,Bank transfer (automatic),0,41,"2,237"
3413-DHLPB,No,Month-to-month,No,Bank transfer (automatic),0,60,"5,969"
3415-TAILE,No,Month-to-month,Yes,Mailed check,0,2,134
3417-TSCIC,No,One year,No,Mailed check,0,29,788
3419-SNJJD,Yes,Month-to-month,Yes,Bank transfer (automatic),0,65,"6,786"
3420-YJLQT,No,Month-to-month,No,Electronic check,0,2,151
3420-ZDBMA,Yes,Month-to-month,No,Mailed check,0,5,371
3422-GALYP,No,Month-to-month,No,Electronic check,0,2,145
3422-LYEPQ,No,Month-to-month,Yes,Electronic check,71,1,71
3422-WJOYD,No,One year,No,Mailed check,0,28,"1,426"
3423-HHXAO,No,One year,No,Mailed check,0,14,272
3424-NMNBO,Yes,One year,Yes,Electronic check,0,58,"6,287"
3426-NIYYL,No,Month-to-month,Yes,Electronic check,0,15,765
3427-GGZZI,No,Month-to-month,No,Electronic check,0,19,"1,620"
3428-MMGUB,No,Two year,No,Electronic check,0,60,"5,231"
3428-XZMAZ,No,Month-to-month,Yes,Electronic check,0,1,69
3429-IFLEM,No,Two year,No,Credit card (automatic),0,71,"5,550"
3439-GVUSX,No,Month-to-month,No,Mailed check,0,1,24
3440-JPSCL,No,Month-to-month,Yes,Mailed check,0,6,547
3441-CGZJH,No,One year,No,Credit card (automatic),0,43,"2,640"
3442-ZHHCC,No,One year,No,Credit card (automatic),0,68,"5,023"
3445-HXXGF,Yes,Month-to-month,Yes,Electronic check,0,58,"2,651"
3446-QDSZF,No,Month-to-month,No,Credit card (automatic),0,4,227
3450-WXOAT,No,Month-to-month,No,Credit card (automatic),0,46,"2,065"
3451-VAWLI,No,Two year,No,Credit card (automatic),0,35,730
3452-ABWRL,Yes,Month-to-month,No,Credit card (automatic),0,47,"3,865"
3452-FLHYD,No,One year,No,Bank transfer (automatic),0,25,495
3452-GWUIN,Yes,Month-to-month,No,Electronic check,0,19,"1,760"
3452-SRFEG,No,Month-to-month,No,Bank transfer (automatic),0,49,"3,720"
3453-RTHJQ,No,Month-to-month,No,Electronic check,0,6,435
3454-JFUBC,Yes,Two year,No,Credit card (automatic),20,68,"1,396"
3457-PQBYH,No,Two year,No,Credit card (automatic),0,58,"1,160"
3458-IDMFK,No,Two year,No,Mailed check,0,25,499
3460-TJBWI,No,Two year,No,Mailed check,0,24,609
3462-BJQQA,No,Month-to-month,No,Electronic check,0,6,552
3466-BYAVD,No,Month-to-month,No,Mailed check,0,15,"1,071"
3466-RITXD,No,Month-to-month,No,Credit card (automatic),0,26,"2,349"
3466-WAESX,No,Month-to-month,No,Electronic check,0,16,"1,083"
3468-DRVQJ,No,One year,No,Electronic check,0,10,676
3470-BTGQO,No,Month-to-month,No,Mailed check,0,21,985
3470-OBUET,No,Two year,No,Credit card (automatic),74,67,"4,868"
3472-OAOOR,No,Month-to-month,No,Mailed check,0,19,610
3472-QPRCH,No,Two year,No,Credit card (automatic),0,40,"1,006"
3473-XIIIT,No,Month-to-month,Yes,Electronic check,100,16,"1,534"
3474-BAFSJ,No,Two year,No,Bank transfer (automatic),0,57,"3,265"
3481-JHUZH,No,Month-to-month,No,Electronic check,0,41,"3,439"
3482-ABPKK,No,One year,No,Mailed check,0,28,"1,546"
3486-HOOGQ,No,Two year,No,Bank transfer (automatic),0,70,"5,743"
3486-KHMLI,No,Month-to-month,No,Mailed check,0,21,467
3486-NPGST,No,One year,No,Mailed check,0,36,620
3487-EARAT,No,One year,No,Credit card (automatic),0,70,"5,222"
3488-PGMQJ,Yes,Month-to-month,Yes,Electronic check,0,8,606
3489-HHPFY,No,Month-to-month,No,Electronic check,0,2,134
3489-VSFRD,No,One year,No,Credit card (automatic),0,56,"3,282"
3494-JCHRQ,No,Month-to-month,Yes,Electronic check,0,1,70
3496-LFSZU,No,Month-to-month,No,Electronic check,0,4,294
3498-LZGQZ,No,Two year,No,Mailed check,0,63,"1,177"
3500-NSDOA,No,Two year,No,Credit card (automatic),0,68,"4,859"
3500-RMZLT,Yes,Month-to-month,Yes,Mailed check,0,15,"1,426"
3503-TYDAY,No,Month-to-month,No,Electronic check,0,43,"3,398"
3506-LCJDC,No,Month-to-month,Yes,Bank transfer (automatic),0,1,19
3506-OVLKD,No,One year,No,Bank transfer (automatic),0,35,954
3507-GASNP,No,Two year,No,Mailed check,0,60,"1,189"
3508-CFVZL,No,Two year,No,Mailed check,0,71,"7,985"
3508-VLHCZ,No,Two year,No,Credit card (automatic),0,71,"6,239"
3509-GWQGF,Yes,Month-to-month,No,Credit card (automatic),70,24,"1,732"
3511-APPBJ,No,One year,No,Credit card (automatic),0,23,"2,292"
3511-BFTJW,No,Two year,No,Credit card (automatic),0,72,"2,763"
3512-IZIKN,No,Two year,Yes,Credit card (automatic),0,70,"4,759"
3518-FSTWG,Yes,Two year,No,Bank transfer (automatic),0,72,"7,920"
3518-PZXZQ,No,Month-to-month,No,Mailed check,0,1,55
3519-ZKXGG,No,Month-to-month,Yes,Electronic check,0,3,256
3520-FJGCV,No,Two year,No,Credit card (automatic),0,72,"8,126"
3521-HTQTV,No,Two year,No,Bank transfer (automatic),0,34,980
3521-MNKLV,No,Month-to-month,No,Mailed check,0,24,"1,167"
3521-SYVOR,No,Month-to-month,Yes,Electronic check,0,37,"2,345"
3522-CDKHF,No,Month-to-month,No,Bank transfer (automatic),0,32,"2,324"
3523-BRGUW,Yes,One year,No,Credit card (automatic),0,26,504
3523-QRQLL,No,One year,Yes,Bank transfer (automatic),0,22,"1,498"
3524-WQDSG,No,Month-to-month,No,Bank transfer (automatic),0,43,"4,209"
3525-DVKFN,No,Two year,No,Mailed check,0,17,358
3528-HFRIQ,Yes,Month-to-month,No,Bank transfer (automatic),0,71,"3,765"
3530-CRZSB,No,Month-to-month,No,Mailed check,0,7,155
3530-VWVGU,No,Month-to-month,No,Mailed check,0,22,400
3533-UVMOM,No,Two year,No,Bank transfer (automatic),0,68,"4,741"
3536-IQCTX,Yes,Month-to-month,Yes,Electronic check,0,32,"2,661"
3537-HPKQT,No,Month-to-month,No,Credit card (automatic),0,55,"4,266"
3537-RYBHH,Yes,Month-to-month,No,Credit card (automatic),0,47,"3,252"
3538-WZPHD,No,Month-to-month,Yes,Electronic check,0,3,79
3540-RZJYU,No,Month-to-month,Yes,Electronic check,0,15,"1,270"
3541-ZNUHK,No,Month-to-month,No,Electronic check,0,55,"4,600"
3544-FBCAS,No,Two year,No,Credit card (automatic),0,72,"5,959"
3545-CNWRG,No,Month-to-month,No,Electronic check,0,49,"4,889"
3546-GHEAE,No,Two year,No,Mailed check,0,7,165
3547-LQRIK,No,One year,No,Electronic check,0,47,"1,250"
3549-ZTMNH,No,Two year,No,Bank transfer (automatic),24,12,269
3550-SAHFP,No,Month-to-month,Yes,Electronic check,0,33,"2,757"
3551-GAEGL,No,One year,No,Bank transfer (automatic),0,34,938
3551-HUAZH,Yes,Month-to-month,Yes,Electronic check,0,1,74
3552-CTCYF,No,Two year,No,Bank transfer (automatic),0,63,"6,597"
3556-BVQGL,No,One year,No,Mailed check,20,20,416
3557-HTYWR,No,Two year,No,Mailed check,0,47,"3,496"
3563-SVYLG,No,Two year,No,Credit card (automatic),0,68,"4,375"
3565-UNOCC,Yes,Month-to-month,Yes,Bank transfer (automatic),0,29,"2,952"
3566-CAAYU,No,Two year,No,Electronic check,0,64,"3,210"
3566-HJGPK,No,Month-to-month,No,Mailed check,0,1,45
3566-VVORZ,No,Month-to-month,No,Bank transfer (automatic),0,12,505
3567-PQTSO,No,One year,No,Electronic check,0,53,"5,576"
3569-EDBPQ,No,Month-to-month,No,Electronic check,0,24,"1,938"
3569-JFODW,No,Two year,No,Credit card (automatic),0,72,"6,652"
3569-VLDHH,No,One year,No,Electronic check,0,66,"5,013"
3570-YUEKJ,No,Month-to-month,No,Electronic check,0,42,"2,077"
3571-DPYUH,No,One year,No,Credit card (automatic),0,58,"5,430"
3571-RFHAR,No,Month-to-month,Yes,Electronic check,0,65,"6,941"
3572-UOLYZ,No,Month-to-month,No,Bank transfer (automatic),0,46,"3,958"
3572-UUHRS,No,One year,No,Bank transfer (automatic),0,45,867
3577-AMVUX,No,Month-to-month,No,Mailed check,0,1,55
3580-GICBM,No,Two year,No,Mailed check,0,61,"1,445"
3580-HYCSP,No,Two year,No,Bank transfer (automatic),0,72,"7,966"
3580-REOAC,No,Month-to-month,Yes,Credit card (automatic),0,10,435
3583-EKAPL,No,Month-to-month,Yes,Electronic check,55,1,55
3583-KRKMD,No,Month-to-month,No,Bank transfer (automatic),0,18,"1,373"
3584-WKTTW,No,One year,No,Electronic check,0,51,"5,720"
3585-ISXZP,No,Month-to-month,Yes,Bank transfer (automatic),0,8,778
3585-YNADK,No,One year,No,Bank transfer (automatic),0,57,"4,368"
3587-PMCOY,No,One year,No,Electronic check,0,10,"1,064"
3588-WSTTJ,Yes,Month-to-month,No,Electronic check,0,35,"3,554"
3589-PPVKW,No,Month-to-month,No,Mailed check,0,9,348
3590-TCXTB,No,Month-to-month,No,Mailed check,0,1,20
3594-BDSOA,No,One year,No,Credit card (automatic),0,24,482
3594-IVHJZ,No,Month-to-month,No,Mailed check,0,2,42
3594-KADLU,No,Month-to-month,No,Mailed check,0,3,101
3594-UVONA,No,One year,Yes,Credit card (automatic),0,35,"3,110"
3597-MVHJT,No,Month-to-month,No,Bank transfer (automatic),0,27,"2,595"
3597-YASZG,Yes,Two year,No,Bank transfer (automatic),0,70,"7,349"
3604-WLABM,No,Month-to-month,No,Electronic check,0,10,583
3605-JISKB,Yes,One year,No,Credit card (automatic),60,55,"3,316"
3606-SBKRY,No,One year,No,Electronic check,0,31,"1,523"
3606-TWKGI,Yes,Month-to-month,Yes,Electronic check,0,13,"1,364"
3612-YUNGG,No,Two year,No,Credit card (automatic),0,64,"6,741"
3612-YVGSJ,No,Two year,No,Credit card (automatic),0,71,"1,681"
3617-XLSGQ,No,Two year,No,Bank transfer (automatic),0,66,"7,082"
3620-EHIMZ,No,Two year,No,Mailed check,0,52,"1,031"
3620-MWJNE,No,Month-to-month,No,Mailed check,0,2,87
3621-CEOVK,Yes,Month-to-month,Yes,Electronic check,0,14,"1,369"
3621-CHYVB,No,Month-to-month,No,Bank transfer (automatic),0,57,"2,782"
3623-FQBOX,No,Month-to-month,No,Mailed check,0,21,416
3627-FCRDW,No,Month-to-month,Yes,Electronic check,71,9,672
3627-FHKBK,No,Month-to-month,Yes,Mailed check,0,1,75
3629-WEAAM,No,Month-to-month,No,Mailed check,0,8,504
3629-ZNKXA,Yes,Month-to-month,No,Electronic check,0,17,"1,752"
3633-CDBUW,No,One year,No,Electronic check,0,17,"1,445"
3635-JBPSG,No,Two year,No,Mailed check,0,15,603
3635-QQRQD,No,Two year,No,Credit card (automatic),0,62,"1,201"
3638-DIMPH,No,One year,No,Electronic check,0,13,592
3638-VBZTA,No,Two year,No,Bank transfer (automatic),0,68,"5,882"
3638-WEABW,No,Two year,No,Credit card (automatic),0,58,"3,505"
3639-XJHKQ,No,Month-to-month,No,Electronic check,0,19,"1,297"
3640-JQGJG,No,Month-to-month,No,Bank transfer (automatic),0,13,559
3640-PHQXK,No,Month-to-month,Yes,Electronic check,0,31,"2,806"
3642-BYHDO,No,Two year,No,Bank transfer (automatic),0,71,"1,389"
3642-GKTCT,No,One year,No,Mailed check,0,61,"6,993"
3643-AHCFP,Yes,Month-to-month,Yes,Bank transfer (automatic),0,7,644
3644-QXEHN,No,Month-to-month,No,Electronic check,97,13,"1,334"
3645-DEYGF,No,Month-to-month,No,Mailed check,0,1,20
3646-ITDGM,No,Two year,No,Bank transfer (automatic),0,56,"1,051"
3647-GMGDH,No,Month-to-month,Yes,Credit card (automatic),0,22,"1,914"
3648-GZPHF,No,One year,No,Mailed check,0,32,"1,151"
3649-JPUGY,No,Two year,No,Bank transfer (automatic),0,72,"6,201"
3653-NCRDJ,No,One year,No,Mailed check,0,43,776
3654-ARMGP,No,Two year,No,Credit card (automatic),0,61,"5,321"
3655-SNQYZ,No,Two year,No,Credit card (automatic),0,69,"7,895"
3656-TKRVZ,No,Month-to-month,Yes,Electronic check,0,3,165
3657-COGMW,Yes,Month-to-month,No,Credit card (automatic),0,52,"5,839"
3658-KIBGF,No,Month-to-month,Yes,Electronic check,0,1,54
3658-QQJYD,No,One year,No,Credit card (automatic),0,62,"4,698"
3662-FXJFO,No,Two year,No,Mailed check,0,54,"1,035"
3663-MITLP,No,Month-to-month,Yes,Electronic check,0,15,"1,457"
3665-JATSN,No,Month-to-month,No,Electronic check,0,19,710
3668-QPYBK,No,Month-to-month,Yes,Mailed check,0,2,108
3669-LVWZB,No,Month-to-month,Yes,Mailed check,51,5,305
3669-OYSJI,No,Month-to-month,Yes,Credit card (automatic),0,1,46
3669-WHAFY,No,Two year,No,Credit card (automatic),0,71,"8,078"
3671-SHRSP,No,Month-to-month,Yes,Mailed check,0,4,319
3672-YITQD,Yes,Month-to-month,Yes,Electronic check,0,36,"3,021"
3675-EQOZA,No,Month-to-month,No,Bank transfer (automatic),0,5,93
3675-YDUPJ,No,Month-to-month,No,Mailed check,0,10,193
3677-IYRBF,Yes,Month-to-month,Yes,Electronic check,0,2,78
3677-TNKIO,No,Month-to-month,Yes,Credit card (automatic),71,14,914
3678-MNGZX,No,Two year,No,Bank transfer (automatic),0,68,"1,377"
3679-XASPY,No,Month-to-month,No,Electronic check,0,1,19
3680-CTHUH,No,One year,No,Credit card (automatic),0,60,"7,049"
3682-YEUWS,No,Month-to-month,No,Mailed check,0,10,253
3683-QKIUE,No,Month-to-month,Yes,Bank transfer (automatic),0,6,288
3685-YLCMQ,No,One year,Yes,Electronic check,0,58,"6,219"
3688-FTHLT,No,Month-to-month,No,Bank transfer (automatic),0,16,"1,067"
3689-MOZGR,No,Month-to-month,No,Electronic check,0,29,926
3692-JHONH,Yes,One year,No,Electronic check,0,52,"5,621"
3694-DELSO,No,Month-to-month,No,Credit card (automatic),0,4,156
3694-GLTJM,No,Month-to-month,No,Credit card (automatic),0,5,92
3696-DFHHB,No,Two year,No,Bank transfer (automatic),0,68,"1,821"
3696-XRIEN,No,One year,No,Credit card (automatic),0,50,"4,179"
3701-SFMUH,No,Month-to-month,No,Credit card (automatic),0,7,516
3703-KBKZP,Yes,Month-to-month,No,Bank transfer (automatic),0,16,"1,261"
3703-TTEPD,No,Month-to-month,No,Bank transfer (automatic),0,21,"1,424"
3703-VAVCL,No,Month-to-month,Yes,Credit card (automatic),90,2,190
3704-IEAXF,No,Two year,No,Credit card (automatic),0,72,"3,784"
3705-PSNGL,No,One year,Yes,Electronic check,0,45,930
3705-RHRFR,No,Two year,No,Bank transfer (automatic),0,69,"6,875"
3707-GNWHM,No,Month-to-month,Yes,Mailed check,0,1,74
3707-LRWZD,No,One year,Yes,Electronic check,0,32,"2,781"
3709-OIJEA,No,One year,No,Electronic check,0,26,"2,184"
3712-PKXZA,No,One year,No,Credit card (automatic),0,61,"1,252"
3714-JTVOV,Yes,Month-to-month,Yes,Credit card (automatic),0,42,"3,229"
3714-NTNFO,No,Month-to-month,No,Electronic check,0,49,"3,906"
3714-XPXBW,No,Month-to-month,No,Credit card (automatic),0,37,"2,976"
3716-BDVDB,No,Month-to-month,Yes,Electronic check,0,1,69
3716-LRGXK,No,Two year,No,Credit card (automatic),0,60,"6,067"
3716-UVSPD,No,Month-to-month,No,Electronic check,0,1,49
3717-FDJFU,No,Two year,No,Mailed check,0,5,106
3717-LNXKW,No,Month-to-month,No,Bank transfer (automatic),0,38,"3,479"
3717-OEAUQ,No,Month-to-month,No,Mailed check,0,2,129
3717-OFRTN,No,Month-to-month,No,Bank transfer (automatic),0,1,19
3719-TDVQB,Yes,Two year,No,Mailed check,0,54,"1,031"
3720-DBRWL,No,Two year,No,Credit card (automatic),0,51,"4,307"
3721-CNEYS,No,Month-to-month,Yes,Electronic check,0,2,137
3721-CNZHX,No,One year,No,Mailed check,0,15,304
3721-WKIIL,No,Two year,No,Mailed check,0,27,561
3722-WPXTK,No,Month-to-month,Yes,Electronic check,0,1,88
3723-BFBGR,Yes,Month-to-month,No,Credit card (automatic),0,24,"1,291"
3724-BSCVH,No,One year,No,Mailed check,0,10,242
3724-UCSHY,No,Month-to-month,No,Mailed check,0,6,122
3726-TBHQT,No,Two year,No,Bank transfer (automatic),114,71,"8,175"
3727-JEZTU,No,Month-to-month,No,Mailed check,0,1,20
3727-OVPRY,No,One year,No,Credit card (automatic),0,66,"1,714"
3727-OWVYD,No,One year,No,Mailed check,0,35,"2,021"
3727-RJMEO,No,Month-to-month,Yes,Electronic check,0,6,460
3729-OWRVL,Yes,Two year,No,Electronic check,0,65,"7,246"
3733-LSYCE,No,Month-to-month,No,Bank transfer (automatic),0,15,"1,114"
3733-UOCWF,Yes,One year,No,Bank transfer (automatic),0,61,"5,251"
3733-ZEECP,No,Month-to-month,No,Electronic check,0,22,"1,232"
3736-BLEPA,No,One year,No,Bank transfer (automatic),0,28,"2,483"
3737-GCSPV,No,Month-to-month,Yes,Credit card (automatic),0,11,"1,222"
3737-XBQDD,No,Month-to-month,No,Bank transfer (automatic),0,24,"2,048"
3739-YBWAB,No,One year,No,Mailed check,0,36,"1,317"
3740-RLMVT,Yes,One year,No,Bank transfer (automatic),0,67,"4,119"
3744-ZBHON,No,Month-to-month,No,Electronic check,0,3,65
3744-ZRRDZ,No,Month-to-month,Yes,Electronic check,0,21,"1,852"
3745-HRPHI,No,Two year,No,Bank transfer (automatic),0,66,"3,632"
3746-EUBYR,No,Month-to-month,Yes,Bank transfer (automatic),0,1,74
3748-FVMZZ,No,Month-to-month,No,Electronic check,0,4,162
3750-CKVKH,No,Month-to-month,Yes,Electronic check,0,2,116
3750-RNQKR,No,Month-to-month,No,Mailed check,0,12,246
3750-YHRYO,No,One year,No,Mailed check,0,7,150
3751-KTZEL,No,Month-to-month,Yes,Mailed check,0,1,35
3752-CQSJI,No,Month-to-month,No,Mailed check,0,13,254
3753-TSEMP,No,Month-to-month,Yes,Electronic check,0,15,"1,390"
3754-DXMRT,Yes,Month-to-month,Yes,Electronic check,0,2,92
3755-JBMNH,Yes,Month-to-month,Yes,Bank transfer (automatic),0,16,"1,167"
3756-VNWDH,Yes,One year,No,Electronic check,0,65,"6,674"
3757-NJYBX,Yes,Month-to-month,Yes,Bank transfer (automatic),0,32,"3,520"
3758-CKOQL,No,One year,No,Credit card (automatic),107,59,"6,152"
3761-FLYZI,Yes,Month-to-month,No,Bank transfer (automatic),0,65,"7,082"
3763-GCZHZ,No,One year,Yes,Electronic check,0,66,"6,890"
3764-MNMOI,No,Two year,No,Credit card (automatic),0,46,908
3765-JXVKY,No,Month-to-month,Yes,Electronic check,0,1,74
3766-EJLFL,No,Two year,No,Bank transfer (automatic),0,68,"7,508"
3768-NLUBH,Yes,Month-to-month,Yes,Electronic check,0,57,"5,746"
3768-VHXQO,No,Two year,No,Credit card (automatic),0,67,"1,583"
3769-MHZNV,No,Two year,No,Mailed check,0,33,670
3771-PZOBW,No,Month-to-month,No,Credit card (automatic),0,20,"1,781"
3774-VBNXY,No,Two year,No,Mailed check,0,64,"1,277"
3776-EKTKM,Yes,Month-to-month,Yes,Electronic check,0,1,36
3777-XROBG,No,Two year,No,Credit card (automatic),0,58,"1,079"
3778-FOAQW,No,One year,No,Mailed check,0,24,456
3779-OSWCF,No,Two year,No,Credit card (automatic),0,71,"6,506"
3780-DDGSE,Yes,Month-to-month,No,Electronic check,0,35,"2,747"
3780-YVMFA,No,Month-to-month,No,Electronic check,0,8,564
3785-KTYSH,No,Two year,No,Mailed check,0,53,"1,279"
3785-NRHYR,No,Month-to-month,No,Mailed check,0,1,19
3786-WOVKF,Yes,One year,No,Bank transfer (automatic),0,72,"7,677"
3787-TRIAL,No,Month-to-month,No,Electronic check,0,21,565
3791-LGQCY,Yes,Month-to-month,Yes,Bank transfer (automatic),0,56,"5,688"
3793-MMFUH,Yes,Month-to-month,Yes,Electronic check,0,13,"1,290"
3794-NFNCH,No,Month-to-month,No,Mailed check,50,30,"1,474"
3795-CAWEX,No,Two year,No,Credit card (automatic),0,70,"8,152"
3795-GWTRD,No,Two year,No,Credit card (automatic),0,63,"4,707"
3796-ENZGF,No,Two year,No,Mailed check,0,63,"4,234"
3797-FKOGQ,No,Month-to-month,No,Electronic check,0,11,893
3797-VTIDR,No,Month-to-month,Yes,Electronic check,0,1,23
3798-EPWRR,Yes,Month-to-month,No,Electronic check,0,2,85
3799-ISUZQ,No,Month-to-month,Yes,Bank transfer (automatic),0,7,529
3800-LYTRK,No,One year,No,Mailed check,0,14,795
3801-HMYNL,No,Month-to-month,Yes,Mailed check,0,1,89
3803-KMQFW,No,Month-to-month,Yes,Mailed check,0,1,20
3804-RVTGV,No,Month-to-month,Yes,Bank transfer (automatic),0,50,"5,017"
3806-DXQOM,No,Month-to-month,Yes,Electronic check,0,4,137
3806-YAZOV,No,Month-to-month,No,Mailed check,0,3,56
3807-BPOMJ,No,One year,No,Electronic check,0,55,"5,276"
3807-XHCJH,No,Month-to-month,No,Electronic check,20,1,20
3808-HFKDE,No,Month-to-month,No,Electronic check,0,20,927
3810-DVDQQ,No,Two year,No,Bank transfer (automatic),0,72,"8,308"
3810-PJUHR,No,Two year,No,Mailed check,0,70,"1,715"
3811-VBYBZ,No,Month-to-month,Yes,Electronic check,0,7,673
3812-LRZIR,No,Two year,No,Electronic check,0,27,761
3813-DHBBB,No,Two year,No,Bank transfer (automatic),0,67,"3,521"
3814-MLAXC,No,Month-to-month,Yes,Credit card (automatic),0,31,"2,404"
3815-SLMEF,No,Month-to-month,Yes,Mailed check,0,3,139
3823-KYNQY,No,One year,No,Credit card (automatic),0,12,280
3824-RHKVR,No,Month-to-month,No,Credit card (automatic),0,17,340
3831-YCPUO,No,Two year,No,Credit card (automatic),0,72,"7,854"
3834-XUIFC,No,Month-to-month,Yes,Mailed check,0,7,602
3836-FZSDJ,Yes,Two year,No,Bank transfer (automatic),0,71,"1,901"
3838-OZURD,No,Month-to-month,Yes,Credit card (automatic),105,66,"7,133"
3841-CONLJ,No,Month-to-month,No,Electronic check,35,1,35
3841-NFECX,Yes,Two year,No,Credit card (automatic),0,71,"6,766"
3842-IYKUE,No,Month-to-month,Yes,Credit card (automatic),0,35,"2,917"
3842-QTGDL,No,Month-to-month,No,Bank transfer (automatic),0,16,"1,321"
3845-FXCYS,No,Month-to-month,No,Electronic check,0,2,31
3845-JHAMY,No,Month-to-month,No,Credit card (automatic),0,16,552
3847-BAERP,No,Month-to-month,No,Mailed check,0,10,247
3850-OKINF,No,One year,No,Electronic check,0,71,"4,692"
3853-LYGAM,No,Month-to-month,No,Bank transfer (automatic),0,17,"1,640"
3855-ONCAR,No,Month-to-month,No,Mailed check,0,4,299
3858-VOBET,No,Month-to-month,Yes,Electronic check,0,23,"1,710"
3858-XHYJO,No,One year,No,Bank transfer (automatic),0,40,"4,228"
3859-CVCET,No,Month-to-month,Yes,Mailed check,0,4,191
3863-IUBJR,No,One year,Yes,Credit card (automatic),0,12,696
3863-QSTYI,No,Month-to-month,No,Electronic check,0,59,"3,735"
3865-QBWSJ,Yes,Month-to-month,No,Mailed check,0,38,"3,162"
3865-YIOTT,No,One year,No,Bank transfer (automatic),0,72,"7,848"
3865-ZFZIB,No,Two year,No,Mailed check,0,19,358
3865-ZYKAD,Yes,Month-to-month,No,Credit card (automatic),0,69,"5,785"
3866-MDTUB,No,Month-to-month,Yes,Electronic check,0,2,146
3870-MQAMG,No,One year,Yes,Electronic check,0,54,"5,893"
3870-SPZSI,No,Two year,No,Credit card (automatic),0,70,"7,869"
3871-IKPYH,Yes,Month-to-month,Yes,Electronic check,0,1,69
3873-NFTGI,No,Month-to-month,No,Credit card (automatic),0,14,767
3873-WOSBC,No,Two year,No,Credit card (automatic),0,67,"1,784"
3874-EQOEP,No,Month-to-month,Yes,Mailed check,95,7,655
3877-JRJIP,No,Month-to-month,Yes,Electronic check,0,1,59
3878-AVSOQ,Yes,Month-to-month,No,Electronic check,0,1,71
3882-IYOIJ,No,Two year,No,Credit card (automatic),0,60,"6,758"
3884-HCSWG,No,Month-to-month,Yes,Electronic check,70,17,"1,144"
3884-UEBXB,No,Two year,No,Bank transfer (automatic),0,67,"2,434"
3886-CERTZ,No,One year,Yes,Electronic check,0,72,"8,109"
3887-PBQAO,No,One year,No,Credit card (automatic),0,45,"1,216"
3889-VWBID,No,Two year,No,Bank transfer (automatic),0,68,"5,776"
3890-RTCMS,No,Month-to-month,No,Mailed check,0,16,799
3891-NLXJB,No,Two year,No,Mailed check,0,37,"1,390"
3891-PUQOD,No,Month-to-month,Yes,Electronic check,0,1,59
3892-NXAZG,No,Two year,No,Credit card (automatic),0,72,"8,289"
3893-JRNFS,No,Month-to-month,No,Bank transfer (automatic),0,68,"2,796"
3896-RCYYE,No,Month-to-month,No,Credit card (automatic),0,67,"3,579"
3896-ZVNET,No,Two year,No,Mailed check,0,24,571
3898-BSJYF,No,One year,No,Credit card (automatic),0,10,693
3898-GUYTS,Yes,Month-to-month,No,Electronic check,0,45,"4,385"
3900-AQPHZ,No,Month-to-month,Yes,Mailed check,0,1,19
3902-FOIGH,Yes,Month-to-month,Yes,Electronic check,0,12,"1,218"
3902-MIVLE,No,Two year,No,Mailed check,0,63,"4,676"
3904-UKFRE,No,Month-to-month,No,Electronic check,0,4,336
3908-BLSYF,No,Month-to-month,Yes,Electronic check,0,6,497
3908-MKIMJ,Yes,Two year,No,Electronic check,0,68,"2,965"
3910-MRQOY,No,Two year,No,Bank transfer (automatic),0,72,"1,496"
3911-RSNHI,No,Two year,No,Credit card (automatic),0,71,"4,310"
3913-FCUUW,No,Two year,No,Bank transfer (automatic),0,72,"5,165"
3913-RDSJZ,No,Two year,No,Mailed check,0,64,"1,714"
3914-FDRHP,No,Month-to-month,No,Electronic check,0,9,770
3915-ODIYG,Yes,One year,No,Electronic check,0,60,"4,374"
3916-NRPAP,No,Month-to-month,No,Credit card (automatic),0,3,256
3920-HIHMQ,No,Month-to-month,No,Mailed check,0,26,"1,265"
3923-CSIHK,Yes,Month-to-month,Yes,Electronic check,0,50,"3,444"
3926-CUQZX,No,Month-to-month,Yes,Bank transfer (automatic),0,1,45
3926-YZVVX,No,One year,No,Bank transfer (automatic),0,41,"2,029"
3927-NLNRY,No,One year,Yes,Bank transfer (automatic),0,53,"4,867"
3930-ZGWVE,No,Month-to-month,No,Mailed check,0,1,19
3932-CMDTD,No,One year,Yes,Electronic check,0,4,443
3932-IJWDZ,No,Month-to-month,No,Bank transfer (automatic),0,45,"4,747"
3933-DQPWX,No,Two year,No,Credit card (automatic),0,50,"1,932"
3934-HXCFZ,No,Month-to-month,Yes,Electronic check,0,23,"2,186"
3935-TBRZZ,No,One year,No,Mailed check,0,44,"1,110"
3936-QQFLL,No,Month-to-month,No,Mailed check,0,2,39
3938-YFPXD,No,Two year,No,Credit card (automatic),0,72,"5,997"
3941-XTSKM,No,One year,No,Credit card (automatic),0,42,"2,049"
3943-KDREE,No,Month-to-month,Yes,Bank transfer (automatic),0,26,"1,834"
3945-GFWQL,No,Month-to-month,Yes,Electronic check,0,12,480
3946-JEWRQ,No,One year,No,Credit card (automatic),0,47,"4,563"
3946-MHCZW,No,Month-to-month,Yes,Mailed check,0,1,50
3948-FVVRP,No,Month-to-month,No,Mailed check,0,9,452
3948-KXDUF,No,Two year,No,Bank transfer (automatic),0,66,"4,447"
3948-XHGNA,No,Month-to-month,Yes,Bank transfer (automatic),0,24,"1,210"
3950-VPYJB,No,One year,No,Mailed check,0,57,"3,509"
3951-NJCVI,Yes,Month-to-month,No,Electronic check,0,42,"3,944"
3955-JBZZM,No,Month-to-month,No,Electronic check,0,20,"1,641"
3956-CJUST,Yes,Month-to-month,No,Bank transfer (automatic),0,23,"1,643"
3956-MGXOG,No,Month-to-month,No,Electronic check,0,28,"2,244"
3957-HHLMR,No,One year,No,Bank transfer (automatic),0,70,"4,543"
3957-LXOLK,Yes,Month-to-month,Yes,Electronic check,0,28,"3,152"
3957-SQXML,No,Two year,No,Credit card (automatic),0,34,894
3961-SXAXY,No,Month-to-month,No,Bank transfer (automatic),0,1,44
3963-RYFNS,No,Two year,No,Bank transfer (automatic),0,72,"8,013"
3966-HRMZA,Yes,Month-to-month,No,Mailed check,0,3,202
3967-KXAPS,No,Two year,No,Credit card (automatic),0,72,"6,719"
3967-VQOGC,No,Two year,No,Mailed check,0,67,"1,680"
3969-GYXEL,No,Month-to-month,No,Electronic check,0,11,838
3969-JQABI,No,Month-to-month,No,Credit card (automatic),0,58,"3,791"
3970-XGJDU,No,Two year,No,Credit card (automatic),0,62,"1,123"
3973-SKMLN,No,Two year,No,Credit card (automatic),0,71,"1,355"
3976-BWUCK,No,Month-to-month,Yes,Credit card (automatic),0,30,"2,804"
3976-HXHCE,No,Two year,No,Bank transfer (automatic),0,72,"1,414"
3976-NLDEZ,No,Month-to-month,No,Mailed check,0,1,20
3977-QCRSL,No,Month-to-month,No,Mailed check,0,5,117
3978-YNKDD,No,Two year,No,Credit card (automatic),0,19,467
3981-QSVQI,No,Month-to-month,No,Bank transfer (automatic),0,8,168
3982-DQLUS,Yes,Month-to-month,No,Electronic check,0,65,"5,688"
3982-JGSFD,No,One year,No,Credit card (automatic),0,36,695
3982-XWFZQ,No,Month-to-month,Yes,Electronic check,0,42,"2,203"
3985-HOYPM,No,One year,No,Mailed check,0,26,525
3987-KQDDU,No,Month-to-month,No,Electronic check,0,9,661
3988-RQIXO,Yes,Month-to-month,Yes,Electronic check,0,1,91
3990-QYKBE,Yes,Month-to-month,Yes,Electronic check,0,37,"3,473"
3992-YWPKO,No,Month-to-month,Yes,Credit card (automatic),0,6,669
3995-WFCSM,No,Month-to-month,No,Electronic check,0,2,111
3996-ZNWYK,Yes,Two year,No,Credit card (automatic),0,71,"1,388"
3999-QGRJH,Yes,Month-to-month,Yes,Electronic check,0,8,560
3999-WRNGR,No,Month-to-month,No,Electronic check,0,60,"3,069"
4000-VGMQP,No,One year,No,Credit card (automatic),0,38,"2,862"
4001-TSBTV,No,Month-to-month,No,Electronic check,0,58,"5,511"
4002-BQWPQ,No,Month-to-month,No,Bank transfer (automatic),0,25,"2,028"
4003-FUSHP,No,Month-to-month,No,Credit card (automatic),0,19,"1,093"
4003-OCTMP,No,One year,No,Electronic check,64,31,"1,910"
4006-HKYHO,No,Two year,No,Bank transfer (automatic),0,63,"5,309"
4007-NHVHI,Yes,Month-to-month,No,Electronic check,0,56,"5,219"
4009-ALQFH,No,Month-to-month,Yes,Electronic check,0,25,"2,369"
4010-YLMVT,No,Month-to-month,No,Credit card (automatic),0,56,"5,893"
4011-ARPHK,No,Month-to-month,No,Mailed check,0,27,"1,411"
4012-YCFAI,No,Two year,No,Mailed check,0,60,"3,766"
4012-ZTHBR,No,Month-to-month,No,Electronic check,0,21,926
4013-GUXND,No,Month-to-month,No,Mailed check,0,1,20
4013-TLDHQ,No,Month-to-month,Yes,Electronic check,0,19,"1,490"
4013-UBXWQ,No,Month-to-month,Yes,Electronic check,0,7,521
4016-BJKTZ,No,Two year,No,Electronic check,0,25,"2,809"
4018-KJYUY,No,Month-to-month,No,Credit card (automatic),0,22,432
4018-PPNDW,No,Two year,No,Mailed check,0,61,"1,551"
4020-KIUDI,No,Month-to-month,No,Credit card (automatic),0,6,138
4021-RQSNY,Yes,Month-to-month,Yes,Electronic check,0,29,"3,004"
4023-RTIQM,Yes,One year,No,Credit card (automatic),0,31,"1,580"
4024-CSNBY,No,Two year,No,Bank transfer (automatic),0,72,"6,849"
4026-SKKHW,No,Month-to-month,No,Mailed check,0,3,152
4029-HPFVY,No,Month-to-month,No,Mailed check,0,3,220
4030-VPZBD,No,Month-to-month,Yes,Electronic check,0,2,59
4032-RMHCI,No,One year,No,Credit card (automatic),0,41,"1,412"
4039-HEUNW,Yes,Month-to-month,Yes,Electronic check,0,36,"3,436"
4039-PIMHX,Yes,Two year,No,Mailed check,0,49,"2,398"
4043-MKDTV,No,Two year,No,Electronic check,0,71,"7,291"
4049-ZPALD,No,Two year,No,Bank transfer (automatic),99,64,"6,375"
4054-CUMIA,No,Month-to-month,No,Mailed check,0,18,401
4056-QHXHZ,No,Two year,No,Mailed check,0,72,"7,576"
4057-FKCZK,No,Two year,No,Bank transfer (automatic),0,58,"4,828"
4059-IIEBK,No,Month-to-month,No,Bank transfer (automatic),0,7,522
4060-LDNLU,No,Month-to-month,No,Electronic check,0,7,639
4061-UKJWL,No,Month-to-month,No,Mailed check,0,3,141
4062-HBMOS,No,Month-to-month,No,Electronic check,0,52,"5,364"
4063-EIKNQ,No,Month-to-month,No,Bank transfer (automatic),0,11,267
4065-JJAVA,No,Month-to-month,No,Electronic check,0,1,49
4067-HLYQI,No,Month-to-month,No,Bank transfer (automatic),0,33,"2,406"
4070-OKWVH,No,Month-to-month,No,Bank transfer (automatic),0,52,"5,025"
4072-IPYLT,No,Month-to-month,No,Credit card (automatic),0,36,"1,815"
4074-SJFFA,No,Month-to-month,Yes,Mailed check,0,1,54
4075-JFPGR,No,One year,No,Electronic check,0,51,"4,619"
4075-WKNIU,No,Two year,No,Mailed check,0,0,0
4077-CROMM,No,Month-to-month,Yes,Electronic check,0,31,"3,243"
4077-HWUYD,No,Two year,No,Bank transfer (automatic),0,72,"6,463"
4078-SAYYN,No,Month-to-month,Yes,Electronic check,0,11,"1,129"
4079-ULGFR,No,Month-to-month,No,Mailed check,20,16,275
4079-VTGLK,Yes,Two year,No,Electronic check,0,30,"2,181"
4079-WWQQQ,No,Two year,No,Bank transfer (automatic),0,72,"4,807"
4080-IIARD,No,Month-to-month,No,Electronic check,0,13,981
4080-OGPJL,No,Month-to-month,Yes,Electronic check,0,8,563
4081-DYXAV,No,One year,Yes,Credit card (automatic),0,19,893
4083-BFNYK,Yes,One year,No,Credit card (automatic),95,38,"3,591"
4083-EUGRJ,No,Month-to-month,Yes,Mailed check,0,9,178
4086-ATNFV,No,One year,No,Mailed check,0,34,"2,042"
4086-WITJG,No,Two year,No,Credit card (automatic),0,71,"1,301"
4086-YQSNZ,Yes,Month-to-month,Yes,Electronic check,0,3,224
4088-YLDSU,No,One year,Yes,Electronic check,0,55,"5,743"
4090-KPJIP,No,Month-to-month,No,Electronic check,0,3,212
4091-TVOCN,No,One year,No,Credit card (automatic),0,48,"3,682"
4092-OFQZS,No,One year,No,Mailed check,0,20,417
4094-NSEDU,Yes,Month-to-month,Yes,Electronic check,0,21,"1,973"
4097-YODCF,No,One year,No,Electronic check,0,34,"3,470"
4098-NAUKP,Yes,Month-to-month,No,Electronic check,0,68,"5,683"
4102-HLENU,No,Two year,No,Mailed check,0,67,"4,322"
4102-OQUPX,Yes,Month-to-month,Yes,Electronic check,0,1,74
4104-PVRPS,No,Month-to-month,No,Mailed check,0,24,"1,315"
4106-HADHQ,No,One year,Yes,Credit card (automatic),80,39,"3,182"
4109-CYRBD,Yes,Month-to-month,No,Electronic check,0,29,"1,442"
4110-PFEUZ,No,Month-to-month,Yes,Mailed check,0,1,69
4111-BNXIF,No,Two year,No,Electronic check,0,67,"4,103"
4112-LUEIZ,No,Month-to-month,Yes,Electronic check,0,10,863
4114-QMKVN,No,One year,No,Bank transfer (automatic),0,56,"3,815"
4115-BNPJY,No,Two year,No,Mailed check,0,29,"2,054"
4115-NZRKS,Yes,Month-to-month,No,Electronic check,0,7,574
4115-UMJFQ,No,One year,No,Bank transfer (automatic),0,69,"2,492"
4116-IQRFR,No,One year,No,Credit card (automatic),0,4,73
4116-TZAQJ,No,Month-to-month,Yes,Credit card (automatic),0,9,639
4118-CEVPF,Yes,One year,No,Bank transfer (automatic),0,35,"3,836"
4119-ZYPZY,Yes,Two year,No,Electronic check,0,71,"7,623"
4121-AGSIN,No,One year,No,Credit card (automatic),0,58,"1,497"
4123-DVHPH,No,Month-to-month,No,Electronic check,0,9,801
4123-FCVCB,No,One year,No,Mailed check,0,12,854
4124-MMETB,No,Month-to-month,Yes,Credit card (automatic),0,22,"2,104"
4128-ETESU,Yes,Month-to-month,No,Electronic check,0,47,"4,747"
4129-LYCOI,No,Two year,No,Electronic check,104,67,"7,039"
4130-MZLCC,No,Month-to-month,No,Bank transfer (automatic),0,5,244
4132-KALRO,No,Month-to-month,No,Mailed check,0,4,399
4132-POCZS,No,Month-to-month,No,Electronic check,0,52,"2,020"
4134-BSXLX,No,Month-to-month,No,Mailed check,0,28,"1,785"
4135-FRWKJ,Yes,One year,No,Electronic check,0,55,"4,154"
4137-BTIKL,No,Month-to-month,No,Mailed check,0,2,174
4137-JOPHL,No,Two year,No,Bank transfer (automatic),0,50,"4,304"
4138-NAXED,No,Month-to-month,No,Bank transfer (automatic),81,51,"4,085"
4139-DETXS,No,Two year,No,Bank transfer (automatic),0,72,"4,528"
4139-JPIAM,No,Month-to-month,No,Credit card (automatic),0,51,"2,181"
4139-SUGLD,No,Month-to-month,Yes,Bank transfer (automatic),0,31,"1,077"
4140-MUHUG,Yes,Month-to-month,Yes,Electronic check,0,3,220
4140-WJAWW,No,Month-to-month,Yes,Credit card (automatic),0,5,108
4143-HHPMK,No,Month-to-month,Yes,Electronic check,0,52,"4,338"
4143-OOBWZ,No,Month-to-month,Yes,Electronic check,0,5,416
4145-UQXUQ,Yes,Month-to-month,Yes,Electronic check,0,8,729
4146-SVFUD,No,Month-to-month,No,Mailed check,0,1,44
4154-AQUGT,Yes,Month-to-month,Yes,Bank transfer (automatic),0,13,"1,169"
4159-NAAIX,No,Two year,No,Bank transfer (automatic),0,63,"6,253"
4160-AMJTL,Yes,Month-to-month,Yes,Electronic check,0,8,164
4163-HFTUK,No,One year,No,Electronic check,0,51,"1,007"
4163-KIUHY,No,Month-to-month,No,Electronic check,0,35,901
4163-NCJAK,No,One year,No,Bank transfer (automatic),0,46,"1,066"
4174-LPGTI,No,One year,Yes,Bank transfer (automatic),0,41,"2,728"
4176-FXYBO,No,Month-to-month,No,Electronic check,0,54,"6,118"
4176-RELJR,Yes,Two year,No,Credit card (automatic),0,67,"1,672"
4177-JPDFU,No,Month-to-month,No,Mailed check,34,12,442
4178-EGMON,No,Two year,No,Credit card (automatic),88,70,"5,986"
4182-BGSIQ,No,Month-to-month,No,Bank transfer (automatic),0,10,196
4183-MYFRB,No,Month-to-month,No,Electronic check,0,21,"1,862"
4183-WCSEP,No,Month-to-month,Yes,Electronic check,0,31,"2,435"
4184-TJFAN,Yes,Month-to-month,Yes,Mailed check,0,3,273
4184-VODJZ,No,One year,No,Electronic check,0,63,"5,764"
4186-ZBUEW,No,One year,No,Mailed check,0,36,"2,511"
4187-CINZD,Yes,One year,Yes,Credit card (automatic),0,46,"4,424"
4188-FRABG,No,Month-to-month,No,Electronic check,0,57,"5,925"
4188-PCPIG,No,Two year,No,Credit card (automatic),0,57,"4,124"
4189-NAKJS,No,One year,No,Credit card (automatic),0,26,"1,295"
4190-MFLUW,No,Month-to-month,Yes,Credit card (automatic),0,10,528
4191-XOVOM,No,Month-to-month,No,Electronic check,0,63,"6,713"
4192-GORJT,No,Month-to-month,Yes,Electronic check,0,5,498
4193-IBKSW,No,Two year,No,Bank transfer (automatic),0,72,"1,769"
4193-ORFCL,Yes,Month-to-month,Yes,Mailed check,0,1,45
4194-FJARJ,No,Two year,No,Bank transfer (automatic),60,54,"3,273"
4194-WHFCB,No,Month-to-month,No,Bank transfer (automatic),0,59,"5,580"
4195-NZGTA,No,Month-to-month,No,Electronic check,0,1,25
4195-PNGZS,No,Two year,No,Bank transfer (automatic),0,69,"1,718"
4195-SMMNX,No,Month-to-month,Yes,Mailed check,0,2,33
4198-VFOEA,No,One year,No,Mailed check,0,12,435
4199-QHJNM,Yes,Two year,No,Bank transfer (automatic),0,67,"6,989"
4201-JMNGR,Yes,Month-to-month,Yes,Electronic check,0,1,55
4203-QGNZA,No,Month-to-month,No,Mailed check,0,28,535
4208-UFFGW,Yes,Month-to-month,Yes,Mailed check,0,2,85
4210-QFJMF,No,Month-to-month,Yes,Electronic check,0,4,317
4211-MMAZN,No,Month-to-month,Yes,Mailed check,0,1,20
4213-HKBJO,No,Two year,No,Credit card (automatic),0,33,826
4220-TINQT,No,Month-to-month,No,Electronic check,0,61,"6,751"
4223-BKEOR,No,One year,No,Mailed check,0,21,"1,336"
4223-WOZCM,Yes,Month-to-month,No,Mailed check,0,2,107
4226-KKDON,No,Month-to-month,No,Electronic check,0,8,520
4227-OJHAL,No,One year,No,Credit card (automatic),73,68,"5,163"
4228-ZGYUW,No,Month-to-month,Yes,Electronic check,0,4,368
4229-CZMLL,No,Month-to-month,Yes,Electronic check,0,6,469
4231-LZUYM,No,Two year,No,Bank transfer (automatic),0,72,"1,887"
4232-JGKIY,No,Month-to-month,No,Electronic check,0,1,19
4234-XTNEA,No,Month-to-month,No,Electronic check,0,2,174
4236-UJPWO,No,Month-to-month,No,Electronic check,0,2,46
4236-XPXAV,No,Month-to-month,Yes,Mailed check,0,5,465
4237-CLSMM,No,Month-to-month,No,Mailed check,20,2,38
4237-RLAQD,No,Month-to-month,Yes,Mailed check,0,1,45
4238-HFHSN,Yes,Month-to-month,No,Electronic check,0,61,"4,904"
4238-JSSWH,Yes,Month-to-month,No,Bank transfer (automatic),0,35,"3,452"
4248-HCETZ,Yes,Month-to-month,Yes,Mailed check,0,30,"2,365"
4248-QPAVC,Yes,Month-to-month,Yes,Bank transfer (automatic),0,17,"1,463"
4250-FDVOU,No,Month-to-month,Yes,Electronic check,0,6,389
4250-WAROZ,Yes,Month-to-month,No,Electronic check,0,60,"5,774"
4250-ZBWLV,No,One year,Yes,Electronic check,0,68,"7,176"
4254-QPEDE,No,Two year,No,Credit card (automatic),0,52,"3,330"
4255-DDUOU,No,Month-to-month,Yes,Mailed check,0,1,20
4256-ZWTZI,No,Month-to-month,No,Mailed check,51,5,286
4257-GAESD,No,Month-to-month,No,Credit card (automatic),45,6,298
4273-MBHYA,No,Month-to-month,No,Electronic check,0,1,89
4274-DRSQT,No,One year,No,Bank transfer (automatic),0,66,"6,000"
4274-OWWYO,No,Month-to-month,Yes,Electronic check,0,1,74
4277-BWBML,No,Two year,No,Bank transfer (automatic),0,72,"1,322"
4277-PVRAN,No,Month-to-month,Yes,Bank transfer (automatic),0,8,679
4277-UDIEF,No,Month-to-month,No,Bank transfer (automatic),81,24,"1,923"
4280-DLSHD,No,Month-to-month,No,Mailed check,0,8,445
4282-ACRXS,Yes,Month-to-month,No,Electronic check,0,38,955
4282-MSACW,No,One year,No,Credit card (automatic),0,68,"8,035"
4282-YMKNA,No,Month-to-month,Yes,Electronic check,0,9,706
4283-FUTGF,Yes,Month-to-month,Yes,Electronic check,0,19,"1,471"
4283-IVYCI,No,Month-to-month,No,Mailed check,0,9,547
4285-GYRQC,No,Month-to-month,Yes,Electronic check,0,7,587
4289-DTDKW,No,Month-to-month,Yes,Electronic check,0,40,"4,113"
4290-BSXUX,No,Month-to-month,Yes,Bank transfer (automatic),0,3,251
4291-HPAXL,No,Month-to-month,No,Mailed check,0,1,19
4291-HYEBC,Yes,One year,No,Electronic check,0,28,"1,096"
4291-SHSBH,No,Month-to-month,No,Electronic check,0,7,521
4291-TPNFG,No,Two year,No,Bank transfer (automatic),0,72,"5,980"
4291-YZODP,No,One year,No,Mailed check,0,7,96
4293-ETKAP,No,Two year,No,Bank transfer (automatic),0,65,"5,071"
4295-YURET,Yes,Two year,No,Credit card (automatic),0,56,"4,084"
4298-OYIFC,No,Month-to-month,No,Electronic check,0,15,"1,539"
4299-OPXEJ,No,Two year,No,Bank transfer (automatic),0,56,"1,080"
4299-SIMNS,No,Month-to-month,No,Electronic check,0,9,784
4301-VVZKA,No,Month-to-month,No,Electronic check,0,16,"1,189"
4302-ZYFEL,No,One year,No,Credit card (automatic),0,69,"1,403"
4304-TSPVK,No,Two year,No,Bank transfer (automatic),0,68,"7,843"
4304-XUMGI,Yes,Two year,No,Bank transfer (automatic),0,50,"3,822"
4307-KTUMW,No,Month-to-month,Yes,Electronic check,0,53,"5,029"
4307-KWMXE,No,Month-to-month,No,Electronic check,0,10,389
4310-KEDTB,No,Month-to-month,No,Mailed check,0,26,786
4311-QTTAI,No,One year,No,Credit card (automatic),0,16,295
4312-GVYNH,No,Two year,No,Bank transfer (automatic),0,70,"3,370"
4312-KFRXN,No,Two year,No,Mailed check,0,72,"1,710"
4315-MURBD,No,Month-to-month,Yes,Bank transfer (automatic),0,12,"1,120"
4316-XCSLJ,No,Month-to-month,No,Mailed check,0,17,846
4317-VTEOA,No,Month-to-month,Yes,Electronic check,0,1,50
4318-RAJVY,No,One year,No,Mailed check,0,10,198
4320-QMLLA,No,Month-to-month,No,Mailed check,0,7,370
4322-RCYMT,No,One year,Yes,Bank transfer (automatic),0,68,"5,293"
4323-ELYYB,No,One year,No,Mailed check,20,13,218
4323-OHFOW,Yes,One year,No,Bank transfer (automatic),0,70,"7,195"
4323-SADQS,No,Month-to-month,Yes,Electronic check,0,7,279
4324-AHJKS,No,Month-to-month,No,Credit card (automatic),0,5,300
4324-BZCKL,No,Month-to-month,No,Mailed check,0,10,551
4325-NFSKC,Yes,Month-to-month,Yes,Electronic check,0,19,"1,660"
4328-VUFWD,No,One year,No,Electronic check,0,39,"2,209"
4329-YPDDQ,No,Month-to-month,No,Bank transfer (automatic),0,20,"2,203"
4332-MUOEZ,Yes,One year,No,Credit card (automatic),0,20,"1,818"
4334-HOWRP,Yes,Two year,No,Credit card (automatic),0,72,"4,546"
4335-BSMJS,No,Two year,No,Credit card (automatic),0,62,"1,563"
4335-UPJSI,No,Two year,No,Mailed check,0,24,498
4338-EYCER,No,Month-to-month,No,Bank transfer (automatic),0,21,"1,125"
4342-HENTK,Yes,Month-to-month,Yes,Electronic check,0,2,142
4342-HFXWS,No,One year,No,Bank transfer (automatic),0,48,"3,023"
4343-EJVQB,No,Month-to-month,No,Mailed check,0,7,533
4349-GFQHK,No,Month-to-month,Yes,Electronic check,0,1,54
4350-ZTLPI,No,One year,No,Bank transfer (automatic),0,53,"5,718"
4351-QLCSU,No,Month-to-month,Yes,Credit card (automatic),55,1,55
4353-HYOJD,No,Month-to-month,No,Mailed check,0,27,"1,336"
4355-CVPVS,No,One year,No,Bank transfer (automatic),0,56,"4,968"
4355-HBJHH,No,Two year,Yes,Electronic check,0,67,"5,293"
4359-INNWN,No,One year,No,Credit card (automatic),0,17,337
4360-PNRQB,No,Month-to-month,No,Bank transfer (automatic),0,18,"1,395"
4360-QRAVE,Yes,Month-to-month,No,Electronic check,0,37,"1,315"
4361-BKAXE,No,Month-to-month,Yes,Bank transfer (automatic),0,41,"4,527"
4361-FEBGN,No,Two year,No,Credit card (automatic),0,48,982
4361-JEIVL,No,Month-to-month,Yes,Electronic check,0,1,44
4365-MSDYN,No,Month-to-month,No,Bank transfer (automatic),0,8,161
4366-CTOUZ,No,Two year,No,Mailed check,0,50,"5,038"
4367-NHWMM,No,Month-to-month,No,Mailed check,0,1,24
4367-NUYAO,No,Two year,No,Mailed check,0,0,0
4369-HTUIF,Yes,Month-to-month,Yes,Bank transfer (automatic),0,6,503
4369-NYSCF,No,One year,No,Bank transfer (automatic),0,56,"4,284"
4373-MAVJG,No,Month-to-month,Yes,Bank transfer (automatic),0,14,"1,259"
4373-VVHQL,No,Month-to-month,No,Electronic check,0,1,44
4374-YMUSQ,No,One year,No,Credit card (automatic),0,34,"3,899"
4376-KFVRS,No,Two year,No,Credit card (automatic),0,72,"8,468"
4377-VDHYI,No,One year,No,Electronic check,0,32,"3,023"
4378-BZYFP,No,One year,No,Mailed check,0,17,365
4378-MYPGO,No,Two year,No,Bank transfer (automatic),0,68,"7,173"
4381-MHQDC,No,Two year,No,Mailed check,65,47,"2,879"
4385-GZQXV,Yes,Month-to-month,Yes,Electronic check,0,16,"1,511"
4385-ZKVNW,No,Month-to-month,No,Bank transfer (automatic),0,44,"2,549"
4389-UEFCZ,No,Two year,No,Electronic check,0,72,"7,544"
4390-KYULV,No,Month-to-month,Yes,Credit card (automatic),0,3,51
4391-LNRXK,No,Month-to-month,No,Bank transfer (automatic),0,22,"2,142"
4391-RESHN,No,Month-to-month,Yes,Mailed check,0,23,"2,470"
4393-GEADV,No,Two year,No,Credit card (automatic),0,70,"7,842"
4393-OBCRR,No,One year,No,Mailed check,0,3,71
4393-RYCRE,No,One year,No,Electronic check,0,44,"4,510"
4395-PZMSN,Yes,Month-to-month,No,Electronic check,0,5,408
4396-KLSEH,No,Month-to-month,No,Electronic check,0,4,63
4397-FRLTA,No,Month-to-month,No,Mailed check,0,4,84
4398-HSCJH,No,Month-to-month,Yes,Electronic check,0,3,155
4402-FTBXC,No,Month-to-month,No,Mailed check,0,54,"4,667"
4403-BWPAY,No,One year,No,Credit card (automatic),0,14,321
4404-HIBDJ,No,One year,Yes,Mailed check,0,25,"1,863"
4412-YLTKF,Yes,Month-to-month,Yes,Electronic check,0,27,"2,135"
4415-IJZTP,No,Month-to-month,Yes,Electronic check,0,1,74
4415-WNGVR,Yes,One year,No,Electronic check,0,12,943
4418-LZMSV,No,Month-to-month,No,Bank transfer (automatic),0,13,750
4419-UJMUS,No,Two year,No,Electronic check,0,69,"6,856"
4422-QVIJA,No,Month-to-month,No,Mailed check,0,35,"1,655"
4423-JWZJN,No,One year,No,Credit card (automatic),0,64,"5,629"
4423-YLHDV,No,Month-to-month,Yes,Bank transfer (automatic),0,21,"2,200"
4424-TKOPW,Yes,Month-to-month,Yes,Electronic check,0,2,196
4425-OWHWB,No,One year,No,Credit card (automatic),0,20,433
4429-WYGFR,No,Month-to-month,No,Bank transfer (automatic),0,26,"1,237"
4430-UZIPO,No,Month-to-month,Yes,Mailed check,0,3,108
4430-YHXGG,No,Month-to-month,No,Mailed check,0,4,84
4431-EDMIQ,No,Month-to-month,No,Electronic check,0,7,554
4432-ADRLB,No,Month-to-month,Yes,Mailed check,0,2,74
4433-JCGCG,Yes,Month-to-month,Yes,Electronic check,101,46,"4,680"
4439-JMPMT,No,Month-to-month,Yes,Electronic check,0,5,470
4439-YRNVD,No,Month-to-month,No,Electronic check,0,10,374
4441-NIHPT,Yes,Month-to-month,Yes,Electronic check,0,13,940
4443-EMBNA,No,Two year,No,Bank transfer (automatic),0,71,"1,836"
4445-KWOKW,No,One year,No,Bank transfer (automatic),0,42,"2,421"
4445-ZJNMU,No,Month-to-month,No,Credit card (automatic),0,9,918
4446-BZKHU,No,Month-to-month,Yes,Electronic check,0,61,"6,281"
4450-DLLMH,No,Month-to-month,No,Credit card (automatic),0,2,157
4450-MDZFX,No,Month-to-month,No,Bank transfer (automatic),0,60,"4,453"
4450-YOOHP,No,Month-to-month,No,Credit card (automatic),0,39,"1,905"
4451-RWASJ,No,One year,No,Mailed check,0,15,239
4452-QIIEB,No,Month-to-month,No,Mailed check,0,7,278
4452-ROHMO,No,Two year,No,Mailed check,0,15,331
4455-BFSPD,No,One year,No,Bank transfer (automatic),0,61,"6,383"
4456-RHSNB,No,Month-to-month,No,Bank transfer (automatic),0,19,962
4458-KVRBJ,No,Two year,No,Mailed check,25,59,"1,510"
4459-BBGHE,No,Month-to-month,No,Electronic check,0,30,"1,307"
4462-CYWMH,Yes,Month-to-month,No,Bank transfer (automatic),0,62,"5,629"
4464-JCOLN,No,One year,Yes,Mailed check,0,2,35
4465-VDKIQ,No,Month-to-month,No,Electronic check,0,18,"1,358"
4468-KAZHE,Yes,Month-to-month,No,Electronic check,60,20,"1,259"
4468-YDOVK,No,Month-to-month,No,Bank transfer (automatic),0,5,235
4471-KXAUH,No,Month-to-month,Yes,Electronic check,0,42,"3,588"
4472-LVYGI,No,Two year,No,Bank transfer (automatic),0,0,0
4472-VESGY,No,Month-to-month,No,Bank transfer (automatic),0,52,"4,993"
4475-NVTLU,No,Two year,No,Electronic check,0,45,903
4476-OSWTN,Yes,One year,No,Mailed check,0,69,"7,610"
4480-MBMLB,No,One year,No,Bank transfer (automatic),0,36,"3,886"
4480-QQRHC,Yes,Month-to-month,No,Bank transfer (automatic),0,8,600
4482-EWFMI,No,Month-to-month,No,Electronic check,0,2,135
4482-FTFFX,No,Month-to-month,No,Electronic check,0,5,291
4484-CGXFK,No,Month-to-month,Yes,Electronic check,0,3,196
4484-GLZOU,No,Month-to-month,Yes,Electronic check,0,52,"5,624"
4486-EFAEB,No,Month-to-month,No,Electronic check,0,13,251
4487-ZYJZK,No,One year,No,Credit card (automatic),0,38,763
4488-KQFDT,No,One year,No,Electronic check,0,61,"6,423"
4488-PSYCG,No,Month-to-month,Yes,Bank transfer (automatic),0,16,327
4489-SNOJF,No,Month-to-month,Yes,Electronic check,0,35,"2,568"
4495-LHSSK,No,Month-to-month,No,Mailed check,0,18,992
4500-HKANN,No,Two year,No,Mailed check,0,23,"1,414"
4501-EQDRN,No,Month-to-month,Yes,Bank transfer (automatic),0,1,69
4501-UYKBC,Yes,One year,No,Credit card (automatic),0,46,"3,255"
4501-VCPFK,No,Month-to-month,No,Electronic check,0,26,"1,022"
4503-BDXBD,No,Month-to-month,Yes,Electronic check,0,11,815
4504-YOULA,No,Month-to-month,No,Credit card (automatic),0,35,"2,136"
4505-EXZHB,Yes,Month-to-month,Yes,Electronic check,0,6,434
4508-OEBEY,No,One year,No,Credit card (automatic),0,31,"2,424"
4510-HIMLV,No,Month-to-month,Yes,Electronic check,0,1,69
4510-PYUSH,Yes,Month-to-month,Yes,Credit card (automatic),0,38,"2,250"
4512-ZUIYL,No,Month-to-month,Yes,Bank transfer (automatic),70,2,153
4513-CXYIX,Yes,Two year,No,Credit card (automatic),0,71,"5,676"
4514-GFCFI,Yes,Month-to-month,Yes,Electronic check,0,16,"1,350"
4518-FZBSX,No,One year,No,Mailed check,0,42,854
4521-WFJAI,No,Two year,No,Bank transfer (automatic),0,56,"1,444"
4521-YEEHE,No,Month-to-month,No,Electronic check,0,18,"1,594"
4522-AKYLR,Yes,Month-to-month,No,Electronic check,0,13,731
4522-XRWWI,No,One year,No,Credit card (automatic),0,42,"3,375"
4523-WXCEF,No,Month-to-month,Yes,Electronic check,0,59,"6,039"
4524-QCSSM,No,Month-to-month,No,Bank transfer (automatic),0,26,"1,156"
4525-VZCZG,No,One year,No,Electronic check,0,54,"5,826"
4526-EXKKN,No,Two year,No,Mailed check,0,40,973
4526-RMTLL,No,Two year,No,Credit card (automatic),0,8,645
4526-ZJJTM,Yes,Month-to-month,No,Bank transfer (automatic),0,25,"2,191"
4529-CKBCL,No,Month-to-month,Yes,Electronic check,0,2,146
4530-NDRKU,No,One year,No,Electronic check,0,42,761
4531-AUZNK,No,One year,No,Mailed check,0,51,"5,000"
4534-WGCIR,No,Two year,No,Credit card (automatic),0,58,"1,509"
4536-PLEQY,No,Month-to-month,No,Credit card (automatic),0,12,999
4537-CIBHB,No,One year,No,Mailed check,0,9,172
4537-DKTAL,No,Month-to-month,No,Electronic check,0,2,84
4538-WNTMJ,No,One year,No,Mailed check,0,46,"1,165"
4541-RMRLG,No,Month-to-month,Yes,Electronic check,0,7,112
4544-RXFMG,No,One year,No,Mailed check,0,8,345
4546-FOKWR,No,Month-to-month,No,Credit card (automatic),0,16,"1,129"
4547-FZJWE,No,One year,No,Credit card (automatic),0,55,"3,157"
4547-KQRTM,No,Month-to-month,Yes,Bank transfer (automatic),0,10,830
4547-LYTDD,No,Month-to-month,Yes,Electronic check,0,16,"1,194"
4548-SDBKE,No,Month-to-month,Yes,Electronic check,0,5,474
4549-ZDQYY,No,One year,No,Credit card (automatic),0,52,"3,042"
4550-EVXNY,No,Month-to-month,Yes,Electronic check,0,1,69
4550-VBOFE,Yes,Month-to-month,Yes,Electronic check,0,70,"7,101"
4553-DVPZG,No,Month-to-month,No,Electronic check,0,62,"6,164"
4554-YGZIH,Yes,Month-to-month,Yes,Credit card (automatic),0,49,"4,547"
4558-CGYCZ,No,Month-to-month,No,Mailed check,0,4,78
4558-FANTW,No,Month-to-month,Yes,Electronic check,0,17,"1,574"
4559-UWIHT,No,Month-to-month,No,Electronic check,0,14,"1,185"
4560-WQAQW,No,One year,No,Bank transfer (automatic),0,59,"4,070"
4565-EVZMJ,No,One year,No,Mailed check,0,47,"2,813"
4565-NLZBV,No,Two year,No,Bank transfer (automatic),0,71,"1,710"
4566-GOLUK,No,Month-to-month,Yes,Bank transfer (automatic),0,47,"5,118"
4566-NECEV,No,Month-to-month,No,Electronic check,0,5,500
4566-QVRRW,No,Month-to-month,Yes,Electronic check,0,11,483
4567-AKPIA,No,One year,No,Bank transfer (automatic),0,41,"4,454"
4568-KNYWR,No,Two year,No,Credit card (automatic),0,52,"3,342"
4568-TTZRT,No,Month-to-month,No,Mailed check,0,9,181
4570-QHXHL,No,Month-to-month,No,Electronic check,0,9,405
4572-DVCGN,No,Month-to-month,Yes,Bank transfer (automatic),0,10,846
4573-JKNAE,No,Two year,No,Bank transfer (automatic),0,12,212
4576-CSAJH,No,One year,Yes,Credit card (automatic),0,22,"1,193"
4578-PHJYZ,No,One year,No,Electronic check,0,52,"3,482"
4580-TMHJU,No,Month-to-month,Yes,Electronic check,0,43,"2,499"
4581-LNWUM,No,Month-to-month,No,Electronic check,0,13,649
4581-SSPWD,No,Month-to-month,Yes,Electronic check,0,3,246
4583-PARNH,Yes,Month-to-month,No,Electronic check,0,16,"1,540"
4584-LBNMK,Yes,One year,No,Credit card (automatic),0,45,"1,174"
4585-HETAI,No,Month-to-month,Yes,Electronic check,0,4,325
4587-NUKOX,No,Month-to-month,Yes,Electronic check,0,3,246
4587-VVTOX,No,Month-to-month,Yes,Electronic check,0,6,545
4588-YBNIB,No,Month-to-month,Yes,Mailed check,0,1,19
4589-IUAJB,No,Two year,No,Bank transfer (automatic),0,70,"1,724"
4592-IWTJI,No,Month-to-month,Yes,Credit card (automatic),0,3,91
4597-ELFTS,No,One year,Yes,Electronic check,0,56,"1,334"
4597-NUCQV,Yes,Month-to-month,Yes,Electronic check,0,24,"2,440"
4598-XLKNJ,Yes,Month-to-month,Yes,Electronic check,0,25,"2,514"
4598-ZADCK,No,One year,No,Electronic check,0,53,"2,879"
4603-JANFB,No,Month-to-month,Yes,Electronic check,0,1,69
4607-CHPCA,No,One year,Yes,Electronic check,0,25,"2,178"
4608-LCIMN,No,Month-to-month,No,Bank transfer (automatic),0,8,369
4609-KNNWG,No,Two year,No,Mailed check,0,27,550
4611-ANLQC,No,One year,No,Electronic check,0,60,"2,911"
4612-SSVHJ,Yes,Month-to-month,No,Electronic check,0,20,"1,671"
4612-THJBS,Yes,One year,Yes,Bank transfer (automatic),0,56,"5,510"
4614-NUVZD,No,Month-to-month,Yes,Electronic check,0,1,81
4615-PIVVU,No,Two year,No,Credit card (automatic),0,42,"2,762"
4616-EWBNJ,No,One year,No,Bank transfer (automatic),0,16,318
4616-ULAOA,No,Two year,No,Credit card (automatic),0,65,"7,245"
4619-EVPHY,Yes,One year,No,Bank transfer (automatic),91,20,"1,859"
4622-YNKIJ,No,Two year,No,Electronic check,0,33,"3,027"
4623-ZKHLY,No,Month-to-month,No,Bank transfer (automatic),0,22,471
4625-EWPTF,No,Month-to-month,Yes,Electronic check,0,8,226
4625-LAMOB,No,Two year,No,Credit card (automatic),0,44,905
4625-XMOYM,No,Two year,No,Bank transfer (automatic),0,72,"1,988"
4626-GYCZP,No,Month-to-month,Yes,Electronic check,0,7,635
4626-OZDTJ,No,One year,No,Credit card (automatic),0,51,"3,950"
4627-MIHJH,Yes,Two year,No,Credit card (automatic),0,69,"7,467"
4628-CTTLA,No,Month-to-month,Yes,Electronic check,0,57,"2,111"
4628-WQCQQ,No,One year,Yes,Electronic check,0,35,"3,030"
4629-NRXKX,No,Month-to-month,Yes,Electronic check,0,2,147
4631-OACRM,Yes,Month-to-month,Yes,Electronic check,0,15,"1,156"
4632-PAOYU,No,One year,No,Mailed check,0,22,433
4632-XJMEX,No,One year,No,Credit card (automatic),0,53,"3,419"
4633-MKHYU,No,Month-to-month,No,Mailed check,0,9,788
4634-JLRJT,No,Month-to-month,No,Mailed check,0,1,20
4635-EJYPD,No,Two year,No,Mailed check,0,32,613
4636-JGAAI,No,Month-to-month,No,Mailed check,0,34,"3,000"
4636-OLWOE,No,One year,No,Electronic check,61,54,"3,283"
4636-QRJKY,No,Month-to-month,Yes,Electronic check,0,6,502
4636-TVXVG,No,One year,No,Bank transfer (automatic),0,62,"1,244"
4640-UHDOS,No,Month-to-month,Yes,Electronic check,0,13,734
4641-FROLU,No,Two year,No,Mailed check,0,30,602
4644-OBGFZ,No,One year,No,Mailed check,0,55,"1,026"
4644-PIZRT,No,One year,No,Bank transfer (automatic),0,17,"1,201"
4646-QZXTF,No,Month-to-month,No,Bank transfer (automatic),0,7,580
4647-MUZON,No,Month-to-month,No,Credit card (automatic),0,18,"1,745"
4647-XXZAM,No,Month-to-month,No,Mailed check,0,6,285
4648-YPBTM,No,Two year,No,Bank transfer (automatic),0,53,"3,958"
4652-NNHNY,No,Month-to-month,Yes,Bank transfer (automatic),0,16,"1,284"
4652-ODEVH,No,Two year,No,Mailed check,0,45,"1,088"
4654-DLAMQ,Yes,One year,No,Bank transfer (automatic),97,64,"6,430"
4654-GGUII,No,One year,No,Mailed check,0,18,711
4654-ULTTN,No,Two year,No,Credit card (automatic),0,70,"5,315"
4656-CAURT,No,Two year,No,Bank transfer (automatic),0,69,"1,713"
4657-FWVFY,No,Month-to-month,No,Credit card (automatic),0,40,"3,915"
4658-HCOHW,No,Month-to-month,Yes,Electronic check,0,21,"2,110"
4659-NZRUF,No,Month-to-month,Yes,Electronic check,0,19,"1,789"
4660-IRIBM,No,Month-to-month,No,Mailed check,0,18,"1,500"
4661-NJEUX,No,Month-to-month,No,Mailed check,0,1,20
4662-EKDPQ,No,Month-to-month,Yes,Bank transfer (automatic),0,2,118
4664-NJCMS,No,Two year,No,Bank transfer (automatic),0,33,"2,016"
4667-OHGKG,No,Month-to-month,Yes,Mailed check,0,1,19
4667-QONEA,Yes,One year,No,Credit card (automatic),0,60,"4,456"
4670-TABXH,No,Two year,No,Credit card (automatic),0,72,"7,758"
4671-LXRDQ,No,Month-to-month,Yes,Mailed check,45,2,96
4671-VJLCL,No,Two year,No,Credit card (automatic),0,63,"4,861"
4672-FOTSD,No,Month-to-month,No,Electronic check,0,12,832
4673-KKSLS,No,Month-to-month,No,Electronic check,0,31,"2,724"
4674-HGNUA,No,Two year,No,Credit card (automatic),0,71,"6,457"
4676-MQUEA,Yes,One year,No,Bank transfer (automatic),0,50,"5,265"
4676-WLUHT,No,Two year,No,Bank transfer (automatic),0,54,"2,431"
4678-DVQEO,No,Month-to-month,Yes,Electronic check,0,1,52
4680-KUTAJ,Yes,Month-to-month,No,Electronic check,0,11,580
4682-BLBUC,No,One year,No,Electronic check,0,44,"3,250"
4683-WYDOU,No,Two year,No,Bank transfer (automatic),0,62,"6,912"
4685-ERGHK,No,One year,No,Electronic check,0,57,"4,939"
4685-TFLLS,No,One year,No,Bank transfer (automatic),0,18,342
4686-GEFRM,No,Two year,No,Bank transfer (automatic),0,70,"6,858"
4686-UXDML,No,Month-to-month,No,Credit card (automatic),0,21,"1,992"
4690-LLKUA,Yes,Month-to-month,Yes,Electronic check,0,17,770
4690-PKDQG,Yes,Month-to-month,No,Electronic check,0,42,"3,930"
4692-NNQRU,No,One year,No,Electronic check,0,21,"1,742"
4693-VWVBO,No,Month-to-month,No,Electronic check,0,3,61
4694-PHWFW,No,Month-to-month,No,Mailed check,0,8,170
4695-VADHF,No,Month-to-month,Yes,Electronic check,0,18,990
4695-WJZUE,Yes,Month-to-month,Yes,Electronic check,0,2,179
4697-LUPSU,No,One year,No,Mailed check,0,2,34
4698-KVLLG,Yes,Two year,No,Credit card (automatic),0,51,967
4700-UBQMV,No,One year,No,Bank transfer (automatic),0,21,"1,549"
4701-AHWMW,No,Month-to-month,Yes,Bank transfer (automatic),0,55,"2,978"
4701-LKOZD,No,Two year,No,Credit card (automatic),0,70,"6,367"
4701-MLJPN,No,Month-to-month,Yes,Electronic check,0,31,"1,715"
4702-HDRKD,No,One year,No,Bank transfer (automatic),0,67,"3,321"
4702-IOQDC,No,Month-to-month,Yes,Electronic check,0,1,70
4703-MQYKT,No,Two year,No,Mailed check,0,21,390
4704-ERYFC,No,Month-to-month,Yes,Electronic check,0,22,"1,554"
4706-AXVKM,Yes,Month-to-month,Yes,Credit card (automatic),0,11,906
4706-DGAHW,Yes,Month-to-month,No,Electronic check,0,1,45
4707-MAXGU,No,Two year,No,Credit card (automatic),0,72,"1,872"
4707-YNOQA,No,One year,No,Credit card (automatic),0,34,917
4709-LKHYG,No,One year,No,Electronic check,20,29,540
4710-FDUIZ,No,One year,Yes,Credit card (automatic),0,56,"5,614"
4710-NKCAW,No,Month-to-month,No,Credit card (automatic),0,5,316
4712-AUQZO,No,Month-to-month,No,Mailed check,0,18,550
4712-UYOOI,No,Month-to-month,No,Electronic check,20,20,417
4713-LZDRV,Yes,Month-to-month,Yes,Electronic check,0,2,195
4713-ZBURT,No,Two year,No,Bank transfer (automatic),0,45,"4,634"
4716-HHKQH,Yes,Month-to-month,No,Electronic check,0,20,"2,172"
4716-MRVEN,No,One year,No,Mailed check,20,29,599
4717-GHADL,No,Two year,No,Mailed check,0,50,"4,024"
4718-DHSMV,No,Month-to-month,No,Mailed check,0,11,363
4718-WXBGI,No,Two year,No,Credit card (automatic),0,72,"6,614"
4719-UMSIY,No,Month-to-month,No,Mailed check,0,6,100
4720-VSTSI,No,Month-to-month,Yes,Bank transfer (automatic),0,44,"3,862"
4723-BEGSG,No,Two year,No,Credit card (automatic),0,72,"6,094"
4724-WXVWF,No,Month-to-month,No,Electronic check,0,48,"4,445"
4726-DLWQN,Yes,Month-to-month,No,Bank transfer (automatic),0,50,"3,454"
4727-MCYZG,No,Month-to-month,No,Mailed check,0,1,55
4729-XKASR,No,Month-to-month,Yes,Electronic check,0,1,24
4730-AWNAU,No,One year,No,Credit card (automatic),0,36,"2,234"
4732-RRJZC,No,Month-to-month,No,Mailed check,0,7,144
4735-ASGMA,No,Month-to-month,Yes,Electronic check,0,26,"2,515"
4735-BJKOU,No,Two year,No,Mailed check,0,40,804
4737-AQCPU,No,Two year,No,Credit card (automatic),0,72,"5,016"
4737-HOBAX,No,Two year,No,Credit card (automatic),0,63,"5,034"
4741-WWJQZ,No,Month-to-month,No,Electronic check,0,2,194
4742-DRORA,No,One year,No,Bank transfer (automatic),0,60,"5,812"
4742-TXUEX,No,Two year,No,Bank transfer (automatic),0,47,890
4745-LSPLO,No,Month-to-month,Yes,Mailed check,0,1,20
4747-LCAQL,No,Month-to-month,No,Mailed check,79,25,"1,902"
4749-OJKQU,No,Month-to-month,No,Electronic check,0,4,302
4749-VFKVB,No,Month-to-month,Yes,Mailed check,0,1,50
4750-UKWJK,Yes,One year,No,Mailed check,0,37,727
4750-ZRXIU,Yes,Month-to-month,Yes,Electronic check,0,4,360
4751-ERMAN,No,Two year,No,Bank transfer (automatic),0,72,"5,480"
4753-PADAS,No,One year,No,Bank transfer (automatic),0,67,"6,816"
4759-PXTAN,No,One year,No,Electronic check,0,59,"4,693"
4759-TRPLW,No,Month-to-month,Yes,Electronic check,0,1,70
4760-THGOT,No,Month-to-month,No,Electronic check,0,43,"4,107"
4760-XOHVN,No,Month-to-month,Yes,Mailed check,0,1,19
4763-PGDPO,No,Month-to-month,Yes,Electronic check,0,4,281
4765-OXPPD,No,Month-to-month,Yes,Mailed check,65,9,663
4767-HZZHQ,No,Month-to-month,No,Bank transfer (automatic),0,30,"2,570"
4770-QAZXN,No,Month-to-month,No,Credit card (automatic),0,13,232
4770-UEZOX,No,Month-to-month,No,Electronic check,0,2,144
4774-HHGGS,No,Two year,No,Mailed check,0,30,637
4776-XSKYQ,No,One year,No,Credit card (automatic),0,12,368
4778-IZARL,No,Two year,No,Credit card (automatic),0,63,"6,705"
4779-ZGICK,No,Two year,No,Mailed check,0,48,"1,173"
4781-ZXYGU,No,Month-to-month,No,Bank transfer (automatic),0,1,20
4782-OSFXZ,Yes,Two year,No,Bank transfer (automatic),0,71,"5,831"
4785-FCIFB,No,Two year,No,Mailed check,0,61,"1,417"
4785-NKHCX,Yes,Month-to-month,No,Bank transfer (automatic),0,5,94
4785-QRJHC,Yes,One year,Yes,Bank transfer (automatic),0,46,"2,816"
4786-UKSNZ,No,Month-to-month,Yes,Mailed check,0,1,20
4789-KWMXN,No,One year,Yes,Credit card (automatic),0,47,"5,275"
4791-QRGMF,No,One year,Yes,Bank transfer (automatic),0,59,"5,961"
4795-KTRTH,Yes,Month-to-month,Yes,Electronic check,81,5,371
4795-UXVCJ,No,One year,No,Credit card (automatic),0,26,457
4795-WRNVT,No,Month-to-month,No,Mailed check,0,40,"2,586"
4797-AXPXK,No,Month-to-month,Yes,Electronic check,60,1,60
4797-MIWUM,No,Month-to-month,No,Bank transfer (automatic),0,7,174
4800-CZMPC,No,One year,Yes,Credit card (automatic),0,48,"5,037"
4800-VHZKI,No,Month-to-month,Yes,Mailed check,0,1,19
4801-JZAZL,No,Month-to-month,No,Electronic check,0,11,346
4801-KFYKL,No,Month-to-month,No,Bank transfer (automatic),0,8,159
4803-AXVYP,Yes,Month-to-month,Yes,Electronic check,0,38,"3,734"
4803-LBYPN,No,Month-to-month,No,Mailed check,0,34,635
4804-NCPET,No,Two year,No,Mailed check,0,19,387
4806-DXQCE,Yes,Two year,No,Electronic check,0,70,"7,714"
4806-HIPDW,No,Month-to-month,Yes,Electronic check,0,1,68
4806-KEXQR,No,Month-to-month,Yes,Electronic check,0,4,324
4807-IZYOZ,No,Two year,No,Bank transfer (automatic),0,51,"1,020"
4808-YNLEU,No,One year,No,Bank transfer (automatic),0,35,"2,215"
4811-JBUVU,No,Month-to-month,No,Credit card (automatic),0,30,"2,723"
4813-HQMGZ,No,Month-to-month,No,Electronic check,0,8,743
4815-GBTCD,No,Month-to-month,No,Electronic check,0,4,99
4815-TUMEQ,No,One year,No,Mailed check,0,10,185
4815-YOSUK,No,One year,No,Credit card (automatic),0,72,"7,537"
4816-JBHOV,Yes,Month-to-month,Yes,Electronic check,0,2,93
4816-LXZYW,No,Month-to-month,Yes,Electronic check,0,23,"1,676"
4816-OKWNX,No,One year,No,Bank transfer (automatic),0,50,"5,236"
4817-KEQSP,No,Two year,No,Bank transfer (automatic),0,71,"1,326"
4817-QRJSX,No,Month-to-month,Yes,Credit card (automatic),81,10,818
4817-VYYWS,No,Month-to-month,Yes,Electronic check,0,30,"2,983"
4818-DRBQT,No,Month-to-month,Yes,Bank transfer (automatic),0,29,"2,265"
4818-QIUFN,Yes,Month-to-month,Yes,Electronic check,0,20,"1,520"
4819-HJPIW,No,Month-to-month,No,Mailed check,0,18,476
4821-SJHJV,No,Month-to-month,No,Electronic check,0,32,"2,901"
4821-WQOYN,No,Two year,No,Credit card (automatic),0,72,"1,326"
4822-LPTYJ,No,Two year,No,Bank transfer (automatic),0,72,"7,346"
4822-NGOCH,No,Month-to-month,Yes,Electronic check,0,13,"1,058"
4822-RVYBB,Yes,Month-to-month,Yes,Electronic check,0,8,819
4822-YCXMX,No,Month-to-month,Yes,Electronic check,0,25,"2,043"
4824-GUCBY,Yes,Month-to-month,No,Electronic check,0,22,"1,820"
4825-FUREZ,No,Two year,No,Electronic check,0,42,835
4825-XJGDM,No,One year,No,Credit card (automatic),0,61,"2,696"
4826-DXMUP,No,One year,No,Mailed check,0,35,"2,495"
4826-TZEVA,No,Month-to-month,No,Credit card (automatic),0,40,"2,971"
4826-XTSOH,Yes,Month-to-month,Yes,Electronic check,0,1,86
4827-DPADN,No,Two year,No,Bank transfer (automatic),0,72,"6,042"
4827-LTQRJ,Yes,One year,No,Credit card (automatic),0,66,"7,210"
4827-USJHP,No,Month-to-month,No,Mailed check,0,20,"1,023"
4828-FAZPK,No,Month-to-month,No,Credit card (automatic),0,16,"1,267"
4829-AUOAX,No,Month-to-month,Yes,Bank transfer (automatic),0,46,"4,399"
4829-ZLJTK,Yes,Two year,No,Electronic check,0,72,"8,046"
4830-FAXFM,No,Month-to-month,No,Credit card (automatic),0,19,439
4831-EOBFE,No,Month-to-month,Yes,Credit card (automatic),0,29,"2,649"
4832-VRBMR,Yes,One year,No,Bank transfer (automatic),0,65,"6,792"
4833-QTJNO,Yes,Month-to-month,No,Bank transfer (automatic),0,67,"5,588"
4835-YSJMR,No,Two year,No,Bank transfer (automatic),0,39,"1,971"
4836-WNFNO,No,Two year,No,Credit card (automatic),25,72,"1,849"
4837-PZTIC,No,Two year,No,Mailed check,0,47,"1,875"
4837-QUSFT,No,One year,No,Bank transfer (automatic),0,65,"6,643"
4840-ORQXB,Yes,Month-to-month,No,Electronic check,0,56,"5,841"
4844-JJWUY,Yes,Month-to-month,Yes,Electronic check,86,1,86
4846-WHAFZ,Yes,Month-to-month,Yes,Electronic check,0,37,"2,868"
4847-QNOKA,No,Month-to-month,Yes,Bank transfer (automatic),0,1,44
4847-TAJYI,Yes,Month-to-month,No,Electronic check,0,6,567
4849-PYRLQ,Yes,Two year,No,Bank transfer (automatic),0,56,"4,054"
4851-BQDNX,No,One year,No,Electronic check,0,40,"3,355"
4853-OITSN,No,Month-to-month,No,Electronic check,0,5,413
4853-RULSV,No,Two year,Yes,Credit card (automatic),104,70,"7,250"
4854-CIDCF,Yes,Month-to-month,No,Electronic check,0,3,196
4854-SSLTN,No,Two year,No,Mailed check,0,2,130
4855-SNKMY,No,Month-to-month,Yes,Electronic check,0,1,44
4859-ZSRDZ,No,Two year,No,Credit card (automatic),0,58,"3,166"
4860-IJUDE,No,Month-to-month,No,Credit card (automatic),0,13,956
4860-YZGZM,No,Month-to-month,No,Electronic check,20,10,185
4868-AADLV,Yes,One year,No,Electronic check,0,66,"7,862"
4869-EPIUS,No,One year,No,Electronic check,0,56,"4,557"
4871-JTKJF,Yes,Month-to-month,Yes,Electronic check,0,1,69
4872-JCVCA,No,Two year,No,Bank transfer (automatic),0,71,"3,377"
4872-VXRIL,No,One year,No,Bank transfer (automatic),0,56,"3,665"
4873-ILOLJ,No,Month-to-month,Yes,Electronic check,0,24,"2,238"
4877-EVATK,No,Month-to-month,Yes,Mailed check,20,1,20
4877-TSOFF,No,One year,No,Bank transfer (automatic),0,55,"4,264"
4878-BUNFV,No,Two year,No,Mailed check,0,42,828
4879-GZLFH,No,Month-to-month,No,Electronic check,0,42,"3,875"
4881-GQJTW,No,Month-to-month,No,Credit card (automatic),0,14,300
4881-JVQOD,Yes,Month-to-month,No,Bank transfer (automatic),0,10,362
4883-KCPZJ,No,Two year,No,Credit card (automatic),0,22,555
4883-QICIH,No,Month-to-month,Yes,Bank transfer (automatic),0,32,"2,347"
4884-LEVMQ,No,Two year,No,Bank transfer (automatic),0,39,790
4884-TVUQF,Yes,Two year,No,Credit card (automatic),0,57,"5,779"
4884-ZTHVF,Yes,Month-to-month,No,Electronic check,0,8,713
4890-VMUAV,No,One year,No,Electronic check,0,63,"4,576"
4891-NLUBA,No,Two year,No,Bank transfer (automatic),0,61,"3,751"
4892-VLANZ,No,Month-to-month,Yes,Mailed check,0,1,19
4893-GYUJU,No,One year,No,Mailed check,0,50,"1,033"
4895-TMWIR,Yes,Month-to-month,Yes,Mailed check,0,11,214
4896-CPRPF,No,Two year,No,Bank transfer (automatic),0,35,809
4897-QSUYC,No,Month-to-month,Yes,Mailed check,0,1,20
4900-MSOMT,No,Two year,No,Bank transfer (automatic),0,72,"5,714"
4902-OHLSK,Yes,Month-to-month,Yes,Electronic check,0,29,"2,862"
4903-CNOZC,No,One year,No,Credit card (automatic),0,29,"1,964"
4903-UYAVB,No,Month-to-month,Yes,Mailed check,0,5,126
4905-JEFDW,No,One year,Yes,Electronic check,0,11,470
4906-ZHGPK,No,One year,No,Electronic check,0,54,"3,770"
4908-XAXAY,Yes,One year,No,Bank transfer (automatic),0,49,"4,287"
4909-JOUPP,Yes,Two year,No,Credit card (automatic),0,72,"7,898"
4910-AQFFX,No,Month-to-month,Yes,Bank transfer (automatic),0,9,661
4910-GMJOT,No,Month-to-month,Yes,Electronic check,0,1,94
4911-BANWH,No,Month-to-month,Yes,Credit card (automatic),0,31,"2,697"
4912-PIGUY,No,Month-to-month,No,Electronic check,0,1,84
4913-EHYUI,Yes,One year,Yes,Bank transfer (automatic),0,56,"5,794"
4915-BFSXL,No,Two year,No,Credit card (automatic),0,70,"4,858"
4918-FYJNT,Yes,Month-to-month,No,Electronic check,0,55,"5,044"
4918-QLLIW,No,Month-to-month,Yes,Credit card (automatic),0,3,188
4919-IKATY,No,Month-to-month,Yes,Electronic check,0,5,453
4919-MOAVT,No,Month-to-month,Yes,Electronic check,0,3,220
4922-CVPDX,No,Two year,No,Credit card (automatic),0,26,"1,905"
4923-ADWXJ,No,Month-to-month,No,Bank transfer (automatic),0,25,"1,679"
4925-LMHOK,No,Month-to-month,Yes,Credit card (automatic),0,15,939
4926-UMJZD,No,Month-to-month,No,Mailed check,0,31,"1,498"
4927-WWOOZ,No,Month-to-month,No,Electronic check,0,2,171
4929-BSTRX,No,Month-to-month,Yes,Mailed check,0,1,53
4929-ROART,No,Month-to-month,No,Mailed check,0,18,969
4929-XIHVW,Yes,Month-to-month,No,Credit card (automatic),0,2,181
4931-TRZWN,No,Month-to-month,No,Electronic check,0,13,923
4933-BSAIP,No,Two year,No,Mailed check,0,40,780
4933-IKULF,Yes,One year,No,Mailed check,0,17,330
4936-YPJNK,No,Month-to-month,No,Mailed check,0,10,199
4937-QPZPO,No,One year,No,Electronic check,0,61,"6,241"
4939-KYYPY,No,Month-to-month,No,Electronic check,0,27,"1,611"
4940-KHCWD,No,Two year,No,Bank transfer (automatic),0,60,"2,288"
4942-VZZOM,No,One year,No,Credit card (automatic),0,64,"4,392"
4945-RVMTE,No,Month-to-month,No,Bank transfer (automatic),0,28,"1,646"
4946-EDSEW,No,Month-to-month,Yes,Mailed check,0,11,180
4947-DSMXK,No,Month-to-month,No,Bank transfer (automatic),0,34,"3,410"
4948-WBBKL,Yes,Month-to-month,No,Bank transfer (automatic),0,36,"2,659"
4950-BDEUX,No,Month-to-month,No,Electronic check,0,35,"1,701"
4950-HKQTE,No,Two year,No,Mailed check,0,22,605
4951-UKAAQ,No,Month-to-month,Yes,Electronic check,0,4,355
4952-YSOGZ,No,Month-to-month,Yes,Electronic check,0,4,381
4955-VCWBI,No,One year,No,Mailed check,20,43,817
4957-SREEC,No,Two year,No,Credit card (automatic),0,70,"1,458"
4957-TIALW,No,One year,No,Credit card (automatic),0,15,"1,010"
4957-TREIR,No,Month-to-month,No,Credit card (automatic),0,3,195
4958-GZWIY,No,Month-to-month,Yes,Electronic check,0,7,340
4958-XCBDQ,Yes,Month-to-month,Yes,Electronic check,0,35,"3,496"
4959-JOSRX,No,Month-to-month,Yes,Credit card (automatic),0,2,80
4962-CHQPW,No,One year,No,Mailed check,0,29,535
4967-WPNCF,No,Two year,No,Bank transfer (automatic),0,72,"4,464"
4971-PUYQO,No,Month-to-month,Yes,Mailed check,0,27,"2,724"
4973-MGTON,No,Two year,No,Credit card (automatic),0,71,"5,969"
4973-RLZVI,No,One year,No,Credit card (automatic),0,30,"2,308"
4976-LNFVV,Yes,Month-to-month,No,Credit card (automatic),0,19,577
4979-HPRFL,No,Two year,No,Bank transfer (automatic),0,56,"1,402"
4980-URKXC,No,One year,No,Bank transfer (automatic),0,36,720
4981-FLTMF,No,Month-to-month,No,Bank transfer (automatic),0,57,"3,687"
4983-CCWMC,No,Month-to-month,No,Mailed check,0,3,207
4983-CLMLV,No,Month-to-month,No,Credit card (automatic),0,52,"5,138"
4986-MXSFP,No,Month-to-month,No,Mailed check,20,2,40
4987-GQWPO,No,Month-to-month,No,Credit card (automatic),0,17,382
4988-IQIGL,Yes,Month-to-month,Yes,Electronic check,0,1,75
4989-LIXVT,Yes,Month-to-month,No,Electronic check,0,68,"6,503"
4990-ALDGW,No,Two year,No,Mailed check,0,57,"1,118"
4992-LTJNE,No,Two year,No,Bank transfer (automatic),0,72,"3,983"
4993-JCRGJ,No,Month-to-month,No,Mailed check,0,26,"2,281"
4994-OBRSZ,No,Two year,No,Bank transfer (automatic),0,14,"1,054"
4998-IKFSE,No,Month-to-month,No,Electronic check,0,30,"3,096"
4999-IEZLT,No,One year,No,Credit card (automatic),0,66,"1,983"
5002-GCQFH,No,Month-to-month,No,Bank transfer (automatic),0,49,"4,733"
5003-OKNNK,No,One year,No,Credit card (automatic),0,15,335
5003-XZWWO,No,Two year,No,Credit card (automatic),0,71,"5,956"
5006-MXVRN,No,Two year,No,Credit card (automatic),0,39,762
5010-IPEAQ,No,Two year,No,Credit card (automatic),0,67,"3,623"
5012-YSPJJ,No,Month-to-month,No,Mailed check,0,31,"1,647"
5013-SBUIH,No,Two year,Yes,Electronic check,0,50,"5,551"
5014-GSOUQ,No,Two year,No,Mailed check,0,13,243
5014-WUQMG,No,One year,No,Electronic check,0,47,"4,391"
5016-ETTFF,No,Month-to-month,Yes,Mailed check,0,10,255
5016-IBERQ,No,Month-to-month,No,Electronic check,0,23,"1,968"
5016-LIPDW,No,One year,No,Mailed check,0,57,"1,061"
5018-GWURO,No,Month-to-month,No,Bank transfer (automatic),0,56,"4,902"
5018-HEKFO,No,Month-to-month,No,Mailed check,0,10,270
5018-LXQQG,No,Month-to-month,No,Bank transfer (automatic),0,30,"1,923"
5019-GQVCR,Yes,Month-to-month,No,Electronic check,0,43,"3,645"
5020-ZSTTY,Yes,One year,Yes,Bank transfer (automatic),0,54,"4,350"
5022-JNQEQ,No,Month-to-month,No,Electronic check,0,9,647
5022-KVDQT,No,Month-to-month,No,Electronic check,0,27,"2,272"
5025-GOOKI,No,Month-to-month,No,Credit card (automatic),0,20,347
5027-QPKTE,No,Month-to-month,Yes,Electronic check,0,7,451
5027-XWQHA,No,Month-to-month,Yes,Electronic check,0,6,270
5027-YOCXN,No,One year,No,Credit card (automatic),0,51,"5,686"
5028-GZLDO,No,Month-to-month,Yes,Credit card (automatic),0,2,140
5028-HTLJB,Yes,Month-to-month,Yes,Mailed check,0,1,20
5032-MIYKT,No,Month-to-month,No,Mailed check,0,1,70
5032-USPKF,No,One year,No,Bank transfer (automatic),0,38,"3,187"
5035-BVCXS,No,Month-to-month,No,Mailed check,0,11,866
5035-PGZXH,No,One year,No,Electronic check,0,56,"5,914"
5038-ETMLM,No,Two year,No,Bank transfer (automatic),0,72,"8,182"
5039-LZRQT,No,One year,No,Mailed check,0,13,273
5043-TRZWM,No,Month-to-month,No,Electronic check,0,1,75
5044-LRQAQ,No,Month-to-month,No,Bank transfer (automatic),0,7,477
5044-XDPYX,No,Two year,No,Mailed check,0,51,"1,281"
5046-NUHWD,Yes,Month-to-month,No,Electronic check,45,29,"1,228"
5047-LHVLY,Yes,Month-to-month,Yes,Mailed check,0,1,50
5049-GLYVG,No,Month-to-month,Yes,Mailed check,0,1,20
5049-MUBWG,No,One year,No,Bank transfer (automatic),75,26,"1,908"
5052-PNLOS,No,Month-to-month,Yes,Bank transfer (automatic),0,3,323
5054-IEXZT,No,Month-to-month,Yes,Electronic check,0,1,75
5055-BRMNE,No,Two year,No,Credit card (automatic),0,67,"7,009"
5055-MGMGF,No,Month-to-month,No,Electronic check,0,65,"6,914"
5056-FIMPT,No,One year,No,Credit card (automatic),106,43,"4,532"
5057-LCOUI,No,Month-to-month,Yes,Electronic check,0,39,"2,011"
5057-RKGLH,No,Two year,No,Mailed check,0,9,191
5060-TQUQN,No,Month-to-month,No,Bank transfer (automatic),0,30,"2,570"
5061-PBXFW,No,Month-to-month,No,Bank transfer (automatic),0,32,"1,864"
5062-CJJKH,No,One year,No,Mailed check,0,25,"1,355"
5063-IUOKK,No,Two year,No,Mailed check,0,13,265
5066-GFJMM,No,Month-to-month,No,Mailed check,0,3,45
5067-DGXLL,No,Month-to-month,No,Mailed check,0,2,36
5067-WJEUN,No,Two year,No,Bank transfer (automatic),0,67,"3,838"
5067-XJQFU,Yes,One year,No,Electronic check,0,66,"7,076"
5071-FBJFS,No,Month-to-month,No,Electronic check,0,4,217
5073-RZGBK,No,One year,No,Bank transfer (automatic),0,50,"4,042"
5073-WXOYN,No,Month-to-month,Yes,Electronic check,0,60,"3,027"
5074-FBGHB,No,One year,No,Credit card (automatic),0,64,"6,889"
5075-JSDKI,No,Two year,No,Electronic check,0,59,"1,493"
5076-YVXCM,No,Month-to-month,No,Bank transfer (automatic),0,51,"4,149"
5077-DXTCG,No,Month-to-month,Yes,Electronic check,0,1,45
5081-NWSUP,No,One year,No,Mailed check,0,10,685
5084-OOVCJ,No,Month-to-month,No,Credit card (automatic),0,17,920
5087-SUURX,No,Month-to-month,Yes,Electronic check,0,18,669
5088-QZLRL,No,Month-to-month,No,Electronic check,0,1,20
5089-IFSDP,No,Two year,Yes,Bank transfer (automatic),0,58,"6,144"
5090-EMGTC,No,Two year,No,Mailed check,0,59,"6,034"
5091-HFAZW,No,Month-to-month,No,Electronic check,0,2,168
5092-STPKP,No,Month-to-month,No,Credit card (automatic),0,24,"1,381"
5093-FEGLU,No,Two year,No,Bank transfer (automatic),0,47,921
5095-AESKG,No,Month-to-month,Yes,Credit card (automatic),0,3,242
5095-ETBRJ,No,Two year,No,Mailed check,0,55,"3,112"
5099-BAILX,Yes,Month-to-month,Yes,Bank transfer (automatic),0,43,"4,687"
5103-MHMHY,No,Month-to-month,Yes,Mailed check,0,1,45
5108-ADXWO,No,Month-to-month,Yes,Electronic check,0,11,791
5110-CHOPY,No,Two year,No,Electronic check,0,60,"3,237"
5115-GZDEL,No,Two year,No,Credit card (automatic),0,72,"4,671"
5115-SQAAU,No,Two year,No,Bank transfer (automatic),0,69,"1,673"
5117-IFGPS,Yes,Month-to-month,No,Electronic check,0,29,"2,357"
5117-ZSMHQ,No,Two year,No,Bank transfer (automatic),0,71,"6,342"
5118-MUEYH,No,Month-to-month,No,Credit card (automatic),0,48,"5,083"
5119-KEPFY,No,Month-to-month,No,Bank transfer (automatic),95,36,"3,440"
5119-NZPTV,Yes,Month-to-month,No,Electronic check,0,2,141
5120-ZBLAI,No,One year,No,Bank transfer (automatic),0,50,"3,876"
5122-CYFXA,No,Month-to-month,No,Electronic check,0,3,244
5124-EOGYE,No,Two year,No,Mailed check,0,31,638
5125-CNDSP,No,One year,No,Bank transfer (automatic),0,63,"2,588"
5126-RCXYW,No,Two year,No,Credit card (automatic),46,54,"2,424"
5127-BZENZ,No,One year,No,Bank transfer (automatic),0,56,"3,512"
5129-HHMZC,No,Two year,No,Credit card (automatic),0,43,"3,574"
5129-JLPIS,No,Month-to-month,No,Electronic check,0,25,"2,686"
5130-IEKQT,Yes,Month-to-month,Yes,Mailed check,0,25,"2,655"
5130-YPIRV,No,Two year,No,Credit card (automatic),72,62,"4,284"
5131-PONJI,No,Month-to-month,No,Credit card (automatic),0,49,"4,494"
5133-POWUA,No,Month-to-month,No,Mailed check,0,1,45
5133-VRSAB,No,Month-to-month,No,Mailed check,0,8,216
5134-IKDAY,No,Month-to-month,Yes,Electronic check,0,1,69
5135-GRQJV,Yes,Two year,No,Mailed check,0,72,"8,331"
5135-RDDQL,No,Two year,No,Bank transfer (automatic),0,63,"3,221"
5136-GFPMB,No,Month-to-month,No,Credit card (automatic),0,54,"4,869"
5136-KCKGI,No,One year,Yes,Mailed check,0,33,"3,467"
5136-RGMZO,No,Month-to-month,No,Electronic check,0,31,"2,168"
5138-WVKYJ,No,Month-to-month,Yes,Electronic check,0,10,"1,008"
5140-FOMCQ,No,One year,No,Credit card (automatic),0,59,"6,557"
5141-ZUVBH,No,Month-to-month,No,Bank transfer (automatic),93,9,870
5143-EGQFK,Yes,Month-to-month,Yes,Electronic check,0,10,291
5143-WMWOG,No,Month-to-month,Yes,Electronic check,0,1,19
5144-PQCDZ,No,Month-to-month,No,Mailed check,0,4,59
5144-TVGLP,Yes,Month-to-month,No,Electronic check,0,38,"3,653"
5146-CBVOE,No,Month-to-month,No,Bank transfer (automatic),0,16,"1,212"
5146-YYFRZ,No,Two year,No,Bank transfer (automatic),0,67,"1,311"
5148-HKFIR,No,Two year,No,Mailed check,0,20,406
5148-ORICT,No,Two year,No,Mailed check,0,64,"4,759"
5149-CUZUJ,No,One year,No,Bank transfer (automatic),0,28,"2,768"
5149-QYTTU,No,One year,No,Credit card (automatic),0,71,"6,770"
5149-TGWDZ,No,One year,No,Mailed check,0,21,"2,239"
5150-ITWWB,Yes,Month-to-month,No,Electronic check,0,3,335
5150-LJNSR,No,One year,No,Bank transfer (automatic),0,31,"3,082"
5151-HQRDG,No,Month-to-month,No,Mailed check,0,37,"2,030"
5153-LXKDT,No,Two year,No,Electronic check,0,68,"7,467"
5153-RTHKF,No,Month-to-month,No,Electronic check,0,34,"2,896"
5154-VEKBL,No,Month-to-month,Yes,Mailed check,0,9,539
5155-AZQPB,No,Month-to-month,No,Mailed check,0,28,"1,410"
5156-UMKOW,No,Month-to-month,No,Mailed check,0,3,90
5158-RIVOP,No,Two year,No,Credit card (automatic),0,11,202
5159-YFPKQ,No,Month-to-month,Yes,Electronic check,0,2,160
5160-UXJED,No,One year,No,Mailed check,0,17,681
5161-UBZXI,No,Two year,No,Credit card (automatic),0,69,"7,261"
5161-XEUVX,No,Two year,No,Mailed check,0,37,"3,460"
5167-GBFRE,Yes,Month-to-month,Yes,Bank transfer (automatic),0,4,102
5167-ZFFMM,No,Month-to-month,Yes,Credit card (automatic),0,1,90
5168-MQQCA,No,One year,No,Bank transfer (automatic),0,72,"8,003"
5168-MSWXT,No,Month-to-month,No,Electronic check,0,8,759
5170-PTRKA,No,One year,No,Credit card (automatic),0,49,"1,782"
5171-EPLKN,No,Two year,No,Credit card (automatic),0,27,470
5172-MIGPM,No,Month-to-month,No,Mailed check,0,4,237
5172-RKOCB,No,Two year,No,Credit card (automatic),0,72,"7,875"
5173-WXOQV,No,Month-to-month,No,Mailed check,0,2,143
5173-ZXXXL,No,One year,No,Mailed check,0,2,47
5174-ITUMV,No,One year,No,Electronic check,0,67,"6,989"
5174-RNGBH,No,Month-to-month,Yes,Mailed check,0,9,620
5175-AOBHI,No,Month-to-month,Yes,Mailed check,46,4,193
5175-WLYXL,No,Month-to-month,No,Mailed check,0,22,"1,600"
5176-LDKUH,No,One year,No,Electronic check,0,48,"3,772"
5176-LMJXE,No,Two year,No,Mailed check,0,47,945
5176-OLSKT,No,Two year,No,Bank transfer (automatic),0,66,"4,370"
5177-RVZNU,No,One year,No,Bank transfer (automatic),0,37,755
5178-LMXOP,Yes,Month-to-month,Yes,Electronic check,0,1,95
5180-UCIIQ,Yes,Month-to-month,Yes,Mailed check,0,22,880
5181-OABFK,No,Two year,No,Credit card (automatic),0,56,"3,346"
5183-KLYEM,No,Two year,No,Credit card (automatic),0,72,"8,192"
5183-SNMJQ,No,Month-to-month,No,Credit card (automatic),0,10,865
5186-EJEGL,No,Month-to-month,No,Mailed check,0,9,653
5186-PEIZU,No,Month-to-month,No,Bank transfer (automatic),0,35,617
5186-SAMNZ,Yes,Month-to-month,Yes,Bank transfer (automatic),0,1,69
5188-HGMLP,Yes,Month-to-month,No,Bank transfer (automatic),74,54,"3,919"
5192-EBGOV,Yes,Month-to-month,Yes,Electronic check,0,1,85
5193-QLVZB,No,Two year,No,Bank transfer (automatic),0,63,"6,536"
5195-KPUNQ,Yes,One year,No,Mailed check,0,53,"5,206"
5196-SGOAK,No,Month-to-month,Yes,Electronic check,0,1,75
5196-WPYOW,No,One year,No,Mailed check,0,67,"3,994"
5197-LQXXH,No,Two year,No,Credit card (automatic),0,71,"5,894"
5197-PYEPU,No,One year,No,Credit card (automatic),0,42,"3,923"
5197-YPYBZ,No,Two year,No,Credit card (automatic),0,12,274
5198-EFNBM,Yes,One year,No,Electronic check,0,57,"5,199"
5198-HQAEN,No,One year,No,Electronic check,0,35,"3,165"
5199-FPUSP,No,One year,No,Credit card (automatic),0,33,"1,113"
5201-CBWYG,No,One year,No,Bank transfer (automatic),0,62,"1,476"
5201-FRKKS,No,Month-to-month,No,Bank transfer (automatic),0,25,"1,952"
5201-USSQZ,No,Month-to-month,No,Credit card (automatic),0,26,"2,196"
5202-IVJNU,No,Month-to-month,Yes,Credit card (automatic),0,39,"1,131"
5203-XEHAX,No,One year,No,Electronic check,0,34,"2,053"
5204-HMGYF,No,One year,No,Mailed check,0,49,"4,345"
5204-QZXPU,No,Month-to-month,Yes,Electronic check,0,19,733
5206-HPJKM,No,Month-to-month,No,Credit card (automatic),0,17,934
5206-XZZQI,No,Month-to-month,No,Mailed check,0,53,"4,348"
5207-PLSTK,No,Month-to-month,No,Mailed check,0,1,48
5208-FVQKB,No,Two year,No,Mailed check,0,70,"4,664"
5208-HFSBT,No,Month-to-month,Yes,Credit card (automatic),0,2,102
5213-TWWJU,No,Month-to-month,No,Electronic check,91,28,"2,626"
5214-CHIWJ,No,One year,No,Mailed check,0,27,595
5214-NLTIT,No,Two year,No,Credit card (automatic),0,72,"6,511"
5215-LNLDJ,No,Month-to-month,No,Electronic check,0,7,149
5216-WASFJ,Yes,Month-to-month,No,Electronic check,0,31,"2,633"
5219-YIPTK,No,Month-to-month,Yes,Electronic check,0,33,"3,409"
5220-AGAAX,No,Two year,No,Bank transfer (automatic),24,68,"1,664"
5222-IMUKT,No,Month-to-month,No,Electronic check,0,32,"2,871"
5222-JCXZT,No,Month-to-month,No,Mailed check,19,4,78
5223-UZAVK,No,One year,No,Credit card (automatic),0,64,"6,603"
5226-NOZFC,No,Month-to-month,No,Electronic check,0,26,"2,146"
5227-JSCFE,Yes,Two year,No,Credit card (automatic),0,71,"3,353"
5228-EXCET,No,Month-to-month,Yes,Electronic check,0,13,"1,008"
5229-DTFYB,No,Two year,No,Bank transfer (automatic),0,41,"3,959"
5229-PRWKT,No,Month-to-month,Yes,Electronic check,0,8,649
5231-FIQPA,No,Two year,No,Mailed check,0,41,810
5232-NXPAY,No,Two year,No,Mailed check,0,47,"3,510"
5233-AOZUF,No,Month-to-month,No,Electronic check,0,29,"2,149"
5233-GEEAX,Yes,Month-to-month,Yes,Electronic check,0,8,221
5236-PERKL,No,Two year,Yes,Bank transfer (automatic),0,57,"6,465"
5236-XMZJY,No,Month-to-month,No,Bank transfer (automatic),0,42,"2,536"
5240-CAOYT,No,Month-to-month,No,Bank transfer (automatic),0,57,"4,884"
5240-IJOQT,Yes,Month-to-month,Yes,Electronic check,0,1,74
5242-UOWHD,No,Two year,No,Mailed check,0,45,929
5243-SAOTC,No,Month-to-month,No,Bank transfer (automatic),0,54,"4,308"
5244-IRFIH,Yes,Month-to-month,Yes,Electronic check,0,33,"3,105"
5245-VDBUR,No,One year,No,Mailed check,0,52,"1,958"
5248-KWLAR,No,Two year,No,Electronic check,0,71,"6,325"
5248-RPYWW,Yes,Two year,No,Bank transfer (automatic),0,72,"6,716"
5248-YGIJN,No,Two year,No,Credit card (automatic),0,72,"6,369"
5249-QYHEX,No,Two year,No,Mailed check,0,40,"1,024"
5256-SKJGO,No,Two year,No,Electronic check,0,64,"3,423"
5260-UMPWX,No,Month-to-month,No,Credit card (automatic),0,26,493
5261-QSHQM,No,Month-to-month,Yes,Electronic check,0,4,86
5266-PFRQK,No,One year,No,Credit card (automatic),0,52,"1,071"
5268-DSMNQ,Yes,One year,No,Credit card (automatic),0,62,"5,936"
5269-NRGDP,No,One year,No,Electronic check,0,42,"3,088"
5271-DBYSJ,Yes,Month-to-month,No,Credit card (automatic),0,11,827
5271-YNWVR,No,Two year,Yes,Electronic check,0,68,"7,856"
5274-XHAKY,No,Month-to-month,No,Bank transfer (automatic),0,41,"3,893"
5275-PMFUT,No,Two year,No,Credit card (automatic),0,72,"4,719"
5275-SQEIZ,No,Month-to-month,Yes,Mailed check,0,1,80
5276-KQWHG,Yes,Month-to-month,Yes,Electronic check,0,2,131
5277-ZLOOR,Yes,Month-to-month,Yes,Electronic check,0,2,187
5278-PNYOX,No,Two year,No,Credit card (automatic),0,49,"4,917"
5281-BUZGT,Yes,Month-to-month,Yes,Electronic check,0,36,"3,186"
5285-MVEHD,No,One year,No,Credit card (automatic),0,56,"6,068"
5286-YHCVC,No,Two year,No,Bank transfer (automatic),0,72,"7,470"
5287-QWLKY,Yes,Month-to-month,Yes,Credit card (automatic),0,71,"7,548"
5288-AHOUP,Yes,Month-to-month,No,Electronic check,0,11,874
5293-WXJAK,Yes,Month-to-month,Yes,Bank transfer (automatic),0,11,"1,133"
5294-CDGWY,No,One year,Yes,Electronic check,0,51,"3,014"
5294-DMSFH,No,Month-to-month,No,Credit card (automatic),0,29,"2,621"
5294-IMHHT,No,One year,No,Bank transfer (automatic),0,53,"5,043"
5295-PCJOO,No,Month-to-month,Yes,Electronic check,0,4,184
5296-BFCYD,No,Two year,No,Mailed check,0,46,936
5296-PSYVW,No,Two year,No,Electronic check,0,72,"1,750"
5297-MDOIR,No,One year,No,Credit card (automatic),0,63,"5,224"
5298-GSTLM,Yes,One year,No,Bank transfer (automatic),0,60,"6,176"
5299-RULOA,No,Month-to-month,Yes,Electronic check,0,10,"1,064"
5299-SJCZT,No,Month-to-month,Yes,Bank transfer (automatic),0,3,298
5301-GAUUY,No,Month-to-month,Yes,Bank transfer (automatic),0,32,"2,596"
5302-BDJNT,No,Month-to-month,No,Electronic check,0,35,"3,418"
5304-EFJLP,Yes,Two year,No,Bank transfer (automatic),0,72,"8,022"
5306-BVTKJ,No,One year,No,Credit card (automatic),0,48,"2,651"
5307-DZCVC,Yes,Month-to-month,Yes,Credit card (automatic),0,32,"2,628"
5307-UVGNB,No,Month-to-month,No,Bank transfer (automatic),0,53,"2,495"
5309-TAIKL,No,Month-to-month,No,Bank transfer (automatic),0,7,418
5310-NOOVA,No,Two year,No,Electronic check,0,46,907
5311-IHLEI,No,Month-to-month,No,Bank transfer (automatic),0,12,605
5312-IRCFR,No,One year,No,Electronic check,0,64,"5,980"
5312-TSZVC,No,One year,No,Mailed check,0,15,270
5312-UXESG,No,Month-to-month,No,Bank transfer (automatic),0,41,"3,990"
5313-FPXWG,No,One year,No,Bank transfer (automatic),0,51,"1,266"
5315-CKEQK,Yes,One year,No,Electronic check,51,28,"1,381"
5317-FLPJF,No,Two year,No,Bank transfer (automatic),0,66,"4,193"
5318-IXUZF,No,Month-to-month,Yes,Bank transfer (automatic),0,2,183
5318-YKDPV,No,Two year,No,Credit card (automatic),0,43,"3,566"
5320-BRKGK,No,Two year,No,Mailed check,0,58,"4,415"
5321-NTRKC,No,Two year,No,Bank transfer (automatic),0,66,"5,234"
5322-TEUJK,No,Two year,No,Bank transfer (automatic),0,71,"8,100"
5322-ZSMZY,No,Two year,No,Mailed check,0,31,755
5324-KTGCG,No,One year,No,Electronic check,0,71,"1,539"
5325-UWTWJ,No,Month-to-month,No,Credit card (automatic),0,31,"2,929"
5327-CNLUQ,No,Two year,No,Bank transfer (automatic),0,48,"4,473"
5327-XOKKY,Yes,Two year,No,Credit card (automatic),0,72,"5,329"
5329-KRDTM,Yes,Two year,No,Credit card (automatic),0,72,"5,396"
5331-RGMTT,Yes,Month-to-month,No,Credit card (automatic),0,54,"5,295"
5334-AFQJB,Yes,Two year,No,Credit card (automatic),0,72,"1,789"
5334-JLAXU,No,Month-to-month,No,Credit card (automatic),0,60,"5,475"
5336-UFNZP,Yes,One year,No,Electronic check,0,65,"7,047"
5337-IIWKZ,No,Month-to-month,No,Electronic check,0,34,"1,442"
5338-YHWYT,No,Two year,No,Credit card (automatic),0,37,"2,302"
5339-PXDVH,No,Month-to-month,No,Electronic check,0,4,367
5339-TJFEK,No,Month-to-month,No,Electronic check,0,62,"6,487"
5343-SGUBI,No,One year,No,Mailed check,0,52,"4,297"
5345-BMKWB,No,Month-to-month,No,Mailed check,0,8,158
5346-BZCHP,No,Two year,No,Mailed check,0,69,"1,346"
5348-CAGXB,No,Month-to-month,No,Electronic check,0,12,"1,021"
5349-AZPEW,No,Month-to-month,No,Mailed check,0,5,125
5349-IECLD,No,Month-to-month,Yes,Electronic check,0,2,178
5351-QESIO,No,Month-to-month,No,Mailed check,0,1,24
5353-WILCI,No,Month-to-month,No,Electronic check,0,28,"1,522"
5356-CSVSQ,No,Month-to-month,No,Electronic check,0,3,174
5356-KZCKT,No,Two year,No,Credit card (automatic),0,58,"1,513"
5356-RHIPP,No,Month-to-month,Yes,Mailed check,0,1,20
5357-TZHPP,Yes,Month-to-month,Yes,Credit card (automatic),0,9,732
5360-LJCNJ,No,Two year,No,Bank transfer (automatic),0,71,"7,555"
5360-XGYAZ,No,Two year,No,Bank transfer (automatic),0,72,"4,664"
5364-EVNIB,No,Month-to-month,Yes,Electronic check,0,13,973
5364-XYIRR,No,Month-to-month,Yes,Electronic check,0,51,"4,812"
5365-LLFYV,No,Month-to-month,No,Mailed check,0,2,105
5366-IJEQJ,No,Month-to-month,Yes,Electronic check,0,20,"1,761"
5366-OBVMR,No,Month-to-month,No,Mailed check,0,18,908
5370-IIVVL,No,One year,No,Credit card (automatic),0,37,"3,778"
5371-VYLSX,Yes,Month-to-month,No,Electronic check,0,50,"4,113"
5372-FBKBN,No,Month-to-month,No,Mailed check,0,21,452
5373-SFODM,Yes,Month-to-month,Yes,Credit card (automatic),0,36,"3,132"
5375-XLDOF,No,Two year,No,Bank transfer (automatic),0,69,"7,665"
5376-DEQCP,No,Month-to-month,Yes,Electronic check,0,1,70
5376-PCKNB,No,One year,No,Credit card (automatic),0,72,"7,459"
5377-NDTOU,No,Two year,No,Mailed check,0,71,"6,293"
5378-IKEEG,No,Month-to-month,Yes,Electronic check,0,1,35
5380-AFSSK,No,Month-to-month,Yes,Mailed check,0,5,486
5380-WJKOV,No,Month-to-month,Yes,Electronic check,0,34,"3,549"
5380-XPJNZ,No,One year,No,Mailed check,0,38,678
5382-SOYZL,No,Month-to-month,No,Electronic check,0,22,"2,162"
5382-TEMLV,No,Month-to-month,No,Bank transfer (automatic),0,45,"2,298"
5383-MMTWC,Yes,Month-to-month,Yes,Electronic check,84,8,613
5384-ZTTWP,No,Month-to-month,No,Mailed check,0,15,272
5385-SUIRI,Yes,Month-to-month,Yes,Electronic check,0,52,"5,568"
5386-THSLQ,Yes,One year,No,Bank transfer (automatic),0,66,"3,027"
5387-ASZNZ,Yes,One year,No,Credit card (automatic),0,66,"4,174"
5389-FFVKB,Yes,Month-to-month,Yes,Credit card (automatic),0,32,"2,483"
5392-AKEMH,No,Month-to-month,No,Electronic check,0,12,523
5393-HJZSM,No,Month-to-month,No,Bank transfer (automatic),0,32,"2,404"
5393-RXQSZ,No,Month-to-month,Yes,Electronic check,0,1,79
5394-MEITZ,No,Two year,No,Bank transfer (automatic),0,60,"4,946"
5394-SVGJV,No,Month-to-month,Yes,Bank transfer (automatic),0,37,"3,475"
5396-IZEPB,No,Month-to-month,No,Credit card (automatic),0,9,180
5397-NSKQG,No,Two year,No,Credit card (automatic),0,67,"3,281"
5397-TUPSH,Yes,One year,No,Bank transfer (automatic),0,65,"4,555"
5399-ZIMKF,No,Month-to-month,No,Electronic check,0,5,383
5402-HTOTQ,No,Month-to-month,No,Electronic check,0,16,875
5404-GGUKR,No,Month-to-month,No,Electronic check,0,5,262
5405-ZMYXQ,No,Month-to-month,No,Credit card (automatic),0,8,548
5406-KGRMX,No,Two year,No,Electronic check,0,71,"1,719"
5414-OFQCB,No,Two year,No,Credit card (automatic),0,57,"5,229"
5419-CONWX,Yes,Month-to-month,Yes,Credit card (automatic),0,4,442
5419-JKZNQ,Yes,Month-to-month,No,Mailed check,0,30,"2,351"
5419-JPRRN,No,Month-to-month,Yes,Electronic check,0,1,101
5419-KLXBN,No,Month-to-month,Yes,Bank transfer (automatic),0,25,"2,257"
5423-BHIXO,No,Month-to-month,No,Electronic check,0,32,"1,739"
5424-RLQLC,No,Month-to-month,No,Mailed check,0,10,638
5429-LWCMV,No,Month-to-month,No,Electronic check,0,12,"1,057"
5433-KYGHE,No,Month-to-month,No,Mailed check,86,14,"1,164"
5438-QMDDL,No,Month-to-month,No,Mailed check,0,19,"1,130"
5439-WIKXB,Yes,Month-to-month,No,Electronic check,0,41,"3,851"
5440-FLBQG,Yes,Two year,Yes,Bank transfer (automatic),0,69,"7,318"
5440-VHLUL,No,One year,No,Bank transfer (automatic),0,69,"7,386"
5442-BHQNG,No,Month-to-month,No,Electronic check,0,2,139
5442-BXVND,No,Month-to-month,No,Bank transfer (automatic),0,33,838
5442-PPTJY,No,Two year,No,Mailed check,0,12,258
5442-UTCVD,No,Month-to-month,Yes,Electronic check,0,3,257
5442-XSDCW,No,Month-to-month,Yes,Bank transfer (automatic),0,11,868
5443-SCMKX,No,One year,No,Electronic check,0,58,"5,610"
5445-GLVOT,No,Month-to-month,No,Electronic check,0,22,"1,049"
5445-PZWGX,No,One year,Yes,Electronic check,102,62,"6,529"
5445-UTODQ,No,Month-to-month,Yes,Electronic check,0,7,576
5446-DKWYW,Yes,One year,No,Electronic check,0,61,"3,965"
5447-VYTKW,No,Month-to-month,No,Mailed check,0,27,"1,461"
5447-WZAFP,No,One year,No,Mailed check,0,53,"5,200"
5448-VWNAM,No,Month-to-month,No,Mailed check,0,19,"1,375"
5449-FIBXJ,No,Month-to-month,Yes,Electronic check,0,19,"2,012"
5451-MHQOF,No,One year,No,Mailed check,0,56,"1,431"
5451-YHYPW,Yes,Two year,No,Credit card (automatic),0,72,"8,443"
5453-AXEPF,No,Month-to-month,No,Bank transfer (automatic),0,17,"1,336"
5453-YBTWV,No,Two year,No,Credit card (automatic),0,70,"6,994"
5456-ITGIC,Yes,Two year,No,Credit card (automatic),0,72,"4,641"
5457-COLHT,No,Two year,No,Bank transfer (automatic),0,69,"5,542"
5458-CQJTA,No,Two year,Yes,Bank transfer (automatic),0,65,"4,820"
5461-QKNTN,Yes,Month-to-month,No,Electronic check,0,43,"3,953"
5465-BUBFA,No,Two year,No,Bank transfer (automatic),0,41,772
5468-BPMMO,No,Month-to-month,No,Electronic check,0,46,851
5469-CTCWN,No,One year,Yes,Electronic check,106,61,"6,547"
5469-NUJUR,No,Two year,No,Mailed check,0,19,373
5472-CVMDX,No,Two year,No,Mailed check,0,68,"2,719"
5473-KHBPS,No,One year,No,Credit card (automatic),0,52,"4,976"
5474-LAMUQ,No,One year,No,Mailed check,0,24,533
5478-JJVZK,No,Month-to-month,No,Mailed check,0,33,"2,033"
5480-HPRRX,Yes,Month-to-month,Yes,Electronic check,0,3,77
5480-TBGPH,No,Month-to-month,Yes,Credit card (automatic),0,24,"2,431"
5480-XTFFL,No,Two year,No,Mailed check,21,31,697
5481-NTDOH,Yes,One year,No,Credit card (automatic),0,67,"7,142"
5482-NUPNA,No,Month-to-month,Yes,Mailed check,0,4,272
5482-PLVPE,Yes,Month-to-month,Yes,Electronic check,0,2,41
5482-VXSXJ,No,Month-to-month,No,Mailed check,0,22,"2,157"
5485-ITNPC,No,Two year,No,Bank transfer (automatic),0,66,"5,595"
5485-WUYWF,Yes,Month-to-month,Yes,Bank transfer (automatic),0,2,94
5493-SDRDQ,No,Month-to-month,Yes,Mailed check,0,2,113
5494-HECPR,No,Month-to-month,Yes,Electronic check,0,1,80
5494-WOZRZ,No,Two year,No,Credit card (automatic),82,71,"5,999"
5495-GPSRW,No,Two year,No,Mailed check,0,20,419
5498-IBWPI,No,One year,No,Credit card (automatic),0,66,"3,251"
5498-TXHLF,No,Month-to-month,Yes,Electronic check,0,34,"2,874"
5499-ECUTN,No,One year,No,Credit card (automatic),0,47,"3,021"
5501-TVMGM,No,Month-to-month,No,Electronic check,0,1,55
5502-RLUYV,No,Month-to-month,Yes,Electronic check,0,69,"7,446"
5504-WSIUR,No,One year,No,Bank transfer (automatic),0,70,"6,385"
5505-OVWQW,No,One year,No,Mailed check,0,17,353
5510-BOIUJ,No,Month-to-month,Yes,Mailed check,0,1,19
5512-IDZEI,No,One year,No,Electronic check,0,46,"1,174"
5514-YQENT,No,Two year,No,Electronic check,0,41,"4,507"
5515-AKOAJ,No,Month-to-month,Yes,Electronic check,0,54,"5,440"
5515-IDEJJ,No,Month-to-month,Yes,Mailed check,0,1,19
5515-RUGKN,No,Month-to-month,No,Credit card (automatic),0,8,438
5519-NPHVG,No,Month-to-month,Yes,Electronic check,0,12,"1,046"
5519-TEEUH,No,One year,No,Mailed check,0,33,682
5519-YLDGW,No,Month-to-month,Yes,Electronic check,0,21,"2,254"
5520-FVEWJ,No,Month-to-month,Yes,Electronic check,0,12,916
5522-JBWMO,No,Month-to-month,No,Electronic check,44,1,44
5522-NYKPB,No,Month-to-month,No,Electronic check,0,25,"2,199"
5524-KHNJP,No,One year,No,Credit card (automatic),0,33,"2,453"
5527-ACHSO,No,Month-to-month,No,Mailed check,0,11,829
5529-GIBVH,No,Two year,No,Mailed check,0,47,"1,046"
5533-NHFRF,Yes,Month-to-month,No,Electronic check,0,7,265
5533-RJFTJ,No,Month-to-month,No,Bank transfer (automatic),0,49,"1,453"
5536-RTPWK,No,Month-to-month,Yes,Bank transfer (automatic),0,49,"4,853"
5536-SLHPM,No,Month-to-month,Yes,Electronic check,0,55,"4,458"
5537-UXXVS,No,Month-to-month,No,Bank transfer (automatic),0,20,375
5539-HIVAK,Yes,Month-to-month,No,Mailed check,0,28,734
5539-TMZLF,Yes,Month-to-month,Yes,Electronic check,0,1,69
5542-DHSXL,No,Month-to-month,No,Mailed check,0,4,235
5542-NKVRU,No,Two year,No,Bank transfer (automatic),0,42,844
5542-TBBWB,No,Month-to-month,No,Electronic check,0,1,69
5543-QDCRY,No,Month-to-month,No,Electronic check,0,4,234
5546-BYZSM,No,Month-to-month,No,Electronic check,0,41,775
5546-QUERU,No,One year,No,Mailed check,0,13,257
5549-ZGHFB,No,Two year,No,Mailed check,0,50,"1,261"
5550-VFRLC,Yes,Month-to-month,Yes,Electronic check,0,1,69
5552-ZNFSJ,No,Month-to-month,Yes,Electronic check,0,1,45
5553-AOINX,Yes,One year,No,Electronic check,0,66,"6,891"
5555-RNPGT,No,Month-to-month,No,Credit card (automatic),0,10,223
5561-NWEVX,Yes,Month-to-month,Yes,Electronic check,0,2,172
5562-BETPV,No,One year,No,Mailed check,0,1,19
5562-YJQGT,No,Month-to-month,No,Credit card (automatic),0,2,35
5564-NEMQO,Yes,Month-to-month,Yes,Bank transfer (automatic),0,1,75
5565-FILXA,Yes,Month-to-month,Yes,Electronic check,0,16,"1,529"
5566-SOEZD,No,One year,No,Credit card (automatic),0,27,"2,209"
5567-GZKQY,No,Two year,No,Credit card (automatic),0,58,"1,131"
5567-WSELE,Yes,Month-to-month,Yes,Electronic check,0,3,279
5568-DMXZS,No,Month-to-month,No,Electronic check,0,8,554
5569-IDSEY,No,One year,No,Bank transfer (automatic),0,71,"7,472"
5569-KGJHX,No,Month-to-month,Yes,Bank transfer (automatic),0,9,754
5569-OUICF,Yes,Month-to-month,Yes,Credit card (automatic),0,28,"2,812"
5570-PTWEH,No,Month-to-month,Yes,Credit card (automatic),0,3,216
5572-ZDXHY,No,Month-to-month,Yes,Mailed check,0,22,"1,855"
5574-NXZIU,No,Two year,No,Credit card (automatic),0,63,"7,049"
5575-GNVDE,No,One year,No,Mailed check,0,34,"1,889"
5575-TPIZQ,No,Month-to-month,No,Credit card (automatic),0,46,"4,245"
5577-OTWWW,No,Month-to-month,Yes,Bank transfer (automatic),0,15,297
5578-NKCXI,No,One year,No,Credit card (automatic),0,58,"5,846"
5583-EJXRD,No,Two year,No,Credit card (automatic),0,44,"2,375"
5583-SXDAG,No,Month-to-month,Yes,Electronic check,70,1,70
5590-BYNII,No,Month-to-month,Yes,Electronic check,0,22,"2,095"
5590-YRFJT,No,Month-to-month,Yes,Electronic check,0,20,482
5590-ZSKRV,No,Month-to-month,No,Mailed check,0,8,482
5593-SUAOO,No,One year,No,Bank transfer (automatic),0,24,"2,033"
5597-GLBUC,No,Month-to-month,Yes,Electronic check,0,1,85
5598-IKHQQ,No,Two year,No,Credit card (automatic),0,72,"1,866"
5599-HVLTW,Yes,Month-to-month,No,Bank transfer (automatic),0,14,"1,058"
5600-KTXFM,No,Month-to-month,No,Mailed check,0,2,143
5600-PDUJF,No,Month-to-month,No,Credit card (automatic),0,6,312
5602-BVFMK,No,One year,No,Mailed check,0,12,228
5605-IYGFG,No,Month-to-month,No,Bank transfer (automatic),0,7,515
5605-XNWEN,Yes,Two year,No,Bank transfer (automatic),25,72,"1,802"
5606-AMZBO,No,Month-to-month,No,Credit card (automatic),0,10,765
5609-CEBID,Yes,Month-to-month,Yes,Electronic check,0,20,"1,782"
5609-IMCGG,No,Month-to-month,No,Credit card (automatic),0,15,"1,302"
5614-DNZCE,No,Two year,No,Credit card (automatic),0,58,"3,795"
5616-PRTNT,No,Month-to-month,Yes,Electronic check,0,20,374
5619-PTMIK,No,Month-to-month,No,Electronic check,0,46,"2,459"
5619-XZZKR,No,One year,No,Mailed check,0,4,68
5622-UEJFI,No,Two year,No,Credit card (automatic),0,35,949
5624-BQSSA,No,Month-to-month,Yes,Mailed check,0,1,20
5624-RYAMH,No,Month-to-month,No,Electronic check,0,9,178
5626-MGTUK,No,Month-to-month,No,Bank transfer (automatic),0,20,"1,879"
5627-TVBPP,No,One year,No,Credit card (automatic),0,35,644
5628-FCGYG,No,Month-to-month,No,Electronic check,0,21,"1,737"
5628-RKIFK,Yes,Month-to-month,No,Credit card (automatic),0,49,"5,070"
5630-AHZIL,No,Month-to-month,No,Bank transfer (automatic),0,3,177
5630-IXDXV,No,Month-to-month,No,Electronic check,0,47,"4,849"
5639-NTUPK,No,Month-to-month,No,Credit card (automatic),0,13,670
5640-CAXOA,No,One year,No,Credit card (automatic),0,30,"1,187"
5641-DMBFJ,No,Two year,No,Electronic check,0,58,"4,916"
5642-MHDQT,No,One year,No,Bank transfer (automatic),0,53,"1,039"
5644-PDMZC,Yes,Month-to-month,Yes,Electronic check,0,2,161
5647-FXOTP,Yes,Month-to-month,No,Electronic check,0,60,"6,401"
5647-URDKA,No,Two year,No,Mailed check,0,8,130
5649-ANRML,Yes,Month-to-month,Yes,Credit card (automatic),0,2,180
5649-RXQTV,No,Month-to-month,No,Electronic check,99,51,"5,038"
5649-TJHOV,Yes,Month-to-month,Yes,Bank transfer (automatic),0,27,"1,032"
5649-VUKMC,No,One year,Yes,Mailed check,0,12,"1,115"
5650-VDUDS,No,Month-to-month,Yes,Mailed check,0,4,96
5650-YLIBA,No,Month-to-month,No,Electronic check,0,31,"2,640"
5651-CPDND,No,Month-to-month,No,Mailed check,46,10,492
5651-CRHKQ,No,One year,No,Bank transfer (automatic),0,41,"3,339"
5651-WYIPH,Yes,Month-to-month,No,Credit card (automatic),0,18,865
5651-YLPRD,No,Month-to-month,No,Electronic check,0,32,"2,723"
5652-MSDEY,No,Month-to-month,No,Mailed check,0,10,777
5655-JSMZM,Yes,Month-to-month,Yes,Electronic check,0,49,"4,718"
5656-JAMLX,No,Two year,No,Bank transfer (automatic),0,62,"1,253"
5656-MJEFC,No,Two year,No,Credit card (automatic),0,42,"2,032"
5663-QBGIS,Yes,Two year,No,Bank transfer (automatic),0,72,"6,929"
5666-CYCYZ,No,Month-to-month,No,Electronic check,0,24,"2,259"
5666-MBJPT,No,Two year,No,Bank transfer (automatic),0,65,"1,725"
5668-MEISB,No,Two year,No,Credit card (automatic),0,72,"7,657"
5669-SRAIP,No,Month-to-month,Yes,Electronic check,0,5,210
5671-RQRLP,Yes,Two year,No,Credit card (automatic),0,70,"5,411"
5671-UUNXD,Yes,One year,No,Electronic check,0,50,"5,189"
5673-FSSMF,No,Month-to-month,Yes,Electronic check,0,1,60
5673-TIYIB,No,Month-to-month,Yes,Credit card (automatic),0,2,77
5676-CFLYY,No,Two year,No,Credit card (automatic),0,71,"5,154"
5678-VFNEQ,No,One year,No,Credit card (automatic),0,71,"7,412"
5680-LQOGP,No,Two year,No,Credit card (automatic),0,68,"5,646"
5681-LLOEI,No,One year,No,Credit card (automatic),0,43,"4,013"
5684-FJVYR,No,Two year,No,Bank transfer (automatic),0,72,"6,563"
5685-IIXLY,No,Month-to-month,Yes,Electronic check,0,5,404
5686-CMAWK,No,One year,No,Electronic check,0,17,"1,410"
5687-DKDTV,No,Month-to-month,Yes,Mailed check,0,4,77
5688-KZTSN,No,Month-to-month,Yes,Electronic check,20,15,288
5692-FPTAH,No,Month-to-month,Yes,Mailed check,0,1,45
5692-ICXLW,Yes,Month-to-month,No,Electronic check,0,31,"2,845"
5693-PIPCS,No,Two year,No,Credit card (automatic),0,41,"4,220"
5696-CEIQJ,No,Two year,No,Bank transfer (automatic),0,67,"6,895"
5696-EXCYS,No,Two year,No,Credit card (automatic),0,17,369
5696-JVVQY,No,Two year,No,Credit card (automatic),0,48,"3,238"
5696-QURRL,No,Month-to-month,Yes,Mailed check,0,1,45
5697-GOMBF,Yes,Month-to-month,No,Electronic check,0,28,973
5698-BQJOH,No,Month-to-month,Yes,Electronic check,0,9,857
5699-BNCAS,Yes,Two year,No,Mailed check,0,71,"1,766"
5701-GUXDC,No,One year,No,Credit card (automatic),0,26,978
5701-SVCWR,No,Month-to-month,No,Mailed check,24,1,24
5701-YVSVF,Yes,Month-to-month,No,Electronic check,0,11,880
5701-ZIKJE,No,Month-to-month,No,Mailed check,0,13,610
5702-KVQRD,No,Two year,No,Electronic check,0,71,"5,832"
5702-SKUOB,No,Month-to-month,No,Mailed check,0,4,93
5707-ORNDZ,Yes,Month-to-month,Yes,Electronic check,0,9,494
5707-ZMDJP,No,Two year,No,Mailed check,0,53,"3,729"
5708-EVONK,No,Month-to-month,Yes,Bank transfer (automatic),0,58,"5,435"
5709-LVOEQ,No,Two year,No,Mailed check,0,0,0
5712-AHQNN,No,Month-to-month,No,Electronic check,0,43,"3,954"
5712-PTIWW,No,Month-to-month,Yes,Electronic check,0,2,152
5712-VBOXD,No,Month-to-month,No,Credit card (automatic),0,4,68
5716-EZXZN,No,Two year,No,Credit card (automatic),0,65,"6,416"
5716-LIBJC,No,One year,No,Credit card (automatic),0,13,"1,299"
5724-BIDBU,No,One year,No,Electronic check,0,49,"2,633"
5726-CVNYA,No,Two year,No,Mailed check,0,8,146
5727-MYATE,No,Two year,No,Credit card (automatic),0,72,"6,397"
5729-KLZAR,No,Month-to-month,Yes,Electronic check,0,4,302
5730-DBDSI,No,Two year,No,Bank transfer (automatic),0,66,"1,253"
5730-RIITO,Yes,Month-to-month,No,Credit card (automatic),0,43,"1,500"
5732-IKGQH,Yes,One year,No,Bank transfer (automatic),0,52,"5,481"
5734-EJKXG,No,One year,No,Electronic check,0,61,"7,365"
5736-YEJAX,No,Two year,No,Credit card (automatic),0,69,"5,502"
5740-YHGTW,No,Month-to-month,No,Credit card (automatic),0,70,"6,669"
5743-KHMNA,No,Two year,No,Bank transfer (automatic),0,71,"1,898"
5747-PMBSQ,Yes,Month-to-month,Yes,Mailed check,0,10,934
5748-RNCJT,No,Two year,Yes,Bank transfer (automatic),0,69,"7,348"
5751-USDBL,No,Two year,No,Mailed check,81,46,"3,846"
5753-QQWPW,No,One year,No,Electronic check,0,28,"1,654"
5756-JYOJT,No,One year,No,Credit card (automatic),0,11,697
5756-OZRIO,Yes,One year,No,Bank transfer (automatic),0,61,"3,902"
5759-RCVCB,No,Month-to-month,Yes,Credit card (automatic),0,3,108
5760-FXFVO,No,Month-to-month,No,Electronic check,0,6,494
5760-IFJOZ,No,Month-to-month,No,Mailed check,0,3,313
5760-WRAHC,Yes,Month-to-month,No,Mailed check,0,22,"1,545"
5762-TJXGK,No,Two year,No,Bank transfer (automatic),0,52,"3,038"
5766-FTRTS,No,Two year,No,Mailed check,0,72,"6,033"
5766-XQXMQ,No,Month-to-month,Yes,Bank transfer (automatic),0,29,"1,970"
5766-ZJYBB,No,Month-to-month,Yes,Mailed check,0,1,19
5774-QPLTF,No,One year,No,Mailed check,0,50,938
5774-XZTQC,No,Month-to-month,No,Mailed check,0,7,150
5777-KJIRB,No,One year,No,Mailed check,0,40,"2,023"
5777-ZPQNC,No,One year,No,Electronic check,0,12,260
5778-BVOFB,No,Month-to-month,No,Bank transfer (automatic),0,9,530
5780-INQIK,No,Month-to-month,No,Electronic check,0,8,408
5781-BKHOP,No,Two year,No,Bank transfer (automatic),0,72,"7,334"
5781-RFZRP,No,Two year,No,Credit card (automatic),0,71,"5,357"
5787-KXGIY,No,Two year,No,Credit card (automatic),0,72,"1,304"
5788-YPOEG,No,Two year,No,Mailed check,0,34,"2,839"
5789-LDFXO,No,One year,No,Electronic check,0,24,592
5791-KAJFD,No,One year,No,Bank transfer (automatic),0,56,"3,808"
5792-JALQC,Yes,Two year,No,Bank transfer (automatic),0,52,"3,103"
5793-YOLJN,No,Two year,No,Mailed check,21,55,"1,210"
5795-BKOYE,No,One year,No,Bank transfer (automatic),0,69,"4,134"
5795-KTGUD,No,Two year,No,Bank transfer (automatic),0,68,"7,553"
5797-APWZC,No,Month-to-month,Yes,Electronic check,0,1,90
5799-JRCZO,No,Two year,No,Credit card (automatic),0,63,"1,215"
5802-ADBRC,No,One year,No,Mailed check,0,50,"5,232"
5803-NQJZO,No,Two year,No,Bank transfer (automatic),0,72,"4,804"
5804-HYIEZ,No,Month-to-month,No,Electronic check,0,70,"7,554"
5804-JMYIO,No,Two year,No,Mailed check,0,39,757
5804-LEPIM,Yes,Month-to-month,Yes,Electronic check,0,2,139
5808-TOTXO,No,One year,No,Credit card (automatic),0,3,57
5811-IWXYM,No,One year,No,Bank transfer (automatic),0,52,"5,301"
5813-UECBU,Yes,Month-to-month,Yes,Credit card (automatic),0,33,"2,716"
5815-HGGHV,No,One year,No,Mailed check,0,20,"1,274"
5816-JMLGY,No,Two year,No,Bank transfer (automatic),0,70,"5,717"
5816-QVHRX,No,Month-to-month,No,Credit card (automatic),0,37,"3,541"
5816-SCGFC,Yes,Month-to-month,No,Mailed check,0,7,419
5820-PTRYM,Yes,One year,No,Credit card (automatic),0,56,"4,014"
5821-MMEIL,No,Two year,No,Bank transfer (automatic),0,57,"1,115"
5825-XJOCM,No,One year,No,Bank transfer (automatic),0,48,"3,035"
5827-MWCZK,No,Month-to-month,No,Credit card (automatic),0,56,"5,432"
5828-AVIPD,No,One year,Yes,Electronic check,0,19,"1,875"
5828-DWPIL,Yes,Month-to-month,No,Electronic check,0,62,"5,618"
5829-NVSQN,No,One year,No,Bank transfer (automatic),0,23,"1,689"
5832-EXGTT,No,Month-to-month,No,Mailed check,0,29,"1,834"
5832-TRLPB,No,One year,No,Bank transfer (automatic),0,29,"2,243"
5832-XKAES,No,Month-to-month,Yes,Credit card (automatic),0,2,134
5834-ASPWA,No,Month-to-month,Yes,Electronic check,0,1,75
5835-BEQEU,No,Month-to-month,Yes,Electronic check,0,3,228
5837-LXSDN,No,One year,No,Credit card (automatic),0,21,"1,215"
5839-SUYVZ,No,Month-to-month,No,Credit card (automatic),0,16,"1,170"
5840-NVDCG,No,Two year,No,Bank transfer (automatic),0,16,"1,114"
5842-POCOP,No,Month-to-month,Yes,Mailed check,0,5,454
5843-TTHGI,No,Month-to-month,No,Mailed check,50,18,892
5844-QVTAT,No,One year,No,Mailed check,0,33,"1,955"
5845-BZZIB,No,Two year,No,Mailed check,0,35,655
5846-ABOBJ,No,Two year,No,Bank transfer (automatic),0,71,"1,730"
5846-NEQVZ,No,Two year,No,Credit card (automatic),0,71,"4,973"
5846-QFDFI,No,Month-to-month,No,Credit card (automatic),0,33,"2,888"
5847-MXBEO,No,One year,No,Mailed check,0,22,475
5848-FHRFC,No,Two year,No,Bank transfer (automatic),0,68,"1,386"
5849-ASHZJ,No,One year,No,Credit card (automatic),0,27,552
5850-BDWCY,No,Month-to-month,No,Mailed check,0,6,123
5854-KSRBJ,No,Two year,No,Mailed check,0,70,"1,782"
5855-EIBDE,No,Two year,No,Credit card (automatic),0,49,"5,174"
5857-TYBCJ,Yes,Month-to-month,No,Electronic check,0,44,"4,040"
5857-XRECV,No,One year,No,Bank transfer (automatic),0,2,38
5858-EAFCZ,No,Month-to-month,No,Mailed check,0,1,44
5859-HZYLF,No,Two year,No,Credit card (automatic),0,26,515
5862-BRIXZ,No,Two year,No,Bank transfer (automatic),0,46,"2,893"
5863-OOKCL,No,Month-to-month,No,Mailed check,0,10,163
5868-CZJDR,No,Month-to-month,Yes,Mailed check,0,1,31
5868-YTYKS,No,Month-to-month,No,Mailed check,0,1,20
5868-YWPDW,Yes,Month-to-month,Yes,Electronic check,0,6,519
5871-DGTXZ,No,One year,No,Mailed check,0,32,607
5872-OEQNH,No,One year,No,Electronic check,0,60,"2,773"
5875-YPQFJ,No,Month-to-month,Yes,Electronic check,0,1,69
5876-HZVZM,No,Month-to-month,Yes,Credit card (automatic),0,6,365
5876-QMYLD,No,One year,No,Mailed check,0,23,415
5879-HMFFH,No,Two year,No,Bank transfer (automatic),0,72,"6,520"
5879-SESNB,No,Month-to-month,No,Electronic check,0,11,888
5882-CMAZQ,No,Month-to-month,No,Electronic check,0,5,163
5883-GTGVD,No,Month-to-month,Yes,Electronic check,0,19,"1,931"
5884-FBCTL,No,Two year,No,Bank transfer (automatic),0,72,"1,857"
5884-GCYMI,No,Month-to-month,Yes,Mailed check,0,1,69
5886-VLQVU,No,Month-to-month,No,Bank transfer (automatic),0,35,"3,161"
5887-IKKYO,No,Two year,No,Bank transfer (automatic),0,58,"5,563"
5889-JTMUL,Yes,Month-to-month,Yes,Electronic check,0,50,"4,888"
5889-LFOLL,No,Month-to-month,Yes,Electronic check,0,13,"1,115"
5893-KCLGT,No,Two year,No,Mailed check,0,72,"1,567"
5893-PYOLZ,No,Two year,No,Credit card (automatic),0,56,"4,534"
5895-QSXOD,No,Month-to-month,No,Mailed check,0,9,657
5896-NPFWW,No,Month-to-month,Yes,Electronic check,0,3,168
5897-ZYEKH,Yes,One year,No,Electronic check,0,67,"7,112"
5898-IGSLP,No,Month-to-month,No,Electronic check,0,31,"2,823"
5899-MQZZL,No,Month-to-month,Yes,Mailed check,75,13,999
5899-OUVKV,No,Month-to-month,No,Electronic check,0,31,"2,979"
5902-WBLSE,No,Two year,No,Credit card (automatic),0,70,"1,411"
5906-BFOZT,No,Month-to-month,No,Mailed check,0,1,19
5906-CVLHP,No,One year,Yes,Credit card (automatic),0,45,"2,319"
5906-DVAPM,No,One year,No,Credit card (automatic),75,55,"4,213"
5908-QMGOE,Yes,Month-to-month,Yes,Credit card (automatic),0,15,"1,133"
5909-ECHUI,No,Month-to-month,Yes,Electronic check,0,1,56
5913-INRQV,Yes,One year,No,Mailed check,0,34,"3,128"
5914-DVBWJ,Yes,Month-to-month,Yes,Electronic check,0,18,"1,505"
5914-GXMDA,No,One year,No,Mailed check,0,32,593
5914-XRFQB,No,Two year,No,Bank transfer (automatic),0,72,"8,424"
5915-ANOEI,No,Two year,No,Mailed check,0,70,"5,536"
5915-DGNVC,No,One year,No,Electronic check,0,49,"3,472"
5916-QEWPT,No,Month-to-month,No,Credit card (automatic),69,2,147
5917-HBSDW,No,Month-to-month,No,Electronic check,0,37,683
5917-RYRMG,Yes,One year,No,Credit card (automatic),0,32,587
5918-VUKWP,No,One year,No,Bank transfer (automatic),0,32,654
5919-TMRGD,No,Month-to-month,Yes,Electronic check,0,1,79
5919-VCZYM,No,Month-to-month,No,Mailed check,0,2,42
5921-NGYRH,No,Month-to-month,No,Mailed check,0,64,"4,764"
5922-ABDVO,No,Month-to-month,Yes,Mailed check,0,19,"1,761"
5923-GXUOC,No,Month-to-month,Yes,Electronic check,0,10,"1,081"
5924-IFQTT,No,Month-to-month,No,Electronic check,0,13,930
5924-SNGKP,No,One year,No,Credit card (automatic),0,41,865
5928-QLDHB,No,Month-to-month,No,Electronic check,0,9,684
5930-GBIWP,No,Two year,No,Credit card (automatic),0,69,"5,553"
5931-FLJJF,Yes,Month-to-month,Yes,Mailed check,0,7,467
5934-RMPOV,No,Month-to-month,No,Electronic check,0,22,"1,816"
5934-TSSAU,No,Month-to-month,No,Credit card (automatic),0,23,"1,702"
5935-FCCNB,Yes,Month-to-month,No,Electronic check,0,17,"1,608"
5937-EORGB,Yes,Month-to-month,No,Electronic check,0,15,"1,392"
5939-SXWHM,No,Two year,No,Bank transfer (automatic),0,48,"1,245"
5939-XAIXZ,No,Month-to-month,No,Mailed check,0,19,"1,033"
5940-AHUHD,No,Month-to-month,Yes,Mailed check,0,1,70
5940-NFXKV,No,Month-to-month,Yes,Electronic check,0,19,"1,465"
5944-UGLLK,No,One year,No,Credit card (automatic),0,53,"3,045"
5945-AZYHT,No,One year,No,Electronic check,0,71,"7,854"
5947-SGKCL,No,Month-to-month,No,Bank transfer (automatic),0,15,"1,559"
5948-UJZLF,No,Month-to-month,No,Mailed check,0,2,97
5949-EBSQK,No,Month-to-month,Yes,Credit card (automatic),0,4,229
5949-HGVJL,No,Month-to-month,No,Electronic check,0,26,"1,959"
5949-XIKAE,No,Month-to-month,Yes,Electronic check,0,8,680
5950-AAAGJ,No,Month-to-month,No,Bank transfer (automatic),0,18,"1,537"
5951-AOFIH,No,Month-to-month,No,Credit card (automatic),0,33,"2,245"
5954-BDFSG,No,Two year,No,Credit card (automatic),0,72,"7,853"
5955-EPOAZ,No,Month-to-month,No,Mailed check,0,6,109
5955-ERIHD,No,Month-to-month,Yes,Electronic check,0,18,"1,687"
5956-VKDTT,Yes,Month-to-month,Yes,Electronic check,0,5,334
5956-YHHRX,Yes,Month-to-month,No,Electronic check,0,21,"2,271"
5959-BELXA,Yes,Month-to-month,Yes,Credit card (automatic),0,32,"3,019"
5960-MVTUK,No,Month-to-month,No,Electronic check,0,3,96
5960-WPXQM,No,Month-to-month,Yes,Electronic check,0,1,79
5961-VUSRV,No,One year,No,Bank transfer (automatic),0,12,219
5965-GGPRW,No,Two year,No,Bank transfer (automatic),0,72,"7,609"
5966-EMAZU,No,One year,No,Mailed check,0,64,"6,880"
5968-HYJRZ,No,Two year,No,Mailed check,0,47,"1,160"
5968-VXZLG,No,Month-to-month,No,Bank transfer (automatic),0,2,87
5968-XQIVE,No,One year,No,Electronic check,0,72,"6,588"
5970-GHJAW,No,Two year,No,Credit card (automatic),0,46,862
5973-EJGDP,No,Month-to-month,No,Electronic check,0,51,"4,473"
5975-BAICR,No,One year,No,Credit card (automatic),0,36,"2,188"
5976-JCJRH,No,Month-to-month,Yes,Electronic check,0,10,738
5977-CKHON,No,Month-to-month,No,Bank transfer (automatic),0,43,"4,039"
5980-BDHPY,No,Two year,No,Bank transfer (automatic),0,72,"6,230"
5980-NOPLP,No,Month-to-month,Yes,Electronic check,0,44,"4,364"
5981-ITEMU,No,Month-to-month,Yes,Bank transfer (automatic),0,40,"3,706"
5981-ZVXOT,Yes,One year,No,Electronic check,0,35,"3,726"
5982-FPVQN,No,Month-to-month,No,Electronic check,0,37,"3,532"
5982-PSMKW,No,Two year,No,Credit card (automatic),0,23,"2,198"
5982-XMDEX,No,Two year,No,Bank transfer (automatic),0,65,"1,698"
5985-BEHZK,Yes,One year,No,Credit card (automatic),105,72,"7,578"
5985-TBABQ,No,One year,No,Mailed check,0,32,"2,282"
5986-WWXDV,No,One year,No,Bank transfer (automatic),0,39,779
5989-AXPUC,No,Two year,No,Mailed check,0,68,"7,990"
5989-OMNJE,No,One year,No,Electronic check,0,24,"1,367"
5989-PGKJB,No,Month-to-month,No,Electronic check,0,16,"1,340"
5993-BQHEA,No,One year,No,Credit card (automatic),0,12,267
5993-JSUWV,No,Two year,No,Bank transfer (automatic),0,66,"4,017"
5995-LFTLE,No,Two year,No,Credit card (automatic),0,58,"1,474"
5995-OIGLP,No,Month-to-month,Yes,Mailed check,0,12,654
5995-SNNEW,Yes,Month-to-month,No,Electronic check,0,23,"2,184"
5995-WWKKG,No,One year,No,Electronic check,0,37,695
5996-DAOQL,No,Month-to-month,No,Mailed check,0,1,20
5996-EBTKM,No,Two year,No,Bank transfer (automatic),0,67,"4,615"
5996-NRVXR,Yes,One year,No,Credit card (automatic),0,40,"4,116"
5997-OPVFA,No,Two year,No,Bank transfer (automatic),0,72,"6,254"
5998-DZLYR,No,Two year,No,Bank transfer (automatic),0,61,"5,703"
5998-VVEJY,No,Month-to-month,Yes,Electronic check,0,26,"2,088"
5999-LCXAO,No,Month-to-month,No,Mailed check,0,1,29
6000-APYLU,No,Month-to-month,Yes,Electronic check,0,9,713
6000-UKLWI,No,Two year,No,Mailed check,0,41,802
6005-OBZPH,Yes,Month-to-month,Yes,Electronic check,0,26,"2,277"
6007-TCTST,No,Two year,No,Bank transfer (automatic),0,72,"8,476"
6008-NAIXK,Yes,One year,No,Electronic check,0,54,"2,966"
6010-DDPPW,No,Two year,No,Bank transfer (automatic),0,70,"1,940"
6013-BHCAW,No,Two year,No,Bank transfer (automatic),81,61,"4,976"
6015-VVHHE,Yes,Month-to-month,Yes,Credit card (automatic),0,5,446
6016-LVTJQ,No,Month-to-month,No,Mailed check,0,34,716
6016-NXBNJ,No,One year,No,Mailed check,0,35,638
6017-PPLPX,No,Month-to-month,Yes,Electronic check,0,20,"1,470"
6022-KOUQO,No,Month-to-month,No,Bank transfer (automatic),0,2,44
6022-UGGSO,Yes,Month-to-month,Yes,Electronic check,0,32,"2,276"
6023-GSSXW,No,Two year,No,Credit card (automatic),0,69,"4,131"
6023-YEBUP,No,Month-to-month,Yes,Electronic check,0,3,329
6024-RUGGH,No,Two year,No,Bank transfer (automatic),0,72,"1,798"
6029-CSMJE,No,Month-to-month,No,Mailed check,0,17,440
6029-WTIPC,Yes,Month-to-month,Yes,Electronic check,0,37,"3,744"
6030-REHUX,Yes,Month-to-month,No,Electronic check,0,28,"3,204"
6032-IGALN,No,Month-to-month,Yes,Mailed check,0,1,25
6032-KRXXO,No,Month-to-month,Yes,Electronic check,0,30,"2,755"
6034-YMTOB,No,Month-to-month,No,Mailed check,0,5,399
6034-ZRYCV,No,Two year,Yes,Electronic check,0,72,"3,937"
6035-BXTTY,Yes,Month-to-month,No,Bank transfer (automatic),0,32,"1,830"
6035-RIIOM,No,Two year,No,Bank transfer (automatic),0,54,"5,129"
6036-TTFYU,No,Month-to-month,No,Mailed check,0,16,314
6038-GCYEC,No,Month-to-month,Yes,Credit card (automatic),0,24,"1,240"
6040-CGACY,No,Month-to-month,No,Mailed check,0,15,299
6047-SUHPR,No,One year,No,Electronic check,0,39,"2,343"
6047-YHPVI,No,Month-to-month,Yes,Electronic check,0,5,316
6048-NJXHX,No,Two year,No,Electronic check,0,41,899
6048-QBXKL,Yes,Month-to-month,No,Credit card (automatic),0,2,118
6048-UWKAL,Yes,Two year,No,Credit card (automatic),0,69,"6,998"
6050-FFXES,No,Two year,No,Bank transfer (automatic),0,69,"7,240"
6050-IJRHS,No,One year,No,Electronic check,0,70,"7,397"
6051-PTVNS,No,One year,No,Credit card (automatic),0,55,998
6060-DRTNL,Yes,Month-to-month,Yes,Mailed check,0,5,415
6060-QBMGV,No,Two year,No,Credit card (automatic),0,70,"1,433"
6061-GWWAV,No,One year,No,Mailed check,0,41,"2,894"
6061-PQHMK,No,One year,No,Credit card (automatic),0,25,527
6064-PUPMC,No,One year,No,Credit card (automatic),0,23,"1,423"
6064-ZATLR,No,Two year,No,Bank transfer (automatic),0,27,"1,498"
6067-NGCEU,No,Month-to-month,No,Credit card (automatic),0,65,"7,107"
6072-NUQCB,No,One year,No,Bank transfer (automatic),0,22,488
6075-QMNRR,No,Month-to-month,No,Bank transfer (automatic),0,52,"2,535"
6075-SLNIL,No,Month-to-month,No,Credit card (automatic),0,38,"3,691"
6077-BDPXA,No,Month-to-month,No,Electronic check,0,3,194
6078-VESFR,Yes,Month-to-month,No,Bank transfer (automatic),0,13,849
6080-LNESI,No,Two year,No,Mailed check,0,51,"1,234"
6080-TCMYC,No,Month-to-month,No,Electronic check,0,40,"3,292"
6082-GLJIX,No,Month-to-month,No,Mailed check,0,18,331
6082-OQFBA,No,One year,No,Mailed check,0,23,436
6086-ESGRL,No,Month-to-month,Yes,Credit card (automatic),0,1,80
6087-MVHJH,No,Month-to-month,Yes,Electronic check,0,16,"1,422"
6087-YPWHO,No,Two year,No,Mailed check,0,72,"4,808"
6088-BXMRG,No,Month-to-month,No,Electronic check,0,32,"3,089"
6092-QZVPP,No,Month-to-month,No,Credit card (automatic),0,36,"2,854"
6094-ZIVKX,No,One year,No,Credit card (automatic),0,68,"3,674"
6096-EGVTU,No,One year,No,Mailed check,0,64,"1,595"
6097-EQISJ,No,One year,Yes,Credit card (automatic),0,66,"6,615"
6100-FJZDG,No,One year,No,Bank transfer (automatic),0,26,505
6100-QQHEB,No,Month-to-month,Yes,Electronic check,0,17,"1,515"
6101-IMRMM,No,Month-to-month,Yes,Mailed check,0,6,575
6103-BOCOU,No,Month-to-month,No,Electronic check,0,26,"2,193"
6103-LIANB,No,Two year,No,Credit card (automatic),0,59,"5,861"
6103-QCKFX,No,Month-to-month,No,Bank transfer (automatic),0,44,"2,419"
6108-OQZDQ,No,Month-to-month,Yes,Electronic check,0,4,384
6110-OHIHY,No,Month-to-month,Yes,Electronic check,0,3,267
6112-KTHFQ,No,Month-to-month,No,Mailed check,0,13,279
6114-TCFID,No,One year,No,Credit card (automatic),0,29,"1,082"
6115-ZTBFQ,No,Two year,No,Bank transfer (automatic),0,72,"4,919"
6116-RFVHN,No,Month-to-month,No,Electronic check,0,34,"3,414"
6119-SPUDB,No,Two year,No,Mailed check,0,46,"1,755"
6120-RJKLU,Yes,Two year,No,Credit card (automatic),0,62,"4,819"
6121-TNHBO,Yes,One year,No,Bank transfer (automatic),83,63,"5,243"
6121-VZNQB,No,Month-to-month,Yes,Mailed check,0,1,19
6122-EFVKN,No,Two year,No,Mailed check,0,24,830
6122-LJADA,No,Two year,No,Credit card (automatic),0,70,"6,237"
6124-ACRHJ,No,Month-to-month,No,Mailed check,0,1,19
6127-ISGTU,No,Month-to-month,Yes,Electronic check,0,16,"1,378"
6127-IYJOZ,Yes,Month-to-month,No,Mailed check,0,1,45
6128-AQBMT,Yes,Month-to-month,No,Electronic check,0,41,"2,215"
6128-CZOMY,No,Month-to-month,Yes,Electronic check,0,1,45
6128-DAFVY,No,Month-to-month,No,Credit card (automatic),0,56,"2,564"
6131-FOYAS,No,Month-to-month,No,Electronic check,0,35,"2,094"
6131-IUNXN,No,Month-to-month,No,Mailed check,0,19,382
6131-JLWZM,No,Month-to-month,No,Mailed check,0,13,275
6133-OZILE,No,Month-to-month,No,Electronic check,0,18,607
6134-KWTBV,No,Two year,No,Bank transfer (automatic),0,62,"1,429"
6135-OZQVA,No,Month-to-month,No,Electronic check,0,7,404
6137-MFAJN,No,Month-to-month,No,Electronic check,0,48,"2,104"
6137-NICCO,No,Month-to-month,No,Mailed check,0,6,518
6139-ZZRBQ,Yes,Two year,No,Bank transfer (automatic),0,64,"1,198"
6140-QNRQQ,No,Month-to-month,Yes,Mailed check,0,1,71
6141-OOXUQ,No,Month-to-month,Yes,Mailed check,0,1,19
6142-VSJQO,No,Month-to-month,Yes,Bank transfer (automatic),0,1,44
6143-JQKEA,No,Month-to-month,No,Credit card (automatic),0,10,436
6145-NNPNO,No,Month-to-month,No,Bank transfer (automatic),0,1,44
6147-CBCRA,No,Month-to-month,No,Mailed check,0,33,669
6152-ONASV,No,One year,No,Bank transfer (automatic),0,68,"3,975"
6156-UZDLF,No,One year,No,Credit card (automatic),0,26,"2,274"
6158-DWPZT,No,One year,Yes,Bank transfer (automatic),0,9,259
6158-HDPXZ,No,Month-to-month,No,Mailed check,0,1,25
6161-ERDGD,No,One year,No,Electronic check,0,71,"6,300"
6161-UUUTA,Yes,Month-to-month,Yes,Electronic check,0,3,260
6164-HAQTX,No,Two year,No,Bank transfer (automatic),0,71,"3,888"
6164-HXUGH,No,Month-to-month,No,Mailed check,0,6,119
6166-ILMNY,No,Month-to-month,Yes,Bank transfer (automatic),0,2,144
6166-YIPFO,No,Two year,No,Electronic check,0,72,"4,746"
6168-WFVVF,Yes,Month-to-month,Yes,Electronic check,0,3,235
6168-YBYNP,No,Month-to-month,No,Electronic check,0,59,"6,519"
6169-PGNCD,No,Two year,No,Credit card (automatic),0,57,"4,166"
6169-PPETC,No,Two year,No,Bank transfer (automatic),0,35,759
6171-ZTVYB,No,Month-to-month,No,Bank transfer (automatic),0,43,"2,907"
6172-FECYY,No,Month-to-month,Yes,Electronic check,0,49,"4,254"
6173-GOLSU,Yes,Month-to-month,No,Credit card (automatic),0,67,"6,079"
6173-ITPWD,No,Month-to-month,Yes,Bank transfer (automatic),0,47,"4,065"
6174-NRBTZ,No,One year,No,Bank transfer (automatic),0,46,"1,489"
6175-IRFIT,No,Month-to-month,No,Mailed check,0,5,426
6176-YJWAS,No,Two year,No,Credit card (automatic),0,72,"7,114"
6177-PEVRA,No,Two year,No,Credit card (automatic),0,48,"2,627"
6178-KFNHS,No,Month-to-month,Yes,Electronic check,0,12,909
6179-GJPSO,Yes,Month-to-month,Yes,Credit card (automatic),0,43,"4,600"
6180-YBIQI,No,Month-to-month,No,Mailed check,0,5,100
6181-AXXYF,No,Two year,No,Credit card (automatic),0,72,"1,859"
6184-DYUOB,No,Month-to-month,No,Mailed check,0,3,55
6185-TASNN,Yes,Month-to-month,No,Electronic check,0,1,46
6188-UXBBR,No,One year,No,Credit card (automatic),0,38,814
6194-HBGQN,No,One year,No,Credit card (automatic),0,51,"4,126"
6195-MELTI,No,One year,No,Mailed check,0,57,"3,134"
6196-HBOBZ,No,Two year,No,Electronic check,0,65,"6,347"
6198-PNNSZ,No,One year,No,Bank transfer (automatic),0,56,"6,109"
6198-RTPMF,No,Month-to-month,No,Electronic check,0,17,"1,579"
6198-ZFIOJ,No,Month-to-month,No,Electronic check,0,5,402
6199-IPCAO,No,Two year,No,Mailed check,0,29,692
6199-IWKGC,Yes,One year,No,Electronic check,0,46,"4,753"
6202-DYYFX,No,One year,No,Credit card (automatic),76,22,"1,783"
6202-JVYEU,No,One year,No,Electronic check,0,9,164
6203-HBZPA,No,Two year,No,Credit card (automatic),0,52,"3,334"
6204-IEUXJ,No,Month-to-month,Yes,Credit card (automatic),0,3,217
6207-WIOLX,No,Month-to-month,Yes,Credit card (automatic),0,25,"1,502"
6210-KBBPI,Yes,Month-to-month,Yes,Credit card (automatic),0,9,919
6211-WHMYA,Yes,Month-to-month,No,Electronic check,0,64,"2,751"
6211-WWLTF,No,Two year,No,Credit card (automatic),0,63,"6,330"
6212-ATMLK,No,Month-to-month,No,Electronic check,0,50,"4,729"
6214-EDAKZ,No,Month-to-month,Yes,Electronic check,0,22,"1,206"
6215-NQCPY,No,Month-to-month,No,Electronic check,0,15,"1,566"
6217-KDYWC,No,Two year,No,Mailed check,0,57,"1,170"
6217-TOWGS,No,Month-to-month,No,Bank transfer (automatic),0,17,"1,322"
6218-KNUBD,No,Month-to-month,No,Electronic check,0,6,357
6221-AVQYL,No,Month-to-month,Yes,Credit card (automatic),0,2,131
6223-DHJGV,No,One year,No,Mailed check,0,42,958
6227-FBDXH,No,One year,No,Bank transfer (automatic),0,69,"6,841"
6227-HWPWX,No,Month-to-month,Yes,Bank transfer (automatic),69,15,994
6229-LSCKB,Yes,Month-to-month,No,Electronic check,0,6,497
6229-UOLQL,No,One year,No,Mailed check,52,56,"2,884"
6230-BSUXY,Yes,Month-to-month,Yes,Electronic check,85,1,85
6231-WFGFH,No,Month-to-month,No,Mailed check,0,4,77
6233-HXJMX,No,Month-to-month,No,Credit card (automatic),0,45,"4,192"
6234-PFPXL,No,Month-to-month,No,Credit card (automatic),0,22,"2,234"
6234-RAAPL,No,Two year,No,Bank transfer (automatic),0,72,"7,251"
6235-VDHOM,Yes,Month-to-month,Yes,Electronic check,0,5,131
6240-EURKS,No,Month-to-month,Yes,Electronic check,35,18,553
6242-FEGFD,No,Two year,No,Mailed check,0,66,"6,424"
6242-MBHPK,Yes,Month-to-month,No,Electronic check,0,23,"2,326"
6242-SGYTS,No,One year,No,Credit card (automatic),0,62,"5,791"
6243-OZGFH,No,Month-to-month,No,Electronic check,0,23,996
6244-BESBM,No,Two year,No,Credit card (automatic),0,69,"6,671"
6248-BSHKG,No,One year,No,Mailed check,0,61,"1,226"
6248-TKCQV,No,Two year,No,Bank transfer (automatic),0,70,"5,460"
6250-CGGUN,No,One year,No,Electronic check,0,54,"4,484"
6252-DFGTK,No,One year,No,Credit card (automatic),0,37,"2,479"
6253-GNHWH,No,Two year,No,Mailed check,0,71,"5,224"
6253-WRFHY,No,One year,No,Electronic check,0,13,877
6257-DTAYD,No,Two year,No,Credit card (automatic),0,71,"7,365"
6257-RJOHI,No,Month-to-month,No,Mailed check,0,4,202
6258-NGCNG,No,Month-to-month,No,Mailed check,0,7,173
6258-PVZWJ,No,Two year,No,Credit card (automatic),0,68,"6,302"
6259-WJQLC,Yes,Month-to-month,No,Credit card (automatic),0,32,"2,619"
6260-ONULR,No,Month-to-month,No,Mailed check,0,1,62
6260-XLACS,No,One year,No,Mailed check,0,4,117
6261-LHRTG,No,Month-to-month,No,Credit card (automatic),0,26,"1,406"
6261-RCVNS,No,One year,Yes,Credit card (automatic),0,42,"3,160"
6265-FRMTQ,No,Two year,No,Bank transfer (automatic),0,31,609
6265-SXWBU,No,One year,No,Credit card (automatic),0,69,"6,511"
6266-QHOJZ,No,One year,No,Electronic check,0,65,"5,844"
6267-DCFFZ,Yes,Month-to-month,No,Electronic check,0,30,"2,627"
6270-OMFIW,No,One year,Yes,Electronic check,0,60,"5,610"
6275-YDUVO,No,Month-to-month,Yes,Mailed check,0,2,178
6278-FEPBZ,No,Month-to-month,No,Mailed check,0,9,186
6281-FKEWS,No,One year,No,Electronic check,0,44,"2,265"
6283-GITPX,No,Two year,No,Credit card (automatic),0,71,"5,522"
6284-AHOOQ,Yes,Month-to-month,Yes,Bank transfer (automatic),0,22,"1,910"
6284-KMNUF,No,One year,No,Electronic check,98,56,"5,270"
6285-FTQBF,No,Two year,No,Credit card (automatic),0,72,"1,867"
6286-SUUWT,No,Month-to-month,No,Mailed check,0,1,19
6286-ZHAOK,No,Month-to-month,No,Bank transfer (automatic),0,20,507
6288-CHQJB,No,Two year,No,Bank transfer (automatic),0,54,"3,871"
6288-LBEAR,No,Month-to-month,No,Mailed check,0,23,"1,783"
6289-CPNLD,No,One year,Yes,Mailed check,0,33,"2,405"
6292-TOSSS,No,Two year,No,Bank transfer (automatic),0,50,"1,195"
6295-OSINB,No,Two year,No,Electronic check,0,72,"7,880"
6296-DDOOR,No,One year,No,Electronic check,0,19,"1,045"
6297-NOOPG,No,Two year,No,Electronic check,0,70,"7,752"
6298-QDFNH,No,Month-to-month,Yes,Electronic check,0,22,"1,730"
6300-BWMJX,No,Month-to-month,No,Electronic check,0,59,"5,386"
6302-JGYRJ,No,One year,Yes,Mailed check,0,31,"2,587"
6303-KFWSL,No,One year,No,Electronic check,0,29,"1,620"
6304-IJFSQ,No,Month-to-month,Yes,Mailed check,0,3,130
6305-YLBMM,No,One year,Yes,Bank transfer (automatic),0,69,"7,262"
6308-CQRBU,No,Two year,No,Electronic check,0,71,"7,707"
6311-UEUME,No,Month-to-month,Yes,Electronic check,0,29,"2,384"
6313-GIDIT,Yes,Month-to-month,Yes,Electronic check,0,53,"2,854"
6317-YPKDH,No,Month-to-month,Yes,Bank transfer (automatic),0,1,29
6319-IEJWJ,No,Month-to-month,Yes,Electronic check,0,20,"1,776"
6319-QSUSR,No,Month-to-month,No,Credit card (automatic),0,11,216
6322-HRPFA,No,Month-to-month,No,Credit card (automatic),0,49,"2,970"
6322-PJJDJ,No,Two year,No,Electronic check,0,49,"4,690"
6323-AYBRX,No,Two year,Yes,Mailed check,0,59,"1,099"
6326-MTTXK,No,Month-to-month,Yes,Electronic check,0,8,819
6328-ZPBGN,Yes,Month-to-month,Yes,Bank transfer (automatic),0,11,997
6330-JKLPC,No,Month-to-month,Yes,Bank transfer (automatic),0,11,896
6331-EWIEB,No,Month-to-month,Yes,Electronic check,0,20,"1,734"
6331-LWDTQ,No,Month-to-month,Yes,Credit card (automatic),0,10,794
6332-FBZRI,No,One year,No,Credit card (automatic),0,67,"4,653"
6333-YDVLT,No,One year,No,Credit card (automatic),110,65,"7,138"
6338-AVWCY,No,Month-to-month,Yes,Mailed check,0,3,130
6339-DKLMK,No,Month-to-month,No,Electronic check,0,13,389
6339-RZCBJ,No,Two year,No,Credit card (automatic),0,48,"3,771"
6339-TBELP,No,Two year,No,Credit card (automatic),0,71,"6,172"
6339-YPSAH,No,Month-to-month,No,Electronic check,0,9,704
6340-DACFT,No,Two year,No,Credit card (automatic),0,50,"1,070"
6341-AEVKX,No,One year,No,Electronic check,0,62,"6,613"
6341-JVQGF,No,One year,No,Mailed check,0,31,"2,545"
6344-SFJVH,No,Month-to-month,No,Credit card (automatic),0,20,505
6345-FZOQH,No,Two year,No,Mailed check,0,69,"1,363"
6345-HOVES,No,Month-to-month,No,Bank transfer (automatic),0,34,852
6345-ULYRW,Yes,One year,Yes,Mailed check,0,44,"3,912"
6347-DCUIK,No,Month-to-month,Yes,Mailed check,0,10,811
6348-SNFUS,No,Two year,No,Credit card (automatic),0,72,"4,179"
6349-JDHQP,No,Two year,No,Credit card (automatic),0,53,"1,049"
6350-XFYGW,Yes,Month-to-month,No,Electronic check,0,4,422
6351-SCJKT,No,Month-to-month,No,Mailed check,0,3,107
6352-GIGGQ,No,One year,No,Bank transfer (automatic),0,67,"5,903"
6352-TWCAU,No,Month-to-month,Yes,Electronic check,0,35,"3,029"
6353-BRMMA,No,Month-to-month,No,Bank transfer (automatic),0,54,"5,645"
6356-ELRKD,No,Month-to-month,Yes,Electronic check,0,1,95
6357-JJPQT,No,Month-to-month,No,Electronic check,0,3,232
6358-LYNGM,No,Month-to-month,Yes,Electronic check,0,1,74
6360-SVNWV,Yes,Month-to-month,No,Credit card (automatic),0,31,"2,094"
6362-QHAFM,No,One year,No,Electronic check,0,42,"4,586"
6365-HITVU,No,Two year,No,Credit card (automatic),0,71,"6,328"
6365-MTGZX,No,Month-to-month,Yes,Electronic check,96,24,"2,122"
6366-XIVKZ,No,Month-to-month,No,Mailed check,0,13,816
6366-ZGQGL,No,Month-to-month,Yes,Bank transfer (automatic),0,1,24
6368-NWMCE,No,Month-to-month,No,Credit card (automatic),0,38,"2,656"
6368-TZZDT,No,Two year,No,Credit card (automatic),0,4,96
6369-MCAKO,No,Two year,No,Bank transfer (automatic),0,68,"6,185"
6370-ZVHDV,No,Two year,No,Bank transfer (automatic),0,61,"1,554"
6371-NZYEG,No,Two year,No,Mailed check,0,16,"1,024"
6372-RFVNS,No,Month-to-month,Yes,Electronic check,0,1,78
6374-AFWOX,No,Two year,No,Mailed check,0,46,"3,047"
6374-NTQLP,Yes,Two year,No,Credit card (automatic),0,72,"7,447"
6376-GAHQE,No,Month-to-month,Yes,Electronic check,0,4,299
6377-KSLXC,No,Month-to-month,No,Mailed check,0,5,107
6377-WHAOX,No,Month-to-month,No,Electronic check,0,60,"6,411"
6379-RXJRQ,No,Month-to-month,Yes,Electronic check,0,10,659
6380-ARCEH,No,Month-to-month,No,Mailed check,0,1,20
6383-ZTSIW,Yes,One year,No,Mailed check,0,39,"3,877"
6384-VMJHP,No,Two year,No,Credit card (automatic),73,72,"5,265"
6386-SZZKH,No,Two year,Yes,Bank transfer (automatic),0,49,"5,293"
6388-TABGU,No,One year,No,Bank transfer (automatic),0,62,"3,487"
6390-DSAZX,No,Month-to-month,Yes,Mailed check,0,1,73
6393-WRYZE,No,Month-to-month,Yes,Electronic check,0,34,"3,207"
6394-HHHZM,No,Month-to-month,No,Mailed check,0,3,57
6394-MFYNG,No,Month-to-month,Yes,Bank transfer (automatic),0,48,"5,121"
6397-JNZZG,Yes,Month-to-month,Yes,Credit card (automatic),0,43,"2,342"
6400-BWQKW,No,Month-to-month,Yes,Electronic check,0,6,434
6402-EJMWF,No,Month-to-month,No,Mailed check,0,4,238
6402-SSEJG,No,One year,No,Electronic check,0,25,"1,540"
6402-ZFPPI,Yes,Month-to-month,Yes,Mailed check,0,25,"2,660"
6407-GSJNL,No,Two year,No,Bank transfer (automatic),0,51,"1,288"
6407-UTSLV,Yes,Month-to-month,No,Bank transfer (automatic),0,2,163
6408-OTUBZ,No,One year,No,Bank transfer (automatic),0,66,"6,779"
6408-WHTEF,No,Two year,No,Mailed check,0,72,"6,376"
6410-LEFEN,No,Month-to-month,Yes,Electronic check,0,9,416
6413-XKKPU,No,Month-to-month,Yes,Electronic check,0,17,"1,539"
6416-JNVRK,No,One year,No,Credit card (automatic),0,46,"2,688"
6416-TVAIH,No,Month-to-month,Yes,Electronic check,0,1,68
6416-YJTTB,No,Month-to-month,No,Bank transfer (automatic),0,11,795
6418-HNFED,No,Two year,No,Credit card (automatic),0,51,"4,089"
6418-PIQSP,No,Two year,No,Mailed check,81,62,"4,985"
6419-ZTTLE,Yes,One year,No,Electronic check,0,23,485
6421-SZVEM,No,One year,No,Bank transfer (automatic),0,28,"2,320"
6424-ELEYH,No,Month-to-month,Yes,Credit card (automatic),0,3,229
6425-JWTDV,No,Two year,No,Mailed check,0,48,855
6425-YQLLO,Yes,One year,Yes,Credit card (automatic),0,66,"6,975"
6427-FEFIG,No,Two year,No,Credit card (automatic),0,24,"1,846"
6429-SHBCB,No,Month-to-month,No,Mailed check,0,19,"1,394"
6432-TWQLB,No,Month-to-month,Yes,Electronic check,0,5,401
6434-TTGJP,No,Two year,No,Credit card (automatic),0,10,521
6435-SRWBJ,No,Month-to-month,No,Electronic check,0,5,417
6435-VWCCY,Yes,Two year,No,Credit card (automatic),0,65,"5,968"
6437-UDQJM,Yes,Two year,No,Credit card (automatic),0,72,"6,129"
6437-UKHMV,No,Month-to-month,Yes,Electronic check,0,7,586
6439-GTPCA,No,Month-to-month,Yes,Electronic check,0,45,"3,941"
6439-LAJXL,No,Month-to-month,No,Mailed check,0,9,593
6439-PKTRR,No,Two year,No,Electronic check,0,70,"5,617"
6440-DKQGE,No,One year,No,Credit card (automatic),0,30,"1,929"
6445-TNRXS,No,Two year,No,Bank transfer (automatic),0,68,"7,849"
6447-EGDIV,No,One year,No,Mailed check,0,31,683
6447-GORXK,No,Month-to-month,No,Credit card (automatic),25,31,789
6457-GIRWB,No,Month-to-month,Yes,Electronic check,0,1,69
6457-USBER,No,Month-to-month,Yes,Electronic check,0,1,80
6458-CYIDZ,Yes,Month-to-month,No,Electronic check,0,5,374
6461-PPAXN,No,One year,No,Bank transfer (automatic),0,35,"1,916"
6461-SZMCV,No,Two year,No,Bank transfer (automatic),0,71,"6,365"
6463-HHXJR,No,Two year,No,Bank transfer (automatic),0,71,"7,030"
6463-MVYRY,Yes,Two year,No,Bank transfer (automatic),0,57,"4,003"
6464-KEXXH,No,Month-to-month,No,Credit card (automatic),0,8,186
6465-GSRCL,No,One year,No,Bank transfer (automatic),0,67,"7,244"
6467-CHFZW,No,Month-to-month,Yes,Electronic check,0,47,"4,749"
6469-MRVET,No,One year,No,Electronic check,0,1,20
6469-QJKZW,No,Month-to-month,No,Electronic check,0,4,91
6473-ULUHT,No,Month-to-month,No,Electronic check,0,16,"1,398"
6474-FVJLC,No,Month-to-month,Yes,Electronic check,86,2,165
6475-VHUIZ,No,Month-to-month,No,Electronic check,0,23,"1,221"
6476-EPYZR,No,Month-to-month,No,Mailed check,0,12,255
6476-YHMGA,No,Month-to-month,No,Bank transfer (automatic),0,15,"1,155"
6478-HRRCZ,No,One year,No,Mailed check,0,32,"2,201"
6479-OAUSD,No,One year,No,Credit card (automatic),0,25,510
6479-SZPLM,No,Two year,No,Credit card (automatic),0,36,754
6479-VDGRK,No,Two year,No,Bank transfer (automatic),0,72,"6,129"
6480-YAGIY,No,One year,No,Credit card (automatic),0,45,"5,031"
6481-ESCNL,No,Month-to-month,No,Bank transfer (automatic),0,29,"2,878"
6481-LXPWL,No,One year,No,Credit card (automatic),0,56,"1,971"
6481-OGDOO,No,One year,Yes,Credit card (automatic),0,67,"6,056"
6483-OATDN,No,Month-to-month,No,Credit card (automatic),0,8,411
6484-LATFU,No,Two year,No,Mailed check,0,68,"1,657"
6485-QXWWE,No,Two year,No,Bank transfer (automatic),26,62,"1,638"
6486-LHTMA,Yes,One year,No,Electronic check,0,31,"2,835"
6490-FGZAT,No,Month-to-month,No,Mailed check,0,6,109
6496-JDSSB,No,Month-to-month,No,Bank transfer (automatic),80,8,624
6496-SLWHQ,Yes,Month-to-month,Yes,Electronic check,105,3,294
6497-TILVL,No,Month-to-month,No,Mailed check,0,7,350
6500-JVEGC,No,One year,No,Bank transfer (automatic),0,68,"7,110"
6502-HCJTI,Yes,Month-to-month,Yes,Credit card (automatic),0,7,673
6502-KUGLL,No,Month-to-month,No,Bank transfer (automatic),0,14,780
6502-MJQAE,No,Month-to-month,Yes,Electronic check,0,1,69
6504-VBLFL,No,Two year,No,Electronic check,0,55,"3,068"
6505-OZNPG,No,Two year,No,Mailed check,0,6,348
6506-EYCNH,No,Month-to-month,No,Bank transfer (automatic),0,28,543
6507-DTJZV,No,Month-to-month,No,Credit card (automatic),0,13,831
6507-ZJSUR,Yes,Month-to-month,No,Electronic check,0,23,"2,117"
6508-NJYRO,No,One year,No,Mailed check,0,15,294
6509-TSGWN,No,Month-to-month,No,Mailed check,0,37,911
6510-UPNKS,No,One year,No,Credit card (automatic),0,23,615
6513-EECDB,Yes,Month-to-month,Yes,Electronic check,0,1,73
6516-NKQBO,No,Two year,No,Credit card (automatic),81,38,"3,084"
6518-KZXCB,No,Two year,No,Mailed check,0,22,566
6518-LGAOV,No,Month-to-month,Yes,Electronic check,105,38,"4,026"
6518-PPLMZ,No,Two year,No,Mailed check,0,53,"1,110"
6519-CFDBX,No,Month-to-month,No,Electronic check,0,2,80
6519-ZHPXP,No,Two year,No,Bank transfer (automatic),0,72,"7,679"
6521-YYTYI,No,Month-to-month,Yes,Electronic check,0,1,93
6522-OIQSX,No,Two year,No,Credit card (automatic),0,69,"3,772"
6522-YRBXD,Yes,Month-to-month,No,Electronic check,0,35,"3,365"
6527-PZFPV,No,One year,No,Credit card (automatic),0,24,469
6532-YLWSI,No,One year,Yes,Bank transfer (automatic),0,53,"1,021"
6537-OTKMY,No,One year,No,Electronic check,0,15,688
6537-QLGEX,No,Month-to-month,No,Electronic check,0,16,664
6538-POCHL,No,Month-to-month,No,Credit card (automatic),79,33,"2,576"
6542-LWGXJ,No,Month-to-month,No,Mailed check,25,3,78
6543-CPZMK,No,Month-to-month,Yes,Electronic check,0,9,248
6543-JXSOO,No,One year,No,Mailed check,0,23,"1,282"
6543-XRMYR,Yes,Month-to-month,Yes,Electronic check,0,30,"2,967"
6546-OPBBH,No,One year,No,Mailed check,0,51,"1,216"
6549-BTYPG,No,Two year,No,Credit card (automatic),0,60,"3,603"
6549-NNDYT,No,Month-to-month,No,Bank transfer (automatic),0,13,394
6549-YMFAW,Yes,Month-to-month,No,Mailed check,0,9,204
6551-GNYDG,No,Month-to-month,No,Bank transfer (automatic),0,14,"1,152"
6551-VLJMV,No,Two year,No,Credit card (automatic),0,34,679
6551-ZCOTS,Yes,One year,No,Bank transfer (automatic),0,33,847
6556-DBKZF,No,Two year,No,Electronic check,0,71,"5,436"
6557-BZXLQ,Yes,Month-to-month,No,Electronic check,0,16,"1,043"
6559-ILWKJ,No,Two year,Yes,Electronic check,0,71,"3,515"
6559-PDZLR,No,Month-to-month,No,Electronic check,0,26,"2,537"
6559-RAKOZ,No,One year,No,Electronic check,0,49,"4,917"
6563-VNPMN,Yes,Month-to-month,No,Bank transfer (automatic),0,45,"3,778"
6563-VRERX,No,One year,No,Mailed check,0,33,690
6567-HOOPW,Yes,Month-to-month,Yes,Electronic check,0,1,79
6568-POCUI,No,Two year,No,Credit card (automatic),0,45,"4,285"
6569-KTMDU,No,Month-to-month,No,Mailed check,0,1,19
6572-ADKRS,No,Month-to-month,No,Credit card (automatic),0,46,"3,548"
6574-MCOEH,No,One year,No,Electronic check,0,33,"2,531"
6575-SUVOI,Yes,Month-to-month,No,Credit card (automatic),0,25,"1,752"
6576-FBXOJ,No,One year,No,Electronic check,0,17,934
6578-KRMAW,No,Month-to-month,No,Credit card (automatic),0,32,"2,979"
6579-JPICP,No,Month-to-month,No,Mailed check,0,1,20
6581-NQCBA,No,Month-to-month,Yes,Electronic check,0,16,810
6582-OIVSP,No,Month-to-month,No,Mailed check,0,1,45
6582-PLFUU,No,Two year,No,Credit card (automatic),0,51,"1,086"
6583-KQJLK,Yes,Month-to-month,No,Electronic check,0,15,"1,285"
6583-QGCSI,Yes,Month-to-month,Yes,Electronic check,0,50,"4,367"
6583-SZVGP,No,Two year,No,Bank transfer (automatic),0,48,"5,067"
6584-VQMYT,No,One year,No,Mailed check,0,27,"1,567"
6585-WCEWR,No,Two year,No,Electronic check,0,72,"1,354"
6586-MYGKD,No,Two year,No,Credit card (automatic),0,70,"5,289"
6586-PSJOX,No,One year,No,Credit card (automatic),0,15,864
6591-QGOYB,No,Month-to-month,No,Bank transfer (automatic),0,17,"1,672"
6595-COKXZ,No,Month-to-month,Yes,Mailed check,0,1,44
6595-YGXIT,Yes,Month-to-month,Yes,Electronic check,0,25,"2,291"
6598-KELSS,No,One year,No,Bank transfer (automatic),0,50,"2,208"
6598-RFFVI,No,One year,Yes,Credit card (automatic),0,2,28
6599-CEBNN,No,Month-to-month,Yes,Credit card (automatic),0,34,"2,524"
6599-GZWCM,No,One year,No,Mailed check,0,13,966
6599-RCLCJ,No,Month-to-month,Yes,Electronic check,0,47,"5,124"
6599-SFQVE,No,Month-to-month,No,Electronic check,55,6,340
6603-QWSPR,No,Two year,No,Bank transfer (automatic),0,46,"4,904"
6603-YRDCJ,No,Two year,No,Mailed check,0,33,"2,018"
6608-QQLVK,No,Month-to-month,Yes,Electronic check,0,1,50
6609-MXJHJ,No,Two year,No,Mailed check,0,30,789
6614-FHDBO,No,Two year,No,Bank transfer (automatic),0,72,"7,878"
6614-VBEGU,No,Month-to-month,No,Bank transfer (automatic),0,24,"1,614"
6614-YOLAC,No,Two year,No,Mailed check,0,71,"4,145"
6614-YWYSC,Yes,Two year,No,Bank transfer (automatic),25,61,"1,501"
6615-NGGZJ,No,Month-to-month,Yes,Electronic check,0,14,"1,415"
6615-ZGEDR,No,Month-to-month,Yes,Mailed check,0,1,19
6616-AALSR,No,Two year,No,Credit card (automatic),0,65,"6,725"
6617-WLBQC,No,One year,No,Credit card (automatic),0,23,"1,810"
6618-RYATB,No,Month-to-month,Yes,Mailed check,0,1,79
6619-RPLQZ,No,Two year,No,Mailed check,0,45,892
6620-HVDUJ,No,Month-to-month,No,Bank transfer (automatic),0,24,"1,440"
6620-JDYNW,No,Month-to-month,No,Mailed check,0,18,"1,156"
6621-NRZAK,No,Two year,No,Credit card (automatic),20,63,"1,209"
6621-YOBKI,No,Month-to-month,No,Mailed check,0,5,92
6624-JDRDS,No,Month-to-month,No,Bank transfer (automatic),0,6,161
6625-FLENO,No,Two year,No,Mailed check,0,58,"1,185"
6625-IUTTT,No,Two year,No,Bank transfer (automatic),0,67,"4,361"
6625-UTXEW,No,Month-to-month,No,Electronic check,0,12,612
6627-CFOSN,No,Month-to-month,No,Bank transfer (automatic),0,59,"5,623"
6629-CZTTH,No,Month-to-month,Yes,Mailed check,0,1,55
6629-LADHQ,No,Month-to-month,No,Mailed check,0,2,123
6630-UJZMY,Yes,Month-to-month,No,Electronic check,0,4,308
6631-HMANX,No,Two year,No,Credit card (automatic),0,72,"6,227"
6633-MPWBS,No,Month-to-month,Yes,Electronic check,0,5,216
6633-SYEUS,No,Month-to-month,No,Bank transfer (automatic),0,23,"2,032"
6635-CPNUN,No,Month-to-month,No,Credit card (automatic),0,28,"2,684"
6635-MYYYZ,No,One year,Yes,Bank transfer (automatic),0,30,"2,530"
6637-KYRCV,No,Month-to-month,No,Electronic check,0,5,167
6641-XRPSU,No,Month-to-month,Yes,Credit card (automatic),70,34,"2,416"
6645-MXQJT,No,Month-to-month,No,Electronic check,0,2,184
6646-JPPHA,Yes,Month-to-month,No,Electronic check,0,14,"1,043"
6646-QVXLR,Yes,One year,Yes,Electronic check,0,62,"6,383"
6646-VRFOL,Yes,Month-to-month,Yes,Electronic check,0,53,"5,485"
6647-ZEDXT,No,One year,No,Credit card (automatic),0,30,"3,327"
6648-INWPS,No,Month-to-month,No,Electronic check,0,16,341
6650-BWFRT,No,Two year,No,Credit card (automatic),0,72,"8,529"
6650-VJONK,No,Month-to-month,No,Bank transfer (automatic),0,1,43
6651-AZVTJ,No,Month-to-month,Yes,Electronic check,0,49,"4,872"
6651-RLGGM,No,Two year,No,Mailed check,0,67,"1,688"
6652-YFFJO,No,Month-to-month,No,Electronic check,0,11,716
6653-CBBOM,No,Month-to-month,Yes,Electronic check,0,1,70
6654-QGBZZ,No,Month-to-month,No,Mailed check,0,1,19
6655-LHBYW,No,One year,No,Credit card (automatic),0,50,"5,791"
6656-GULJQ,No,Two year,No,Credit card (automatic),0,72,"6,093"
6656-JWRQX,No,Month-to-month,No,Mailed check,0,1,30
6661-EIPZC,No,Month-to-month,No,Credit card (automatic),0,48,"1,423"
6661-HBGWL,Yes,Month-to-month,Yes,Bank transfer (automatic),0,42,"4,323"
6663-JOCQO,No,One year,No,Bank transfer (automatic),0,31,"2,344"
6664-FPDAC,Yes,One year,Yes,Electronic check,0,56,"6,418"
6668-CNMFP,No,One year,No,Bank transfer (automatic),0,19,"1,686"
6670-MFRPK,No,Two year,No,Credit card (automatic),0,69,"5,420"
6671-NGWON,No,Month-to-month,No,Mailed check,0,7,150
6674-KVJHG,No,One year,No,Electronic check,0,11,245
6680-NENYN,No,Two year,Yes,Electronic check,0,43,"4,759"
6680-WKXRZ,No,Month-to-month,Yes,Bank transfer (automatic),0,3,215
6681-ZSEXG,No,Two year,No,Credit card (automatic),0,56,"3,389"
6682-QJDGB,No,Month-to-month,Yes,Mailed check,0,40,"2,139"
6682-VCIXC,No,One year,No,Bank transfer (automatic),0,43,"2,151"
6683-VLCTZ,Yes,Month-to-month,Yes,Electronic check,0,20,"1,842"
6685-GBWJZ,No,One year,No,Credit card (automatic),0,63,"4,448"
6685-XSHHU,No,Two year,No,Bank transfer (automatic),0,60,"1,270"
6686-YPGHK,Yes,Month-to-month,Yes,Mailed check,0,47,"4,042"
6688-UZPWD,No,Month-to-month,Yes,Electronic check,102,11,"1,145"
6689-KXGBO,No,Month-to-month,Yes,Electronic check,0,1,50
6689-TCZHQ,Yes,Month-to-month,Yes,Electronic check,0,5,378
6689-VRRTK,Yes,One year,No,Credit card (automatic),0,44,"4,860"
6691-CCIHA,No,Two year,No,Electronic check,0,62,"5,150"
6692-UDPJC,No,Month-to-month,Yes,Electronic check,0,14,"1,301"
6692-YQHXC,No,Month-to-month,No,Credit card (automatic),0,16,"1,205"
6693-DJWTY,No,One year,No,Credit card (automatic),0,35,"2,016"
6693-FRIRW,No,Month-to-month,No,Credit card (automatic),0,18,"1,794"
6695-AMZUF,No,Two year,No,Credit card (automatic),0,70,"5,950"
6695-FRVEC,No,Two year,No,Bank transfer (automatic),0,67,"3,953"
6696-YDAYZ,No,Two year,No,Mailed check,0,16,290
6698-OXETB,No,Two year,No,Mailed check,0,11,231
6701-DHKWQ,No,Two year,No,Credit card (automatic),0,61,"3,244"
6701-YVNQG,No,Two year,No,Credit card (automatic),0,72,"6,301"
6702-OHFWR,Yes,Month-to-month,Yes,Electronic check,0,1,43
6704-UTUKK,No,Month-to-month,No,Electronic check,0,29,"1,332"
6705-LNMDD,No,Month-to-month,No,Mailed check,50,20,"1,003"
6705-LXORM,Yes,Month-to-month,No,Electronic check,0,5,302
6710-HSJRD,No,Month-to-month,No,Electronic check,0,61,"7,132"
6711-FLDFB,No,Month-to-month,Yes,Electronic check,0,7,541
6711-VTNRE,No,Month-to-month,Yes,Electronic check,0,36,"3,078"
6712-OAWRH,Yes,Month-to-month,Yes,Electronic check,0,26,"2,351"
6713-OKOMC,No,Month-to-month,No,Mailed check,0,10,301
6715-OFDBP,No,Month-to-month,Yes,Electronic check,0,5,346
6718-BDGHG,No,One year,No,Bank transfer (automatic),0,43,"2,908"
6719-FGEDO,No,Two year,No,Bank transfer (automatic),97,72,"7,104"
6719-OXYBR,No,Month-to-month,No,Electronic check,0,15,"1,219"
6723-CEGQI,No,Two year,No,Mailed check,0,65,"2,933"
6723-WSNTY,Yes,One year,No,Credit card (automatic),0,66,"7,181"
6725-TPKJO,No,Two year,No,Mailed check,0,44,845
6726-NNFWD,Yes,Two year,No,Credit card (automatic),0,71,"6,435"
6726-WEXXK,Yes,One year,No,Electronic check,0,27,"2,220"
6727-IOTLZ,No,Two year,No,Mailed check,0,14,"1,181"
6728-CZFEI,No,One year,No,Mailed check,0,15,931
6728-DKUCO,No,One year,No,Electronic check,0,72,"7,303"
6728-VOIFY,No,One year,No,Electronic check,96,63,"6,109"
6728-WYQBC,No,Month-to-month,No,Bank transfer (automatic),0,1,20
6729-FZWSY,No,One year,No,Mailed check,0,67,"1,195"
6729-GDNGC,Yes,Month-to-month,No,Bank transfer (automatic),0,20,"1,614"
6732-FZUGP,No,One year,No,Credit card (automatic),0,47,"4,615"
6732-VAILE,No,Two year,No,Credit card (automatic),0,70,"5,931"
6733-LRIZX,No,Two year,No,Electronic check,0,35,"4,025"
6734-CKRSM,No,Month-to-month,No,Mailed check,20,3,63
6734-FQAJX,Yes,Two year,No,Electronic check,0,67,"7,171"
6734-GMPVK,No,Month-to-month,No,Electronic check,0,5,550
6734-JDTTV,No,Two year,No,Credit card (automatic),0,65,"1,267"
6734-PSBAW,No,Two year,No,Bank transfer (automatic),0,72,"1,723"
6736-DHUQI,No,One year,No,Bank transfer (automatic),0,67,"5,598"
6738-ISCBM,No,One year,No,Electronic check,54,44,"2,440"
6741-EGCBI,Yes,Month-to-month,No,Credit card (automatic),0,30,"2,595"
6741-QRLUP,No,Two year,No,Credit card (automatic),0,63,"4,995"
6743-HHQPF,No,Month-to-month,No,Credit card (automatic),0,42,"1,097"
6745-JEFZB,No,Month-to-month,No,Credit card (automatic),0,35,"3,236"
6746-WAUWT,No,One year,No,Credit card (automatic),0,19,386
6749-UTDVX,No,Two year,No,Electronic check,0,72,"7,634"
6752-APNJL,No,Month-to-month,No,Mailed check,0,42,"2,301"
6754-LZUKA,No,Two year,No,Bank transfer (automatic),0,61,"4,932"
6754-WKSHP,No,One year,No,Bank transfer (automatic),0,30,723
6762-NSODU,No,Two year,No,Credit card (automatic),0,46,958
6762-QVYJO,No,Two year,No,Mailed check,0,58,"3,624"
6765-MBQNU,No,One year,No,Mailed check,26,26,684
6766-HFKLA,No,Two year,No,Bank transfer (automatic),0,56,"5,744"
6769-DCQLI,No,One year,Yes,Bank transfer (automatic),105,52,"5,426"
6769-DYBQN,Yes,Month-to-month,Yes,Electronic check,85,46,"3,969"
6770-UAYGJ,No,Two year,No,Mailed check,0,49,"1,211"
6770-XUAGN,No,Month-to-month,Yes,Electronic check,21,1,21
6771-XWBDM,No,Month-to-month,Yes,Credit card (automatic),0,57,"5,921"
6772-KSATR,No,Month-to-month,Yes,Electronic check,0,1,81
6772-WFQRD,No,One year,No,Bank transfer (automatic),0,40,854
6773-LQTVT,Yes,Month-to-month,No,Mailed check,0,29,"1,025"
6776-TLWOI,No,Month-to-month,Yes,Mailed check,0,3,64
6777-TGHTM,No,One year,Yes,Credit card (automatic),0,53,"5,785"
6778-EICRF,No,One year,No,Mailed check,0,24,"1,821"
6778-JFCMK,No,One year,No,Mailed check,0,24,"1,288"
6778-YSNIH,No,Month-to-month,No,Electronic check,59,2,114
6784-XYJAE,No,One year,No,Electronic check,0,36,"1,941"
6786-OBWQR,No,Month-to-month,No,Electronic check,0,5,356
6789-HJBWG,No,Month-to-month,No,Electronic check,0,12,611
6791-YBNAK,No,Month-to-month,No,Credit card (automatic),0,18,467
6794-HKIAJ,No,Month-to-month,No,Bank transfer (automatic),0,62,"5,586"
6797-LNAQX,No,Two year,Yes,Bank transfer (automatic),0,70,"6,859"
6797-UCJHZ,Yes,One year,No,Credit card (automatic),0,66,"6,819"
6804-GDMOI,No,Two year,Yes,Electronic check,0,61,"6,428"
6806-YDEUL,Yes,Month-to-month,No,Bank transfer (automatic),0,6,106
6807-SIWJI,No,One year,No,Electronic check,0,38,"3,887"
6810-VCAEX,No,One year,No,Credit card (automatic),0,47,"1,798"
6813-GZQCG,No,Two year,No,Credit card (automatic),0,45,"1,171"
6814-ZPWFQ,Yes,One year,No,Bank transfer (automatic),25,51,"1,260"
6815-ABQFQ,No,One year,No,Electronic check,0,56,"6,033"
6817-WTYHE,No,Month-to-month,No,Bank transfer (automatic),0,2,111
6818-DJXAA,No,Month-to-month,No,Electronic check,0,10,964
6818-WOBHJ,Yes,Month-to-month,Yes,Bank transfer (automatic),0,68,"6,127"
6821-BUXUX,No,Month-to-month,Yes,Electronic check,0,13,"1,244"
6821-JPCDC,No,One year,No,Electronic check,0,48,"4,692"
6823-SIDFQ,No,One year,No,Credit card (automatic),0,28,534
6825-UYPFK,No,Month-to-month,Yes,Bank transfer (automatic),0,23,"1,758"
6827-IEAUQ,No,One year,No,Mailed check,0,27,"1,874"
6828-HMKWP,No,Two year,No,Bank transfer (automatic),0,12,262
6833-JMZYP,No,Month-to-month,No,Credit card (automatic),94,15,"1,505"
6834-NXDCA,No,Month-to-month,Yes,Electronic check,0,13,300
6837-BJYDQ,No,One year,No,Mailed check,0,3,61
6837-HAEVO,No,Two year,No,Electronic check,105,69,"7,297"
6838-HVLXG,No,Month-to-month,No,Mailed check,0,12,246
6838-YAUVY,No,Two year,No,Bank transfer (automatic),0,54,"5,064"
6839-ITVZJ,No,Month-to-month,Yes,Electronic check,0,26,"1,616"
6840-RESVB,No,One year,No,Mailed check,0,24,"1,990"
6844-DZKRF,No,Month-to-month,No,Credit card (automatic),0,2,109
6845-RGTYS,No,Month-to-month,Yes,Electronic check,0,47,"4,533"
6847-KJLTS,Yes,Month-to-month,No,Bank transfer (automatic),0,58,"5,749"
6848-HJTXY,No,Two year,No,Credit card (automatic),0,64,"1,208"
6848-YLDFR,No,One year,No,Credit card (automatic),0,58,"4,300"
6849-OYAMU,No,One year,Yes,Bank transfer (automatic),100,19,"1,888"
6849-WLEYG,No,Month-to-month,Yes,Mailed check,0,1,19
6851-WEFYX,Yes,Month-to-month,No,Electronic check,0,35,"3,437"
6854-EXGSF,No,Month-to-month,No,Bank transfer (automatic),0,8,573
6855-VLGOS,No,Two year,No,Electronic check,0,72,"1,432"
6856-RAURS,No,Month-to-month,No,Mailed check,0,2,136
6857-TKDJV,No,Two year,No,Bank transfer (automatic),0,67,"1,620"
6857-VWJDT,No,Month-to-month,Yes,Mailed check,0,1,95
6859-QNXIQ,No,Two year,No,Bank transfer (automatic),0,72,"8,248"
6859-RKMZJ,No,Month-to-month,No,Bank transfer (automatic),0,11,608
6860-YRJZP,Yes,Month-to-month,No,Electronic check,0,9,678
6861-OKBCE,No,Month-to-month,Yes,Credit card (automatic),0,11,221
6861-XWTWQ,Yes,Month-to-month,Yes,Electronic check,0,7,665
6862-CQUMB,No,Month-to-month,No,Credit card (automatic),0,37,"3,646"
6865-JZNKO,No,Month-to-month,No,Bank transfer (automatic),0,30,"1,530"
6867-ACCZI,No,Two year,No,Mailed check,0,24,"1,208"
6869-FGJJC,No,One year,No,Credit card (automatic),0,68,"5,461"
6870-ECSHE,No,One year,No,Mailed check,0,2,34
6870-ZWMNX,No,Two year,No,Credit card (automatic),0,70,"5,264"
6872-HXFNF,No,One year,No,Bank transfer (automatic),0,64,"3,756"
6873-UDNLD,No,Month-to-month,No,Electronic check,0,40,"2,731"
6874-SGLHU,No,One year,No,Bank transfer (automatic),97,30,"3,021"
6876-ADESB,No,Month-to-month,Yes,Electronic check,0,1,48
6877-LGWXO,Yes,Month-to-month,Yes,Electronic check,0,18,"1,422"
6877-TJMBR,No,Month-to-month,Yes,Electronic check,0,1,84
6878-GGDWG,No,Month-to-month,No,Bank transfer (automatic),0,32,641
6885-PKOAM,No,Two year,No,Credit card (automatic),0,71,"6,223"
6888-SBYAI,No,Month-to-month,No,Mailed check,0,1,50
6890-PFRQX,No,Month-to-month,No,Mailed check,0,18,"1,199"
6891-JPYFF,No,Month-to-month,No,Credit card (automatic),0,48,"4,997"
6892-BOGQE,No,Two year,No,Bank transfer (automatic),0,71,"1,493"
6892-EZDTG,No,Month-to-month,Yes,Electronic check,0,4,365
6892-XPFPU,Yes,Month-to-month,Yes,Electronic check,0,24,"2,433"
6893-ODYYE,No,One year,No,Credit card (automatic),0,50,"4,549"
6894-LFHLY,Yes,Month-to-month,Yes,Electronic check,0,1,75
6896-SRVYQ,Yes,Month-to-month,No,Electronic check,0,44,"3,122"
6897-RWMUB,No,Two year,No,Bank transfer (automatic),0,61,"4,158"
6897-UUBNU,No,Month-to-month,No,Mailed check,0,29,"2,623"
6898-MDLZW,No,Month-to-month,No,Mailed check,0,12,648
6898-RBTLU,No,Two year,No,Bank transfer (automatic),0,49,"3,902"
6899-PPEEA,Yes,Month-to-month,Yes,Electronic check,0,37,"3,580"
6900-PXRMS,Yes,Month-to-month,Yes,Electronic check,0,26,"2,710"
6900-RBKER,No,Two year,No,Credit card (automatic),0,52,"4,577"
6901-GOGZG,No,Two year,No,Electronic check,0,60,"4,984"
6904-JLBGY,Yes,Two year,No,Credit card (automatic),0,72,"8,436"
6905-NIQIN,No,Month-to-month,Yes,Mailed check,0,1,50
6906-ANDWJ,No,Month-to-month,Yes,Bank transfer (automatic),0,15,"1,107"
6906-MPARY,No,One year,No,Credit card (automatic),0,40,"3,488"
6907-CQGPN,No,Month-to-month,No,Electronic check,0,29,"1,004"
6907-FLBER,No,Month-to-month,No,Electronic check,0,1,54
6907-NZZIJ,No,Month-to-month,Yes,Electronic check,0,36,"3,615"
6908-VVYHM,No,Month-to-month,No,Electronic check,0,65,"5,931"
6910-HADCM,No,Month-to-month,Yes,Electronic check,0,1,76
6916-HIJSE,No,Two year,No,Bank transfer (automatic),0,65,"5,459"
6917-FIJHC,No,Two year,No,Mailed check,26,72,"1,776"
6917-IAYHD,No,Month-to-month,No,Mailed check,0,1,33
6917-YACBP,Yes,Month-to-month,No,Electronic check,0,59,"5,496"
6918-UMQCG,No,Month-to-month,No,Electronic check,0,5,384
6919-ELBGL,Yes,Two year,No,Bank transfer (automatic),0,72,"8,196"
6921-OZMFH,No,Month-to-month,No,Mailed check,0,5,259
6922-NCEDI,No,One year,No,Mailed check,0,56,"1,238"
6923-AQONU,No,Two year,No,Mailed check,0,23,454
6923-EFPNL,No,Month-to-month,Yes,Credit card (automatic),0,4,201
6923-JHPMP,No,Month-to-month,No,Electronic check,0,2,137
6924-TDGMT,No,One year,No,Mailed check,0,11,184
6925-BAYGL,Yes,Two year,No,Credit card (automatic),0,53,"1,275"
6927-WTFIV,Yes,Month-to-month,Yes,Credit card (automatic),0,20,"1,389"
6928-ONTRW,No,Two year,No,Credit card (automatic),0,72,"1,379"
6933-FHBZC,No,One year,No,Mailed check,0,26,"1,553"
6933-VLYFX,No,One year,No,Electronic check,0,31,"1,848"
6937-GCDGQ,No,One year,No,Bank transfer (automatic),0,19,955
6941-KXRRV,Yes,One year,No,Bank transfer (automatic),0,48,"2,789"
6941-PMGEP,No,Month-to-month,Yes,Electronic check,80,5,412
6942-LBFDP,No,Month-to-month,No,Mailed check,0,2,33
6946-LMSQS,Yes,One year,Yes,Electronic check,0,25,"2,177"
6950-TWMYB,No,Two year,No,Bank transfer (automatic),0,54,"4,362"
6952-OMNWB,Yes,Month-to-month,No,Credit card (automatic),0,68,"5,589"
6953-PBDIN,No,Two year,No,Bank transfer (automatic),0,70,"5,265"
6954-OOYZZ,No,Month-to-month,No,Bank transfer (automatic),0,18,768
6956-SMUCM,No,Month-to-month,Yes,Credit card (automatic),99,3,287
6959-GQEGV,No,Month-to-month,No,Electronic check,0,45,"3,273"
6959-UWKHF,No,Month-to-month,Yes,Electronic check,0,1,42
6960-HVYXR,No,Month-to-month,Yes,Electronic check,76,1,76
6961-MJKBO,No,Two year,No,Bank transfer (automatic),0,47,943
6961-VCPMC,Yes,Month-to-month,Yes,Electronic check,0,46,"3,605"
6963-EZQEE,Yes,Two year,No,Credit card (automatic),0,70,"6,306"
6963-KQYQB,No,Two year,No,Mailed check,0,70,"1,764"
6967-PEJLL,No,One year,No,Electronic check,0,37,"1,525"
6967-QIQRV,No,One year,No,Electronic check,0,15,"1,667"
6968-GMKPR,No,Month-to-month,No,Electronic check,0,55,"4,509"
6968-MHOMU,No,One year,No,Credit card (automatic),45,58,"2,689"
6968-URWQU,No,One year,No,Mailed check,0,43,"2,391"
6969-MVBAI,Yes,Month-to-month,No,Electronic check,0,9,816
6972-SNKKW,No,Month-to-month,No,Mailed check,20,6,109
6974-DAFLI,No,One year,No,Electronic check,0,55,"1,140"
6976-BWGLQ,No,Two year,No,Bank transfer (automatic),0,72,"1,787"
6979-TNDEU,No,Month-to-month,No,Mailed check,0,8,156
6979-ZNSFF,No,Month-to-month,Yes,Electronic check,0,8,762
6980-CDGFC,No,One year,No,Bank transfer (automatic),0,67,"1,327"
6980-IMXXE,No,Two year,No,Bank transfer (automatic),0,69,"1,412"
6981-TDRFT,No,One year,No,Electronic check,0,44,"2,317"
6982-SSHFK,No,Month-to-month,Yes,Mailed check,0,1,44
6982-UQZLY,Yes,Month-to-month,Yes,Mailed check,0,1,20
6985-HAYWX,No,Month-to-month,No,Bank transfer (automatic),0,26,"2,015"
6986-IJDHX,No,Month-to-month,Yes,Mailed check,0,39,"3,266"
6986-IXNDM,No,Month-to-month,No,Electronic check,0,14,"1,337"
6987-XQSJT,Yes,Month-to-month,Yes,Electronic check,0,54,"4,370"
6988-CJEYV,No,Month-to-month,No,Electronic check,0,49,"4,920"
6990-YNRIO,No,Two year,Yes,Bank transfer (automatic),0,65,"6,937"
6992-TKNYO,No,One year,No,Credit card (automatic),69,38,"2,669"
6993-OHLXR,No,Month-to-month,Yes,Electronic check,0,2,119
6993-YCOBK,No,Two year,No,Electronic check,0,60,"6,586"
6993-YGFJV,No,Two year,No,Bank transfer (automatic),0,69,"7,806"
6994-FGRHH,No,One year,No,Electronic check,0,70,"7,475"
6994-KERXL,No,Month-to-month,No,Electronic check,0,4,238
6994-ORCWG,No,One year,No,Mailed check,0,14,773
6996-KNSML,No,Month-to-month,Yes,Electronic check,0,1,74
6997-UVGOX,No,Two year,No,Bank transfer (automatic),0,71,"6,029"
6999-CHVCF,No,Two year,No,Bank transfer (automatic),0,68,"7,149"
7000-WCEVQ,Yes,Month-to-month,Yes,Mailed check,0,20,"1,174"
7005-CCBKV,No,Month-to-month,Yes,Electronic check,0,6,556
7005-CYUIL,Yes,Two year,No,Electronic check,0,71,"7,168"
7008-LZVOZ,No,Two year,No,Credit card (automatic),0,66,"1,672"
7009-LGECI,No,Month-to-month,No,Bank transfer (automatic),0,4,235
7009-PCARS,No,One year,No,Bank transfer (automatic),0,55,"1,001"
7010-BRBUU,No,Two year,No,Credit card (automatic),0,72,"1,734"
7010-ZMVBF,No,Month-to-month,No,Mailed check,0,18,357
7011-CVEUC,No,Month-to-month,No,Credit card (automatic),0,25,"2,338"
7013-PSXHK,No,One year,No,Mailed check,0,40,"3,208"
7014-ZZXAW,No,Two year,No,Credit card (automatic),0,71,"1,732"
7016-BPGEU,No,Month-to-month,Yes,Credit card (automatic),0,29,712
7016-NVRIC,Yes,One year,No,Bank transfer (automatic),0,29,"2,656"
7017-VFHAY,No,Two year,No,Credit card (automatic),0,61,"7,008"
7017-VFULY,No,Month-to-month,No,Bank transfer (automatic),0,2,43
7018-FPXHH,No,Two year,No,Bank transfer (automatic),0,56,"3,457"
7018-WBJNK,No,Month-to-month,No,Credit card (automatic),0,13,"1,033"
7020-OZKXZ,Yes,Month-to-month,No,Credit card (automatic),0,9,637
7021-XSNYE,No,Two year,No,Credit card (automatic),0,7,305
7024-OHCCK,Yes,Month-to-month,Yes,Electronic check,0,2,170
7025-IWFHT,No,One year,No,Electronic check,0,41,"3,729"
7025-WCBNE,Yes,Two year,No,Bank transfer (automatic),0,47,"2,754"
7026-YMSBE,No,One year,No,Mailed check,0,30,625
7028-DVOIQ,Yes,Month-to-month,Yes,Electronic check,0,35,"3,395"
7029-IJEJK,No,One year,No,Bank transfer (automatic),0,54,"2,369"
7029-RPUAV,Yes,Month-to-month,Yes,Credit card (automatic),0,17,"1,622"
7030-FZTFM,No,Two year,No,Credit card (automatic),0,72,"7,922"
7030-NJVDP,No,Month-to-month,No,Electronic check,0,24,"2,210"
7032-LMBHI,No,One year,No,Bank transfer (automatic),0,37,"2,347"
7033-CLAMM,No,Two year,No,Bank transfer (automatic),0,48,"1,027"
7036-TYDEC,No,Two year,No,Electronic check,104,69,"7,028"
7036-ZZKBD,No,Month-to-month,No,Credit card (automatic),0,31,"2,019"
7037-MTYVW,No,Two year,No,Bank transfer (automatic),0,38,"3,297"
7041-TXQJH,No,Month-to-month,No,Credit card (automatic),0,37,"1,478"
7044-YAACC,Yes,Month-to-month,No,Electronic check,0,4,280
7047-FWEYA,No,One year,No,Electronic check,0,46,"4,594"
7047-YXDMZ,No,Month-to-month,No,Mailed check,20,21,417
7048-GXDAY,No,Month-to-month,No,Electronic check,0,39,"4,040"
7049-GKVZY,No,One year,No,Credit card (automatic),0,17,"1,387"
7054-DMVAS,No,Two year,No,Bank transfer (automatic),0,54,"3,512"
7054-ENNGU,No,Month-to-month,No,Mailed check,0,9,466
7054-LGEQW,No,Month-to-month,Yes,Mailed check,0,1,45
7055-HNEOJ,No,Month-to-month,No,Mailed check,0,3,154
7055-JCGNI,No,Two year,No,Credit card (automatic),0,70,"7,795"
7055-VKGDA,No,One year,Yes,Credit card (automatic),0,54,"5,643"
7056-IMHCC,Yes,Month-to-month,Yes,Electronic check,0,53,"5,549"
7061-OVMIM,No,One year,No,Bank transfer (automatic),0,30,608
7064-FRRSW,Yes,One year,No,Electronic check,99,48,"4,744"
7064-JHXCE,No,Two year,No,Credit card (automatic),0,62,"1,263"
7065-YUNRY,No,Month-to-month,Yes,Mailed check,0,1,45
7067-KSAZT,Yes,One year,Yes,Electronic check,0,65,"6,979"
7072-MBHEV,Yes,Month-to-month,No,Credit card (automatic),0,11,864
7073-QETQY,No,One year,No,Electronic check,0,66,"1,359"
7074-IEVOJ,Yes,Month-to-month,Yes,Electronic check,0,3,205
7074-STDCN,No,Month-to-month,No,Electronic check,0,39,"1,494"
7075-BNDVQ,No,Month-to-month,No,Mailed check,35,4,135
7077-XJMET,No,Month-to-month,No,Electronic check,0,12,741
7078-NVFAM,No,Month-to-month,No,Electronic check,0,32,"1,051"
7079-QRCBC,No,Month-to-month,Yes,Electronic check,0,24,"2,407"
7080-TNUWP,No,One year,No,Bank transfer (automatic),95,70,"6,602"
7083-MIOPC,No,Two year,No,Credit card (automatic),0,72,"1,566"
7083-YNSKY,No,Month-to-month,Yes,Credit card (automatic),0,15,399
7088-FBAWU,No,Month-to-month,No,Mailed check,0,17,"1,215"
7089-IVVAZ,No,Month-to-month,Yes,Bank transfer (automatic),0,8,847
7089-RKVSZ,No,One year,No,Mailed check,0,8,203
7089-XXAYG,No,One year,No,Credit card (automatic),0,25,970
7094-MSZAO,No,Month-to-month,No,Credit card (automatic),0,10,218
7096-UCLNH,No,Month-to-month,No,Mailed check,0,1,20
7096-ZNBZI,No,Two year,No,Credit card (automatic),0,72,"1,914"
7100-FQPRV,No,One year,No,Credit card (automatic),0,43,"3,173"
7101-HRBLJ,No,Two year,No,Bank transfer (automatic),0,72,"6,096"
7102-JJVTX,No,One year,No,Mailed check,0,9,422
7103-IPXPJ,No,One year,No,Electronic check,0,50,"5,059"
7103-ZGVNT,No,One year,No,Credit card (automatic),0,69,"4,885"
7105-BENQF,No,One year,No,Mailed check,0,15,950
7105-MXJLL,Yes,One year,No,Mailed check,0,26,"1,597"
7107-UBYKY,No,Month-to-month,No,Electronic check,0,35,882
7108-DGVUU,Yes,One year,No,Bank transfer (automatic),0,21,"1,497"
7109-CQYUZ,No,Two year,No,Mailed check,0,52,"4,652"
7109-MFBYV,No,Month-to-month,No,Electronic check,0,26,"1,233"
7110-BDTWG,No,Two year,No,Electronic check,0,71,"3,263"
7112-OPOTK,No,Month-to-month,Yes,Electronic check,0,33,"2,171"
7113-HIPFI,No,Two year,No,Mailed check,0,66,"4,097"
7114-AEOZE,No,Two year,No,Bank transfer (automatic),0,60,"1,128"
7115-IRDHS,No,Two year,No,Bank transfer (automatic),0,72,"1,830"
7120-RFMVS,No,Month-to-month,Yes,Electronic check,0,1,84
7123-WQUHX,No,One year,No,Bank transfer (automatic),95,38,"3,605"
7124-UGSUR,Yes,One year,Yes,Credit card (automatic),0,61,"6,405"
7126-RBHSD,No,Month-to-month,No,Electronic check,0,17,"1,348"
7128-GGCNO,No,Month-to-month,No,Bank transfer (automatic),0,46,"3,249"
7129-ACFOG,No,Month-to-month,No,Electronic check,0,5,283
7129-AZJDE,No,One year,No,Bank transfer (automatic),0,34,"2,647"
7129-CAKJW,No,Month-to-month,No,Bank transfer (automatic),0,17,"1,345"
7130-CTCUS,Yes,Month-to-month,No,Bank transfer (automatic),0,16,825
7130-VTEWQ,Yes,Month-to-month,Yes,Electronic check,0,8,606
7130-YXBRO,No,Month-to-month,No,Bank transfer (automatic),0,48,"5,315"
7131-ZQZNK,No,Two year,No,Credit card (automatic),0,60,"3,590"
7133-VBDCG,No,Month-to-month,Yes,Bank transfer (automatic),0,25,"2,015"
7134-HBPBS,Yes,Two year,No,Bank transfer (automatic),0,72,"7,774"
7134-MJPDY,Yes,One year,No,Credit card (automatic),0,66,"6,976"
7136-IHZJA,No,Month-to-month,No,Mailed check,0,40,"2,847"
7136-RVDTZ,Yes,One year,Yes,Electronic check,0,70,"3,264"
7137-NAXML,No,One year,No,Bank transfer (automatic),0,23,405
7137-RYLPP,Yes,Month-to-month,Yes,Electronic check,0,37,"3,171"
7138-GIRSH,No,Two year,No,Bank transfer (automatic),0,50,"3,418"
7139-JZFVG,No,Two year,No,Bank transfer (automatic),0,60,"3,694"
7140-ADSMJ,No,Month-to-month,No,Credit card (automatic),0,8,162
7142-HVGBG,Yes,Month-to-month,Yes,Electronic check,103,43,"4,414"
7143-BQIBA,No,Month-to-month,No,Bank transfer (automatic),0,10,612
7145-FEJWU,No,Month-to-month,No,Electronic check,0,12,"1,275"
7147-AYBAA,No,Month-to-month,No,Mailed check,0,37,"2,552"
7148-XZPHA,No,Month-to-month,No,Electronic check,0,55,"4,238"
7153-CHRBV,No,One year,No,Mailed check,0,57,"3,274"
7153-OANIO,No,Month-to-month,Yes,Electronic check,0,1,69
7156-MHUGY,Yes,Month-to-month,Yes,Electronic check,0,13,"1,201"
7156-MXBJE,No,One year,No,Credit card (automatic),0,43,"3,662"
7157-SMCFK,No,Two year,No,Mailed check,0,61,"1,124"
7159-FVYPK,No,Month-to-month,No,Bank transfer (automatic),0,3,235
7159-NOKYQ,No,Two year,No,Electronic check,0,67,"6,368"
7161-DFHUF,No,Two year,No,Mailed check,0,71,"1,672"
7162-WPHPM,No,Two year,No,Credit card (automatic),0,58,"4,230"
7163-OCEQI,No,One year,No,Mailed check,0,22,"1,663"
7164-BPTUT,No,Two year,No,Mailed check,0,57,"5,012"
7167-PCEYD,No,Two year,No,Mailed check,0,67,"1,311"
7168-HDQHG,No,Month-to-month,No,Bank transfer (automatic),0,36,702
7169-YWAMK,No,Two year,No,Bank transfer (automatic),0,72,"4,855"
7173-TETGO,Yes,Two year,No,Bank transfer (automatic),0,72,"5,602"
7175-NTIXE,No,Month-to-month,No,Credit card (automatic),0,25,"1,992"
7176-WIONM,No,Month-to-month,No,Bank transfer (automatic),0,12,617
7176-WRTNX,No,Two year,No,Bank transfer (automatic),0,70,"7,711"
7180-PISOG,No,Month-to-month,Yes,Electronic check,0,1,74
7181-BQYBV,No,Month-to-month,Yes,Electronic check,0,1,102
7181-OQCUT,No,Month-to-month,No,Mailed check,0,21,"2,215"
7182-OVLBJ,No,Two year,No,Bank transfer (automatic),0,62,"6,638"
7184-LRUUR,No,One year,No,Bank transfer (automatic),0,22,"1,441"
7188-CBBBA,No,One year,No,Electronic check,0,65,"6,153"
7190-XHTWJ,No,One year,No,Mailed check,0,38,755
7191-ADRGF,No,Two year,No,Bank transfer (automatic),0,44,"2,390"
7196-LIWRH,No,Two year,No,Mailed check,0,6,124
7197-VOJMM,No,Two year,No,Credit card (automatic),0,67,"4,671"
7198-GLXTC,No,Month-to-month,Yes,Electronic check,79,2,143
7203-OYKCT,No,One year,No,Electronic check,0,72,"7,544"
7205-BAIAD,No,Two year,No,Bank transfer (automatic),0,40,827
7206-GZCDC,Yes,Month-to-month,Yes,Electronic check,0,1,69
7206-PQBBZ,Yes,Month-to-month,No,Electronic check,0,11,834
7207-RMRDB,No,Month-to-month,Yes,Electronic check,0,65,"6,985"
7208-PSIHR,No,Two year,No,Bank transfer (automatic),0,70,"7,188"
7209-JCUDS,No,Month-to-month,Yes,Electronic check,0,10,"1,048"
7216-EWTRS,Yes,Month-to-month,Yes,Electronic check,0,1,100
7216-KAOID,No,One year,No,Bank transfer (automatic),0,41,798
7217-JYHOQ,No,Month-to-month,No,Credit card (automatic),0,24,"1,706"
7218-HKQFK,No,Month-to-month,Yes,Electronic check,0,2,167
7219-TLZHO,No,Month-to-month,No,Mailed check,0,4,62
7225-CBZPL,Yes,Month-to-month,No,Electronic check,0,17,"1,563"
7225-IILWY,No,Two year,No,Mailed check,0,68,"1,686"
7228-OMTPN,No,Month-to-month,Yes,Electronic check,0,4,370
7228-PAQPD,No,One year,No,Credit card (automatic),0,14,772
7233-DRTRF,No,Month-to-month,No,Electronic check,0,63,"6,444"
7233-IOQNP,No,Month-to-month,No,Bank transfer (automatic),34,43,"1,505"
7233-PAHHL,No,Two year,No,Mailed check,84,66,"5,714"
7234-FECYN,Yes,Month-to-month,Yes,Electronic check,0,8,780
7234-KMNRQ,No,Month-to-month,No,Mailed check,19,4,73
7235-NXZCP,Yes,Month-to-month,Yes,Mailed check,0,2,156
7239-HZZCX,No,Month-to-month,Yes,Mailed check,0,1,19
7240-ETPTR,No,Month-to-month,Yes,Electronic check,0,9,442
7240-FQLHE,Yes,Month-to-month,Yes,Bank transfer (automatic),0,18,"1,836"
7241-AJHFS,No,Month-to-month,No,Bank transfer (automatic),0,32,"2,766"
7242-EDTYC,No,Two year,No,Bank transfer (automatic),0,44,819
7242-QZLXF,No,Month-to-month,Yes,Electronic check,0,1,25
7243-LCGGZ,No,Month-to-month,No,Mailed check,0,1,20
7244-KXYZN,No,One year,No,Credit card (automatic),0,24,527
7244-QWYHG,No,One year,No,Bank transfer (automatic),0,50,"2,188"
7245-JMTTQ,No,One year,No,Electronic check,0,51,"5,703"
7245-NIIWQ,No,Month-to-month,No,Electronic check,0,3,199
7246-ZGQDF,No,Month-to-month,No,Electronic check,0,1,54
7247-XOZPB,No,One year,No,Bank transfer (automatic),0,53,"4,155"
7248-VZQLC,Yes,Month-to-month,Yes,Bank transfer (automatic),0,47,"3,969"
7249-WBIYX,No,Month-to-month,Yes,Electronic check,0,10,813
7250-EQKIY,No,Month-to-month,Yes,Mailed check,0,1,50
7251-LJBQN,Yes,One year,No,Credit card (automatic),0,40,"4,188"
7251-XFOIL,No,Month-to-month,No,Mailed check,0,61,"5,500"
7252-NTGSS,No,Month-to-month,No,Mailed check,0,1,45
7253-UVNDW,No,Two year,Yes,Credit card (automatic),0,46,"2,460"
7254-IQWOZ,No,Month-to-month,Yes,Electronic check,0,1,69
7255-SSFBC,No,Two year,No,Bank transfer (automatic),0,72,"8,041"
7266-GSSJX,No,Month-to-month,No,Electronic check,0,11,250
7267-FRMJW,No,Two year,No,Mailed check,0,25,486
7268-IGMFD,Yes,Month-to-month,No,Bank transfer (automatic),0,18,"1,743"
7268-WNTCP,No,Two year,No,Bank transfer (automatic),0,62,"1,297"
7269-JISCY,No,One year,No,Bank transfer (automatic),0,55,"2,462"
7270-BDIOA,No,Month-to-month,Yes,Electronic check,90,22,"1,993"
7271-AJDTL,No,Month-to-month,No,Credit card (automatic),0,55,"5,073"
7272-QDCKA,No,One year,No,Electronic check,0,28,"2,688"
7273-TEFQD,Yes,Month-to-month,Yes,Electronic check,0,3,132
7274-CGTOD,No,Two year,No,Bank transfer (automatic),0,62,"2,618"
7274-RTAPZ,No,Month-to-month,Yes,Electronic check,0,1,90
7277-KAMWT,No,Two year,No,Credit card (automatic),20,13,268
7277-OZCGZ,No,Month-to-month,No,Electronic check,0,22,"1,886"
7278-CKDNC,Yes,Month-to-month,No,Electronic check,0,24,"2,088"
7279-BUYWN,Yes,Month-to-month,Yes,Electronic check,0,41,"4,689"
7279-NMVJC,No,One year,No,Bank transfer (automatic),0,17,323
7284-BUYEC,No,Month-to-month,No,Credit card (automatic),0,5,229
7284-ZZLOH,No,Two year,No,Credit card (automatic),0,45,"2,296"
7285-KLOTR,No,One year,No,Electronic check,0,12,876
7291-CDTMJ,No,Month-to-month,No,Bank transfer (automatic),0,1,19
7293-LSCDV,No,Two year,No,Credit card (automatic),0,60,"1,103"
7294-TMAOP,No,Month-to-month,Yes,Electronic check,0,1,90
7295-JOMMD,No,Month-to-month,Yes,Bank transfer (automatic),0,4,396
7296-PIXQY,No,Month-to-month,No,Electronic check,0,14,"1,046"
7297-DVYGA,No,One year,No,Bank transfer (automatic),0,51,996
7298-IZWLY,No,Month-to-month,No,Mailed check,0,1,19
7299-GNVPL,No,Month-to-month,No,Mailed check,0,23,"1,936"
7301-ABVAD,No,Two year,No,Bank transfer (automatic),0,72,"6,350"
7302-ZHMHP,No,Month-to-month,No,Mailed check,0,1,19
7305-ZWMAJ,No,One year,No,Credit card (automatic),0,30,587
7306-YDSOI,No,Two year,No,Bank transfer (automatic),0,69,"4,069"
7310-EGVHZ,No,Month-to-month,No,Bank transfer (automatic),0,1,20
7311-MQJCH,No,One year,No,Electronic check,0,5,99
7312-XSBAT,No,Month-to-month,No,Electronic check,0,1,49
7314-OXENN,No,Month-to-month,Yes,Electronic check,82,2,184
7315-WYOAW,No,Month-to-month,No,Electronic check,0,13,"1,313"
7317-GGVPB,No,Two year,Yes,Credit card (automatic),0,71,"7,690"
7318-EIVKO,No,Month-to-month,No,Electronic check,0,8,436
7319-VENRZ,No,Month-to-month,No,Bank transfer (automatic),0,7,445
7319-ZNRTR,No,One year,No,Electronic check,0,25,411
7321-KKSDU,No,Two year,No,Mailed check,0,32,696
7321-PKUYW,No,Month-to-month,Yes,Electronic check,0,11,987
7321-VGNKU,No,Month-to-month,No,Electronic check,0,2,120
7321-ZNSLA,No,Two year,No,Mailed check,0,13,590
7322-OCWHC,Yes,Two year,No,Bank transfer (automatic),0,72,"6,735"
7325-ENZFI,No,One year,No,Bank transfer (automatic),0,39,"1,630"
7326-RIGQZ,No,Month-to-month,No,Electronic check,0,6,377
7328-OWMOM,No,One year,No,Credit card (automatic),0,31,589
7328-ZJAJO,No,Two year,No,Credit card (automatic),0,59,"1,222"
7330-WZLNC,No,Month-to-month,Yes,Electronic check,0,5,455
7336-RLLRH,No,One year,No,Mailed check,0,27,"2,204"
7337-CINUD,No,Two year,No,Bank transfer (automatic),0,8,159
7338-ERIVA,No,One year,No,Bank transfer (automatic),0,39,"1,790"
7339-POGZN,No,Month-to-month,No,Electronic check,0,4,214
7340-KEFQE,No,Two year,No,Bank transfer (automatic),0,51,"1,782"
7341-LXCAF,No,Month-to-month,Yes,Electronic check,0,4,301
7343-EOBEU,No,Month-to-month,No,Mailed check,0,3,89
7346-MEDWM,No,Month-to-month,No,Electronic check,0,59,"4,949"
7349-ALMUX,No,Two year,No,Bank transfer (automatic),0,37,"2,313"
7351-KYHQH,Yes,Month-to-month,No,Electronic check,0,7,493
7351-MHQVU,No,Month-to-month,No,Credit card (automatic),0,6,307
7353-YOWFP,No,One year,No,Mailed check,0,7,129
7354-OIJLX,No,Month-to-month,No,Electronic check,0,9,724
7356-AYNJP,No,One year,No,Electronic check,0,4,97
7356-IWLFW,No,Month-to-month,No,Bank transfer (automatic),80,46,"3,769"
7359-PTSXY,No,Month-to-month,Yes,Electronic check,0,1,45
7359-SSBJK,Yes,Two year,Yes,Credit card (automatic),0,64,"4,481"
7359-WWYJV,No,Two year,No,Credit card (automatic),0,72,"8,375"
7361-YPXFS,Yes,Month-to-month,No,Bank transfer (automatic),0,28,"1,867"
7363-QTBIW,No,Month-to-month,No,Electronic check,0,9,769
7365-BVCJH,No,Month-to-month,No,Electronic check,0,1,24
7369-TRPFD,No,One year,No,Mailed check,0,19,279
7375-WMVMT,Yes,Two year,No,Credit card (automatic),0,71,"6,707"
7377-DMMRI,No,Month-to-month,Yes,Electronic check,0,2,92
7379-FNIUJ,No,Month-to-month,No,Electronic check,0,2,198
7379-POKDZ,No,Month-to-month,Yes,Electronic check,0,3,208
7382-DFJTU,No,Month-to-month,No,Credit card (automatic),0,18,"1,058"
7384-GHBPI,No,Month-to-month,Yes,Electronic check,0,3,99
7389-KBFIT,No,Month-to-month,No,Mailed check,0,2,63
7392-YYPYJ,No,Month-to-month,No,Electronic check,0,22,"2,415"
7394-FKDNK,No,Month-to-month,Yes,Electronic check,0,9,853
7394-LWLYN,No,Month-to-month,No,Electronic check,0,2,123
7395-IGJOS,Yes,Month-to-month,Yes,Bank transfer (automatic),0,17,"1,329"
7395-XWZOY,No,Month-to-month,No,Credit card (automatic),55,20,"1,165"
7396-VJUZB,No,Month-to-month,No,Mailed check,0,4,155
7398-HPYZQ,No,Two year,No,Bank transfer (automatic),0,71,"6,404"
7398-LXGYX,No,Month-to-month,No,Credit card (automatic),0,44,"3,626"
7398-SKNQZ,No,Month-to-month,No,Electronic check,0,3,273
7399-QHBJS,No,Two year,No,Credit card (automatic),0,72,"4,760"
7401-JIXNM,No,Two year,No,Credit card (automatic),0,54,"4,965"
7401-RUBNK,No,Month-to-month,No,Electronic check,0,18,"1,438"
7402-EYFXX,Yes,Month-to-month,No,Electronic check,0,26,"2,404"
7402-PWYJJ,No,One year,No,Electronic check,0,53,"4,862"
7404-JLKQG,No,Month-to-month,No,Electronic check,0,3,161
7407-SUJIZ,No,Month-to-month,No,Mailed check,0,25,541
7408-OFWXJ,No,Two year,No,Credit card (automatic),0,72,"6,510"
7409-JURKQ,No,One year,No,Bank transfer (automatic),0,53,"5,809"
7409-KIUTL,Yes,Month-to-month,Yes,Electronic check,71,1,71
7410-KTVFV,No,Month-to-month,Yes,Mailed check,0,18,878
7410-OIEDU,No,Month-to-month,No,Mailed check,0,10,887
7410-YTJIK,No,Month-to-month,Yes,Mailed check,0,7,480
7416-CKTEP,No,Two year,No,Bank transfer (automatic),0,57,"1,134"
7421-ZLUPA,No,Month-to-month,No,Mailed check,0,8,226
7422-WNBTY,No,Month-to-month,No,Electronic check,0,33,"3,092"
7426-GSWPO,Yes,Month-to-month,No,Bank transfer (automatic),0,64,"6,548"
7426-RHZGU,No,Month-to-month,No,Bank transfer (automatic),0,9,827
7426-WEIJX,Yes,Month-to-month,No,Electronic check,0,60,"4,859"
7427-AUFPY,No,Two year,No,Credit card (automatic),0,54,"1,008"
7432-FFVAR,No,One year,No,Bank transfer (automatic),0,46,"4,236"
7434-SHXLS,No,Month-to-month,Yes,Mailed check,0,1,20
7435-ZNUYY,No,One year,No,Mailed check,0,6,116
7439-DKZTW,No,Month-to-month,No,Electronic check,0,1,80
7442-YGZFK,No,Month-to-month,No,Credit card (automatic),0,1,49
7445-WMRBW,No,One year,No,Bank transfer (automatic),0,48,"3,581"
7446-KQISO,No,Two year,No,Bank transfer (automatic),0,45,"4,900"
7446-SFAOA,No,One year,No,Bank transfer (automatic),0,37,717
7446-YPODE,Yes,Month-to-month,No,Bank transfer (automatic),0,11,662
7449-HVPIV,No,Month-to-month,No,Credit card (automatic),0,55,"5,099"
7450-NWRTR,Yes,Month-to-month,Yes,Electronic check,0,12,"1,200"
7452-FOLON,No,One year,No,Bank transfer (automatic),0,39,958
7459-IMVYU,No,Month-to-month,No,Electronic check,0,38,"2,657"
7459-RRWQZ,No,Month-to-month,Yes,Bank transfer (automatic),0,15,994
7460-ITWWP,Yes,Month-to-month,No,Electronic check,0,45,"3,861"
7463-IFMQU,No,Two year,No,Bank transfer (automatic),0,72,"1,423"
7465-ZZRVX,No,Month-to-month,No,Electronic check,0,1,70
7469-LKBCI,No,Two year,No,Credit card (automatic),0,16,326
7470-DYNOE,No,One year,No,Electronic check,0,53,"3,357"
7470-MCQTK,No,Month-to-month,Yes,Bank transfer (automatic),0,13,633
7471-MQPOS,Yes,One year,No,Bank transfer (automatic),0,71,"5,139"
7471-WNSUF,No,One year,No,Bank transfer (automatic),0,60,"1,505"
7472-EQOAV,Yes,One year,No,Bank transfer (automatic),0,71,"6,179"
7473-ZBDSN,No,Two year,No,Mailed check,0,14,255
7479-NITWS,No,Month-to-month,Yes,Credit card (automatic),0,7,631
7480-QNVZJ,Yes,Month-to-month,Yes,Electronic check,0,50,"4,816"
7480-SPLEF,No,Two year,No,Bank transfer (automatic),26,69,"1,796"
7481-ATQQS,Yes,Month-to-month,Yes,Credit card (automatic),0,49,"4,515"
7483-IQWIB,No,Month-to-month,No,Electronic check,0,37,"3,415"
7486-KSRVI,No,One year,Yes,Electronic check,100,43,"4,211"
7488-MXJIV,No,Month-to-month,Yes,Electronic check,0,4,321
7492-TAFJD,No,Two year,No,Mailed check,0,7,280
7493-GVFIO,No,Two year,No,Credit card (automatic),0,57,"1,252"
7493-TPUWZ,No,Month-to-month,Yes,Electronic check,0,1,79
7495-OOKFY,Yes,Month-to-month,Yes,Credit card (automatic),0,8,633
7501-IWUNG,No,Two year,No,Bank transfer (automatic),0,61,"4,616"
7501-VTYLJ,No,Month-to-month,No,Mailed check,0,2,106
7502-BNYGS,No,Month-to-month,No,Credit card (automatic),0,46,"3,168"
7503-EPSZW,No,Two year,No,Mailed check,0,64,"1,559"
7503-MIOGA,Yes,Two year,No,Bank transfer (automatic),0,72,"6,697"
7503-QQRVF,Yes,Month-to-month,Yes,Credit card (automatic),0,16,"1,178"
7503-ZGUZJ,No,Month-to-month,Yes,Mailed check,0,1,84
7504-UWHNB,No,Month-to-month,No,Electronic check,0,25,"1,729"
7508-DQAKK,No,Two year,No,Credit card (automatic),0,64,"5,442"
7508-KBIMB,No,One year,No,Credit card (automatic),0,24,"1,454"
7508-MYBOG,No,Month-to-month,Yes,Electronic check,0,14,"1,235"
7508-SMHXL,Yes,Month-to-month,No,Credit card (automatic),89,15,"1,288"
7511-YMXVQ,No,Month-to-month,Yes,Electronic check,0,9,418
7515-LODFU,Yes,Two year,No,Credit card (automatic),0,69,"1,356"
7516-GMHUV,Yes,Two year,No,Credit card (automatic),0,50,"5,163"
7517-LDMPS,No,Month-to-month,No,Electronic check,0,12,"1,017"
7517-SAWMO,No,Month-to-month,Yes,Electronic check,0,19,"1,441"
7519-JTWQH,No,Two year,No,Bank transfer (automatic),0,69,"7,455"
7520-HQWJU,No,Month-to-month,No,Bank transfer (automatic),0,66,"4,508"
7521-AFHAB,No,Month-to-month,No,Mailed check,0,5,220
7521-YXVZY,No,Month-to-month,No,Mailed check,0,3,58
7524-VRLPL,Yes,Two year,No,Credit card (automatic),0,69,"5,031"
7526-BEZQB,No,Month-to-month,Yes,Electronic check,0,12,"1,148"
7526-IVLYU,No,Month-to-month,No,Mailed check,0,3,68
7527-QNRUS,No,Two year,No,Mailed check,0,17,412
7529-ZDFXI,Yes,Month-to-month,No,Electronic check,0,57,"4,925"
7530-HDYDS,No,Month-to-month,Yes,Credit card (automatic),0,38,"3,264"
7531-GQHME,No,Month-to-month,No,Credit card (automatic),0,12,265
7534-BFESC,Yes,Month-to-month,Yes,Electronic check,0,24,"1,712"
7537-CBQUZ,Yes,Month-to-month,No,Bank transfer (automatic),0,63,"7,031"
7537-RBWEA,No,Month-to-month,No,Mailed check,0,1,25
7538-GWHML,No,Month-to-month,Yes,Electronic check,0,2,145
7541-YLXCL,No,One year,Yes,Mailed check,0,36,"2,498"
7542-CYDDM,No,Month-to-month,No,Mailed check,0,18,358
7544-ZVIKX,No,One year,No,Bank transfer (automatic),0,58,"6,004"
7547-EKNFS,No,Month-to-month,Yes,Bank transfer (automatic),0,42,"3,959"
7548-SEPYI,No,Month-to-month,Yes,Electronic check,0,5,512
7549-MYGPK,No,Month-to-month,Yes,Electronic check,0,63,"6,215"
7550-WIQVA,No,One year,No,Electronic check,0,50,"5,431"
7551-DACSP,No,Month-to-month,Yes,Mailed check,0,6,324
7551-JOHTI,No,Month-to-month,Yes,Mailed check,0,1,19
7552-KEYGT,No,Two year,No,Bank transfer (automatic),0,27,520
7554-AKDQF,No,Month-to-month,No,Mailed check,0,6,323
7554-NEWDD,No,Two year,No,Bank transfer (automatic),0,10,251
7558-IMLMT,No,Two year,No,Mailed check,0,67,"1,411"
7560-QJAVJ,No,Two year,No,Bank transfer (automatic),0,70,"5,589"
7560-QRBXH,No,One year,No,Mailed check,0,48,936
7562-GSUHK,No,Month-to-month,Yes,Credit card (automatic),0,16,"1,573"
7562-UXTPG,No,Month-to-month,No,Mailed check,0,13,886
7563-BIUPC,No,Month-to-month,Yes,Electronic check,0,5,415
7564-GHCVB,No,Two year,No,Bank transfer (automatic),0,72,"5,730"
7566-DSRLQ,No,Two year,No,Electronic check,0,72,"7,998"
7567-ECMCM,No,Month-to-month,No,Credit card (automatic),0,24,"2,001"
7568-PODML,No,Month-to-month,Yes,Mailed check,0,1,45
7569-NMZYQ,No,Two year,No,Bank transfer (automatic),0,72,"8,672"
7570-WELNY,No,Two year,No,Bank transfer (automatic),0,68,"5,711"
7571-YXDAD,No,Month-to-month,Yes,Credit card (automatic),0,2,147
7572-KPVKK,No,Two year,No,Electronic check,0,62,"6,590"
7576-ASEJU,No,One year,No,Credit card (automatic),0,41,"3,187"
7576-JMYWV,Yes,Month-to-month,No,Electronic check,0,46,"4,972"
7576-OYWBN,Yes,Month-to-month,Yes,Electronic check,0,3,231
7577-SWIFR,No,Month-to-month,No,Electronic check,0,1,89
7579-KKLOE,No,Two year,No,Mailed check,0,71,"6,589"
7579-OOPEC,Yes,Month-to-month,Yes,Credit card (automatic),0,2,115
7580-UGXNC,Yes,Month-to-month,Yes,Mailed check,0,2,104
7581-EBBOU,No,One year,No,Credit card (automatic),0,60,"4,224"
7586-ZATGZ,No,Month-to-month,No,Electronic check,0,40,"3,369"
7587-AOVVU,No,Month-to-month,No,Electronic check,0,27,"2,793"
7587-RZNME,No,Month-to-month,Yes,Electronic check,0,3,123
7590-VHVEG,No,Month-to-month,No,Electronic check,0,1,29
7593-JNWRU,No,Month-to-month,Yes,Bank transfer (automatic),0,6,260
7593-XFKDI,No,Month-to-month,Yes,Mailed check,0,1,46
7594-LZNWR,Yes,Month-to-month,No,Credit card (automatic),0,34,"2,275"
7594-RQHXR,No,Month-to-month,Yes,Electronic check,0,1,79
7595-EHCDL,No,Month-to-month,No,Credit card (automatic),0,32,"1,653"
7595-EUIVN,No,Month-to-month,Yes,Electronic check,0,1,75
7596-IIWYC,No,Two year,No,Bank transfer (automatic),0,27,538
7596-LDUXP,No,One year,No,Credit card (automatic),0,12,979
7596-ZYWBB,No,Two year,No,Mailed check,0,65,"3,739"
7598-UAASY,No,Month-to-month,Yes,Electronic check,0,2,151
7599-FKVXZ,No,Month-to-month,Yes,Bank transfer (automatic),0,42,"4,512"
7599-NTMDP,No,Two year,No,Bank transfer (automatic),0,62,"3,008"
7601-DHFWZ,No,Two year,No,Credit card (automatic),24,48,"1,183"
7601-GNDYK,No,Two year,No,Mailed check,0,35,686
7601-WFVZV,No,Month-to-month,No,Mailed check,0,1,19
7602-DBTOU,No,Two year,No,Mailed check,0,71,"1,416"
7602-MVRMB,No,Two year,No,Bank transfer (automatic),0,72,"8,058"
7603-USHJS,No,Month-to-month,Yes,Credit card (automatic),0,12,871
7605-BDWDC,No,Two year,No,Bank transfer (automatic),0,31,"1,520"
7605-SNLQG,No,Month-to-month,No,Credit card (automatic),0,45,"2,221"
7606-BPHHN,No,Two year,No,Credit card (automatic),0,72,"1,468"
7607-QKKTJ,No,One year,No,Credit card (automatic),95,45,"4,368"
7608-RGIRO,No,Two year,No,Mailed check,0,62,"1,413"
7609-NRNCA,No,One year,No,Mailed check,0,17,280
7609-YBPXG,No,Two year,No,Bank transfer (automatic),0,54,"4,735"
7610-TVOPG,No,Month-to-month,No,Electronic check,0,15,378
7611-YKYTC,No,Month-to-month,No,Bank transfer (automatic),75,22,"1,573"
7613-LLQFO,No,Month-to-month,Yes,Electronic check,0,12,"1,059"
7614-QVWQL,No,One year,Yes,Bank transfer (automatic),0,49,"2,541"
7615-ESMYF,No,Month-to-month,Yes,Electronic check,0,2,97
7617-EYGLW,No,Month-to-month,No,Electronic check,0,1,19
7619-ODSGN,No,Month-to-month,Yes,Electronic check,0,24,"1,338"
7619-PLRLP,No,One year,No,Bank transfer (automatic),0,53,"3,833"
7621-VPNET,No,Month-to-month,No,Credit card (automatic),0,42,"3,729"
7622-FWGEW,Yes,Two year,No,Bank transfer (automatic),0,56,"4,824"
7622-NXQZR,No,Month-to-month,No,Credit card (automatic),0,28,810
7623-HKYRK,No,Month-to-month,No,Mailed check,0,6,111
7623-TRNQN,No,Month-to-month,Yes,Mailed check,0,1,49
7625-XCQRH,No,Month-to-month,Yes,Electronic check,0,11,837
7627-JKIAZ,No,Month-to-month,Yes,Credit card (automatic),0,37,"2,839"
7629-WFGLW,Yes,One year,No,Electronic check,0,56,"5,471"
7629-WIXZF,No,One year,No,Electronic check,0,7,369
7632-MNYOY,Yes,One year,Yes,Credit card (automatic),0,66,"7,432"
7632-YUTXB,No,One year,No,Mailed check,0,25,520
7633-MVPUY,No,Two year,No,Electronic check,0,57,"3,450"
7634-HLQJR,No,Two year,No,Credit card (automatic),0,47,"1,016"
7634-WSWDB,No,Month-to-month,No,Electronic check,0,8,330
7636-OWBPG,Yes,Month-to-month,No,Credit card (automatic),0,12,381
7636-PEPNS,No,One year,No,Mailed check,0,58,"2,413"
7636-XUHWW,No,Month-to-month,No,Credit card (automatic),0,2,33
7638-QVMVY,No,Month-to-month,Yes,Electronic check,79,7,522
7639-LIAYI,No,Two year,No,Credit card (automatic),0,52,"4,217"
7639-OPLNG,No,Two year,No,Bank transfer (automatic),0,70,"5,731"
7639-SUPCW,No,Month-to-month,Yes,Credit card (automatic),0,22,"1,054"
7641-EUYET,Yes,Month-to-month,Yes,Electronic check,0,46,"4,541"
7641-TQFHN,No,Two year,No,Mailed check,0,39,"3,895"
7643-RCHXS,No,Two year,No,Electronic check,0,63,"1,263"
7644-OMVMY,No,Two year,No,Mailed check,0,0,0
7647-GYYKX,No,Two year,No,Bank transfer (automatic),0,54,"1,092"
7649-PHJVR,No,One year,No,Mailed check,0,11,226
7649-SIJJF,No,Two year,No,Mailed check,0,71,"5,585"
7654-YWJUF,No,One year,No,Bank transfer (automatic),0,43,"3,539"
7657-DYEPJ,Yes,One year,Yes,Credit card (automatic),0,38,"2,497"
7658-UYUQS,Yes,Month-to-month,No,Bank transfer (automatic),0,21,"1,857"
7660-HDPJV,No,Month-to-month,Yes,Electronic check,0,1,69
7661-CPURM,No,One year,No,Credit card (automatic),0,19,"1,725"
7663-CUXZB,No,Two year,No,Electronic check,0,59,"6,561"
7663-RGWBC,No,Month-to-month,Yes,Mailed check,0,1,44
7663-YJHSN,No,Two year,No,Bank transfer (automatic),0,72,"7,556"
7663-ZTEGJ,No,One year,No,Credit card (automatic),0,29,"2,830"
7665-NKLAV,No,Two year,No,Credit card (automatic),0,36,"1,547"
7665-TOALD,No,Month-to-month,Yes,Electronic check,0,1,69
7665-VIGUD,No,One year,No,Mailed check,0,10,176
7666-WKRON,No,Two year,Yes,Electronic check,0,39,"3,201"
7668-XCFYV,Yes,Month-to-month,No,Electronic check,0,17,"1,614"
7669-LCRSD,No,Month-to-month,No,Mailed check,0,12,628
7670-ZBPOQ,No,One year,No,Bank transfer (automatic),0,58,"3,478"
7672-VFMXZ,No,Month-to-month,No,Electronic check,0,57,"3,171"
7673-BQGKU,No,Two year,No,Bank transfer (automatic),0,69,"1,337"
7673-LPRNY,No,One year,No,Electronic check,0,23,"1,843"
7674-YTAFD,No,One year,No,Bank transfer (automatic),0,33,"2,684"
7675-OZCZG,Yes,Month-to-month,Yes,Electronic check,45,3,127
7677-SJJJK,No,One year,No,Credit card (automatic),0,8,153
7682-AZNDK,No,Month-to-month,No,Electronic check,0,34,"3,091"
7683-CBDKJ,No,Month-to-month,Yes,Electronic check,0,14,937
7684-XSZIY,No,Two year,No,Bank transfer (automatic),0,72,"1,643"
7688-AWMDX,No,Two year,No,Bank transfer (automatic),0,71,"3,778"
7690-KPNCU,No,One year,No,Credit card (automatic),0,64,"4,688"
7691-KGKGP,No,Month-to-month,No,Credit card (automatic),65,53,"3,363"
7691-XVTZH,No,Two year,No,Bank transfer (automatic),0,68,"5,974"
7693-LCKZL,No,Month-to-month,Yes,Electronic check,0,5,385
7693-QPEFS,Yes,Month-to-month,No,Bank transfer (automatic),0,52,"3,829"
7694-VLBWQ,No,One year,Yes,Electronic check,0,67,"7,040"
7695-PKLCZ,No,Two year,No,Credit card (automatic),0,68,"1,424"
7696-AMHOD,No,One year,No,Credit card (automatic),78,49,"3,824"
7696-CFTAT,No,Two year,No,Bank transfer (automatic),0,37,726
7698-YFGEZ,No,Month-to-month,No,Mailed check,20,1,20
7703-ZEKEF,No,Month-to-month,Yes,Electronic check,81,23,"1,917"
7706-DZNKK,No,Month-to-month,No,Credit card (automatic),0,11,237
7706-YLMQA,No,One year,No,Bank transfer (automatic),0,70,"1,341"
7707-PYBBH,No,Month-to-month,No,Mailed check,0,40,"2,647"
7710-JSYOA,No,Two year,No,Bank transfer (automatic),0,69,"6,398"
7711-GQBZC,No,Two year,No,Bank transfer (automatic),0,71,"1,810"
7711-YIJWC,No,One year,No,Bank transfer (automatic),0,61,"5,264"
7714-YXSMB,No,Month-to-month,No,Bank transfer (automatic),0,26,"2,599"
7716-YTYHG,No,One year,Yes,Mailed check,0,48,"4,029"
7717-BICXI,No,Two year,No,Mailed check,0,60,"1,205"
7718-RXDGG,No,Month-to-month,No,Bank transfer (automatic),0,15,"1,108"
7718-UPSKJ,No,One year,No,Credit card (automatic),0,69,"7,251"
7721-DVEKZ,No,Month-to-month,No,Mailed check,0,1,19
7721-JXEAW,No,Month-to-month,Yes,Bank transfer (automatic),0,59,"2,452"
7722-CVFXN,No,One year,No,Electronic check,0,54,"5,637"
7722-VJRQD,No,Two year,No,Bank transfer (automatic),0,72,"4,549"
7727-SHVZV,No,Month-to-month,No,Bank transfer (automatic),0,9,150
7729-JTEEC,No,Month-to-month,No,Electronic check,0,2,90
7729-XBTWX,No,Two year,No,Mailed check,0,66,"1,344"
7730-CLDSV,No,Two year,No,Bank transfer (automatic),0,72,"7,129"
7730-IUTDZ,No,Month-to-month,Yes,Electronic check,0,43,"3,198"
7733-UDMTP,Yes,Month-to-month,No,Electronic check,55,57,"3,094"
7734-DBOAI,No,Month-to-month,Yes,Electronic check,0,1,40
7739-LAXOG,No,Month-to-month,Yes,Bank transfer (automatic),0,32,"2,954"
7740-BTPUX,Yes,Two year,No,Electronic check,0,55,"6,292"
7740-KKCXF,No,Month-to-month,No,Credit card (automatic),0,51,"1,529"
7742-MYPGI,No,Month-to-month,No,Mailed check,0,6,297
7743-EXURX,No,Month-to-month,Yes,Electronic check,0,8,415
7746-AWNQW,No,Month-to-month,No,Mailed check,0,28,961
7746-QYVCO,No,One year,No,Mailed check,0,16,857
7748-UMTRK,Yes,Month-to-month,No,Electronic check,0,30,"2,974"
7750-EYXWZ,No,One year,No,Electronic check,0,12,743
7752-XUSCI,No,Month-to-month,Yes,Electronic check,0,60,"6,396"
7753-USQYQ,No,One year,No,Electronic check,0,55,"3,627"
7754-IXRMC,No,Month-to-month,No,Mailed check,0,1,45
7758-UJWYS,No,Two year,No,Electronic check,0,34,"1,325"
7758-XKCBS,No,Month-to-month,Yes,Electronic check,0,15,438
7760-OYPDY,No,Month-to-month,Yes,Electronic check,0,2,144
7762-ONLJY,No,One year,No,Mailed check,0,6,94
7762-URZQH,No,Two year,Yes,Credit card (automatic),0,66,"6,981"
7764-BDPEE,No,Month-to-month,No,Mailed check,0,3,60
7765-LWVVH,No,Two year,No,Electronic check,0,72,"6,843"
7766-CLTIC,No,Month-to-month,No,Mailed check,0,10,629
7767-UXAGJ,No,Month-to-month,Yes,Electronic check,0,1,50
7771-CFQRQ,No,Two year,No,Bank transfer (automatic),0,47,"3,007"
7771-ZONAT,No,Two year,No,Bank transfer (automatic),0,22,"1,304"
7774-OJSXI,No,One year,Yes,Electronic check,0,31,"3,066"
7776-QGYJC,No,Month-to-month,No,Bank transfer (automatic),0,39,"3,107"
7776-QWNFX,Yes,Month-to-month,Yes,Bank transfer (automatic),0,30,"1,527"
7777-UNYHB,No,Month-to-month,No,Credit card (automatic),0,12,232
7779-LGOVN,Yes,Month-to-month,Yes,Electronic check,0,10,856
7779-ORAEL,Yes,Two year,No,Credit card (automatic),0,45,"3,480"
7780-OTDSO,No,Month-to-month,Yes,Electronic check,0,18,"1,742"
7781-EWARA,No,One year,No,Electronic check,0,70,"4,138"
7781-HVGMK,No,Two year,No,Credit card (automatic),0,72,"4,784"
7783-YKGDV,No,Month-to-month,Yes,Bank transfer (automatic),0,12,"1,238"
7785-RDVIG,No,Month-to-month,No,Mailed check,0,3,54
7786-WBJYI,No,Month-to-month,Yes,Bank transfer (automatic),0,4,305
7787-BNTZM,No,Month-to-month,No,Bank transfer (automatic),0,6,130
7789-CRUVC,Yes,Month-to-month,No,Credit card (automatic),0,61,"5,895"
7789-HKSBS,Yes,One year,No,Bank transfer (automatic),0,42,"4,599"
7794-JASDG,No,Month-to-month,No,Mailed check,0,1,50
7795-CFOCW,No,One year,No,Bank transfer (automatic),0,45,"1,840"
7797-EJMDP,No,Month-to-month,No,Bank transfer (automatic),0,8,574
7798-JVXYM,No,Month-to-month,No,Electronic check,0,14,921
7799-DSEWS,No,Month-to-month,No,Electronic check,0,18,"1,299"
7799-LGRDP,No,Two year,No,Credit card (automatic),0,43,"1,188"
7801-CEDNV,No,One year,No,Credit card (automatic),0,27,"1,421"
7801-KICAO,No,Month-to-month,No,Electronic check,0,18,"1,345"
7802-EFKNY,No,Month-to-month,Yes,Electronic check,0,5,100
7803-XOCCZ,No,Month-to-month,No,Bank transfer (automatic),0,52,"4,326"
7808-DVWEP,No,Month-to-month,No,Bank transfer (automatic),20,3,49
7811-JIVPF,No,Month-to-month,No,Credit card (automatic),0,23,"1,081"
7812-FZHPE,No,Month-to-month,Yes,Mailed check,0,17,409
7813-TKCVO,No,One year,No,Mailed check,0,20,393
7813-ZGGAW,Yes,Month-to-month,No,Bank transfer (automatic),0,31,"2,877"
7814-LEEVE,No,Month-to-month,No,Bank transfer (automatic),0,1,20
7815-PDTHL,No,Two year,No,Mailed check,0,35,684
7816-VGHTO,No,Two year,No,Mailed check,0,6,217
7817-BOQPW,No,Month-to-month,Yes,Electronic check,0,2,166
7817-OMJNA,No,One year,No,Bank transfer (automatic),0,14,275
7820-ZYGNY,No,One year,No,Credit card (automatic),0,63,"5,825"
7821-DPRQE,No,Month-to-month,No,Electronic check,0,68,"7,320"
7823-JSOAG,No,Month-to-month,No,Electronic check,0,3,217
7824-PANSQ,No,Month-to-month,No,Bank transfer (automatic),0,58,"4,807"
7825-ECJRF,No,Month-to-month,Yes,Electronic check,0,19,"1,934"
7825-GKXMW,No,Month-to-month,Yes,Electronic check,0,1,45
7826-VVKWT,Yes,Two year,No,Electronic check,0,24,"2,263"
7831-QGOXH,No,Month-to-month,Yes,Electronic check,0,18,"1,553"
7833-PKIHD,No,One year,No,Bank transfer (automatic),0,51,"3,966"
7838-LAZFO,No,One year,No,Bank transfer (automatic),0,45,"3,597"
7839-NUIAA,No,Month-to-month,No,Electronic check,0,61,"3,641"
7839-QRKXN,No,Month-to-month,Yes,Mailed check,0,1,20
7841-FCRQD,No,One year,No,Credit card (automatic),0,33,"1,857"
7841-TZDMQ,No,Month-to-month,Yes,Credit card (automatic),46,2,84
7845-URHJN,No,Month-to-month,Yes,Bank transfer (automatic),0,8,156
7850-THJMU,No,Two year,No,Credit card (automatic),0,26,494
7850-VWJUU,No,Month-to-month,No,Bank transfer (automatic),75,23,"1,778"
7851-FLGGQ,No,Month-to-month,Yes,Mailed check,0,1,44
7851-WZEKY,No,Month-to-month,Yes,Electronic check,0,2,196
7852-LECYP,Yes,Month-to-month,No,Credit card (automatic),0,13,"1,261"
7853-GVUDZ,No,Month-to-month,Yes,Credit card (automatic),0,1,20
7853-OETYL,No,Month-to-month,No,Electronic check,0,4,129
7853-WNZSY,No,Month-to-month,No,Credit card (automatic),0,1,19
7854-EDSSA,No,Month-to-month,Yes,Electronic check,59,22,"1,254"
7854-EKTJL,No,Month-to-month,Yes,Electronic check,0,2,35
7854-FOKSF,No,Month-to-month,Yes,Electronic check,0,1,35
7855-DIWPO,No,Month-to-month,No,Electronic check,0,21,"1,493"
7856-GANIL,Yes,One year,No,Bank transfer (automatic),0,45,"4,525"
7858-GTZSP,No,Month-to-month,No,Electronic check,0,12,"1,066"
7860-KSUGX,No,Two year,No,Credit card (automatic),0,72,"4,720"
7860-UXCRM,No,Two year,No,Credit card (automatic),0,63,"4,674"
7861-UVUFT,No,Month-to-month,Yes,Electronic check,0,15,"1,308"
7868-BGSZA,No,One year,No,Electronic check,0,43,"3,581"
7868-TMWMZ,Yes,Two year,No,Bank transfer (automatic),110,60,"6,668"
7869-ZYDST,No,Month-to-month,No,Credit card (automatic),0,31,"1,882"
7872-BAAZR,No,One year,No,Bank transfer (automatic),0,53,"1,007"
7872-RDDLZ,Yes,Month-to-month,No,Electronic check,0,67,"3,725"
7873-CVMAW,No,Two year,No,Credit card (automatic),0,72,"6,362"
7874-ECPQJ,No,Month-to-month,No,Bank transfer (automatic),0,4,85
7876-AEHIG,No,One year,No,Bank transfer (automatic),0,51,"3,077"
7876-BEUTG,No,Month-to-month,No,Mailed check,0,15,720
7876-DNYAP,No,Two year,No,Credit card (automatic),0,69,"1,436"
7878-JGDKK,No,Month-to-month,No,Mailed check,0,4,220
7878-RTCZG,No,Month-to-month,No,Mailed check,0,1,19
7879-CGSFV,No,One year,No,Mailed check,0,55,"5,552"
7880-XSOJX,No,Month-to-month,No,Mailed check,0,4,146
7881-EVUAD,No,Month-to-month,Yes,Electronic check,0,2,72
7881-INRLC,No,Month-to-month,Yes,Credit card (automatic),0,45,"4,740"
7883-ROJOC,No,Month-to-month,No,Mailed check,0,19,839
7890-VYYWG,Yes,Month-to-month,Yes,Mailed check,0,3,93
7892-POOKP,No,Month-to-month,Yes,Electronic check,0,28,"3,046"
7892-QVYKW,No,Month-to-month,No,Electronic check,0,23,"1,868"
7893-IXHRQ,No,Month-to-month,Yes,Electronic check,0,1,20
7895-VONWT,No,Month-to-month,No,Electronic check,0,25,"1,293"
7898-PDWQE,No,Two year,No,Credit card (automatic),0,71,"5,727"
7901-HXJVA,No,Month-to-month,No,Electronic check,0,14,"1,117"
7901-IIDQV,No,One year,No,Bank transfer (automatic),0,24,"1,242"
7901-TBKJX,Yes,Month-to-month,No,Electronic check,0,56,"5,594"
7903-CMPEY,Yes,Month-to-month,Yes,Electronic check,0,1,80
7905-NJMXS,Yes,Month-to-month,No,Electronic check,0,7,475
7905-TVXTA,No,Month-to-month,No,Electronic check,0,5,352
7908-QCBCA,No,Month-to-month,Yes,Mailed check,0,1,69
7909-FIOIY,No,Month-to-month,No,Mailed check,0,19,434
7912-SYRQT,No,Month-to-month,Yes,Bank transfer (automatic),0,7,552
7916-VCCPB,No,Month-to-month,No,Bank transfer (automatic),0,16,"1,195"
7919-ZODZZ,No,One year,No,Mailed check,0,10,660
7921-BEPCI,No,Two year,No,Bank transfer (automatic),0,72,"4,265"
7921-LMDFQ,Yes,One year,No,Bank transfer (automatic),94,51,"4,905"
7923-IYJWY,Yes,Two year,No,Credit card (automatic),0,67,"7,839"
7924-GJZFI,Yes,Month-to-month,No,Electronic check,0,25,"1,813"
7925-PNRGI,No,Month-to-month,No,Mailed check,0,45,"3,541"
7926-IJOOU,No,Month-to-month,No,Credit card (automatic),0,1,19
7927-AUXBZ,No,Month-to-month,Yes,Electronic check,0,30,"2,555"
7928-VJYAB,No,Month-to-month,No,Electronic check,0,11,"1,020"
7929-DMBCV,No,Month-to-month,No,Mailed check,81,20,"1,683"
7929-SKFGK,No,Two year,No,Credit card (automatic),0,70,"8,244"
7931-PXHFC,No,One year,Yes,Mailed check,0,38,"2,354"
7932-WPTDS,Yes,Month-to-month,Yes,Electronic check,0,1,24
7938-OUHIO,No,Month-to-month,Yes,Electronic check,0,3,293
7940-UQQUG,No,One year,No,Bank transfer (automatic),0,64,"6,721"
7941-RCJOW,No,Two year,No,Credit card (automatic),0,65,"1,218"
7943-RQCHR,No,Month-to-month,Yes,Electronic check,0,9,889
7945-HLKEA,No,One year,No,Electronic check,0,60,"4,039"
7945-PRBVF,No,Two year,No,Bank transfer (automatic),0,35,705
7950-XWOVN,No,Month-to-month,No,Mailed check,0,11,383
7951-QKZPL,No,Two year,Yes,Mailed check,0,33,740
7951-VRDVK,No,One year,No,Bank transfer (automatic),0,36,"3,003"
7952-OBOYL,No,Month-to-month,No,Mailed check,0,3,244
7954-MLBUN,No,Two year,No,Bank transfer (automatic),0,31,"3,109"
7956-XQWGU,No,Month-to-month,No,Credit card (automatic),0,27,460
7957-RYHQD,Yes,Month-to-month,Yes,Credit card (automatic),0,40,"3,233"
7963-GQRMY,No,Month-to-month,Yes,Mailed check,0,3,134
7963-SHNDT,No,Two year,No,Mailed check,0,52,"1,982"
7964-VEXDG,No,Month-to-month,No,Electronic check,0,21,"1,747"
7964-YESJC,No,Month-to-month,No,Mailed check,0,24,"1,559"
7964-ZRKKG,No,One year,No,Bank transfer (automatic),0,67,"5,798"
7966-YOTQW,No,Month-to-month,No,Credit card (automatic),0,10,568
7967-HYCDE,No,Month-to-month,No,Bank transfer (automatic),0,8,553
7968-QUXNS,No,Month-to-month,No,Mailed check,0,6,110
7969-AULMZ,No,Month-to-month,Yes,Electronic check,0,21,"2,119"
7969-FFOWG,No,Two year,No,Mailed check,0,65,"1,292"
7971-HLVXI,No,Two year,No,Credit card (automatic),0,72,"6,130"
7973-DZRKH,No,Two year,No,Credit card (automatic),0,66,"5,930"
7975-JMZNT,No,Two year,No,Bank transfer (automatic),0,66,"6,075"
7975-TZMLR,No,One year,No,Electronic check,0,47,"4,889"
7976-CICYS,No,Month-to-month,No,Credit card (automatic),0,4,83
7977-HXJKU,No,Two year,No,Mailed check,0,21,397
7978-DKUQH,No,Month-to-month,No,Electronic check,0,25,"1,797"
7979-CORPM,No,Month-to-month,Yes,Credit card (automatic),0,24,"2,282"
7980-MHFLQ,No,Two year,No,Mailed check,0,72,"1,859"
7982-VCELR,No,Month-to-month,No,Credit card (automatic),0,36,"3,565"
7989-AWGEH,No,Month-to-month,No,Electronic check,0,49,"1,838"
7989-CHGTL,No,Month-to-month,Yes,Mailed check,0,1,19
7989-VCQOH,No,Month-to-month,No,Electronic check,0,18,"1,611"
7993-NQLJE,No,Month-to-month,No,Mailed check,0,15,"1,151"
7993-PYKOF,No,Month-to-month,Yes,Electronic check,75,8,632
7994-UYIVZ,No,Month-to-month,No,Bank transfer (automatic),0,8,659
7994-XIRTR,Yes,One year,No,Bank transfer (automatic),0,54,"3,529"
7995-ZHHNZ,No,One year,No,Credit card (automatic),0,42,"2,386"
7996-BPXHY,No,Two year,No,Bank transfer (automatic),25,13,332
7996-MHXLW,No,Two year,No,Credit card (automatic),0,66,"1,683"
7997-EASSD,No,One year,No,Credit card (automatic),0,63,"4,965"
7998-WNZEM,No,Two year,No,Bank transfer (automatic),0,71,"5,708"
7998-ZLXWN,No,Month-to-month,No,Credit card (automatic),0,15,330
8000-REIQB,Yes,Month-to-month,Yes,Electronic check,0,1,69
8003-EWNDZ,No,Month-to-month,No,Electronic check,0,10,222
8006-PYCSW,No,Month-to-month,No,Mailed check,0,2,39
8007-YYPWD,No,Two year,No,Bank transfer (automatic),0,15,369
8008-ESFLK,No,One year,No,Electronic check,0,53,"5,835"
8008-HAWED,No,Month-to-month,Yes,Electronic check,0,14,712
8008-OTEZX,No,One year,No,Mailed check,0,35,708
8010-EZLOU,Yes,Month-to-month,Yes,Electronic check,0,15,"1,217"
8012-SOUDQ,Yes,Month-to-month,No,Electronic check,0,43,"3,838"
8015-IHCGW,No,Two year,No,Electronic check,0,72,"8,425"
8016-NCFVO,Yes,Month-to-month,No,Electronic check,0,55,"6,382"
8016-ZMGMO,Yes,One year,No,Bank transfer (automatic),0,66,"4,738"
8017-LXHFA,Yes,Month-to-month,Yes,Electronic check,0,23,"2,293"
8017-UVSZU,No,Month-to-month,No,Credit card (automatic),0,40,"2,379"
8019-ENHXU,No,Month-to-month,Yes,Electronic check,0,42,"4,138"
8020-BWHYL,Yes,Month-to-month,Yes,Credit card (automatic),0,15,"1,147"
8022-BECSI,No,One year,No,Mailed check,0,22,422
8023-QHAIO,Yes,Month-to-month,No,Bank transfer (automatic),0,56,"4,275"
8024-XNAFQ,Yes,Two year,No,Bank transfer (automatic),0,72,"7,748"
8028-PNXHQ,No,Two year,No,Bank transfer (automatic),0,62,"1,424"
8029-XYPWT,Yes,Two year,No,Bank transfer (automatic),0,71,"8,016"
8033-ATFAS,No,Month-to-month,No,Mailed check,0,39,"2,341"
8033-VCZGH,No,One year,No,Electronic check,0,50,"5,231"
8034-RYTVV,No,One year,No,Credit card (automatic),0,55,"4,589"
8035-BUYVG,No,One year,Yes,Electronic check,0,40,"1,716"
8035-PWSEV,No,Month-to-month,No,Electronic check,0,6,487
8039-ACLPL,No,Two year,No,Credit card (automatic),0,72,"4,888"
8039-EQPIM,No,Two year,No,Bank transfer (automatic),0,69,"4,055"
8040-MNRTF,No,Month-to-month,No,Mailed check,0,1,71
8041-TMEID,Yes,Two year,No,Credit card (automatic),0,63,"6,991"
8042-JVNFH,No,Month-to-month,Yes,Mailed check,0,1,71
8042-RNLKO,No,One year,No,Bank transfer (automatic),0,66,"1,699"
8043-PNYSD,No,Two year,No,Mailed check,0,63,"1,245"
8044-BGWPI,No,Month-to-month,No,Electronic check,0,12,306
8046-DNVTL,No,Two year,No,Credit card (automatic),0,62,"2,345"
8048-DSDFQ,No,Month-to-month,No,Mailed check,0,1,20
8049-WJCLQ,No,Month-to-month,No,Mailed check,0,10,563
8050-DVOJX,Yes,Two year,No,Credit card (automatic),0,49,"4,060"
8050-WYBND,No,One year,No,Credit card (automatic),0,22,"1,031"
8050-XGRVL,No,One year,No,Credit card (automatic),0,62,"3,425"
8051-HJRLT,Yes,Month-to-month,Yes,Electronic check,0,1,70
8053-WWDRO,No,Month-to-month,Yes,Bank transfer (automatic),0,6,146
8058-DMYRU,Yes,Month-to-month,No,Electronic check,0,54,"4,931"
8058-INTPH,No,Month-to-month,Yes,Electronic check,0,1,79
8058-JMEQO,Yes,Month-to-month,Yes,Electronic check,0,9,762
8059-UDZFY,Yes,Month-to-month,No,Bank transfer (automatic),0,33,"3,465"
8060-HIWJJ,No,Two year,No,Credit card (automatic),0,64,"5,632"
8062-YBDOE,Yes,Month-to-month,Yes,Electronic check,0,1,69
8063-GBATB,Yes,Month-to-month,Yes,Electronic check,0,27,"2,287"
8063-RJYNF,No,Month-to-month,Yes,Electronic check,0,16,"1,483"
8064-RAVOH,No,Month-to-month,No,Electronic check,0,1,49
8065-BVEPF,Yes,Month-to-month,No,Bank transfer (automatic),0,65,"6,496"
8065-QBYTO,Yes,One year,No,Credit card (automatic),0,71,"7,181"
8065-YKXKD,No,Month-to-month,Yes,Electronic check,0,10,799
8066-POXGX,No,Month-to-month,Yes,Electronic check,0,13,446
8067-NIOYM,No,Two year,No,Credit card (automatic),0,24,490
8069-RHUXK,No,Two year,No,Credit card (automatic),0,67,"2,545"
8069-YQQAJ,No,Month-to-month,No,Mailed check,0,14,419
8070-AAWZP,Yes,Month-to-month,No,Mailed check,0,24,828
8071-SBTRN,No,Two year,No,Mailed check,0,70,"7,737"
8073-IJDCM,No,Month-to-month,Yes,Mailed check,0,1,20
8075-GXIUB,Yes,One year,No,Credit card (automatic),0,9,183
8076-FEZKJ,No,One year,No,Mailed check,0,10,225
8079-XRJRS,No,One year,Yes,Electronic check,0,65,"5,769"
8080-DDEMJ,Yes,Month-to-month,Yes,Electronic check,0,1,45
8080-POTJR,No,One year,No,Credit card (automatic),0,30,"2,427"
8082-GHXOP,No,Month-to-month,No,Mailed check,44,13,659
8083-YTZES,No,Month-to-month,Yes,Electronic check,0,4,265
8084-OIVBS,No,One year,No,Mailed check,20,11,211
8085-MSNLK,No,Two year,No,Mailed check,0,62,"6,891"
8086-OVPWV,No,Month-to-month,Yes,Electronic check,0,2,181
8087-LGYHQ,No,Month-to-month,No,Electronic check,0,9,811
8089-UZWLX,Yes,Two year,No,Bank transfer (automatic),0,71,"7,413"
8091-TTVAX,No,One year,No,Credit card (automatic),0,58,"5,681"
8092-NLTGF,No,Two year,No,Bank transfer (automatic),0,72,"1,777"
8095-WANWK,No,Month-to-month,No,Mailed check,0,10,428
8096-LOIST,No,Month-to-month,No,Electronic check,0,19,"1,093"
8097-OMULG,No,One year,No,Credit card (automatic),0,59,"4,541"
8097-VBQTZ,No,Month-to-month,No,Mailed check,0,54,"3,883"
8098-LLAZX,Yes,Month-to-month,Yes,Electronic check,0,4,396
8098-TDCBU,No,Two year,No,Electronic check,0,42,"1,108"
8099-MZPUJ,No,Two year,No,Credit card (automatic),0,48,"5,443"
8100-HZZLJ,No,Month-to-month,No,Electronic check,0,43,"2,737"
8100-PNJMH,No,Two year,No,Credit card (automatic),0,68,"6,132"
8104-OSKWT,No,Month-to-month,No,Electronic check,0,12,"1,001"
8106-GWQOK,No,Two year,No,Bank transfer (automatic),60,38,"2,193"
8107-KNCIM,Yes,Month-to-month,No,Electronic check,0,14,"1,013"
8107-RZLNV,No,Two year,No,Bank transfer (automatic),0,72,"7,565"
8108-UXRQN,No,Month-to-month,No,Electronic check,0,11,565
8109-YUOHE,No,One year,No,Mailed check,0,17,946
8111-BKVDS,No,Month-to-month,No,Bank transfer (automatic),0,10,449
8111-RKSPX,No,Month-to-month,Yes,Bank transfer (automatic),0,4,305
8111-SLLHI,Yes,Month-to-month,Yes,Electronic check,0,39,"4,284"
8118-LSUEL,Yes,Month-to-month,Yes,Electronic check,0,23,"2,483"
8118-TJAFG,No,Month-to-month,No,Electronic check,0,9,906
8120-JDCAM,No,Month-to-month,No,Mailed check,0,4,284
8123-QBNAZ,No,Month-to-month,No,Credit card (automatic),0,36,"3,684"
8124-NZVGJ,No,One year,No,Mailed check,0,6,255
8125-QPFJD,No,Two year,No,Bank transfer (automatic),0,72,"6,065"
8128-YVJRG,No,Month-to-month,Yes,Mailed check,0,7,604
8129-GMVGI,No,Two year,No,Mailed check,0,56,"1,090"
8132-YPVBX,No,Month-to-month,No,Mailed check,0,6,514
8133-ANHHJ,Yes,One year,No,Bank transfer (automatic),103,49,"5,166"
8138-EALND,No,Month-to-month,No,Mailed check,0,15,311
8143-ETQTI,No,Two year,No,Mailed check,0,23,451
8144-DGHXP,No,Two year,No,Electronic check,0,54,"4,299"
8146-QQKZH,No,Two year,No,Bank transfer (automatic),0,71,"5,924"
8148-BPLZQ,No,Month-to-month,No,Electronic check,0,34,"1,734"
8148-NLEGT,No,Two year,No,Electronic check,0,42,"1,014"
8148-WOCMK,No,Two year,No,Credit card (automatic),0,8,125
8149-AIQCG,No,Month-to-month,No,Credit card (automatic),0,39,"2,730"
8149-RSOUN,No,Month-to-month,Yes,Electronic check,0,1,93
8150-QUDFX,No,Month-to-month,No,Mailed check,0,2,51
8152-UOBNY,Yes,One year,No,Electronic check,0,50,"5,347"
8152-VETUR,No,Two year,No,Credit card (automatic),0,72,"6,869"
8155-IBNHG,No,Month-to-month,Yes,Credit card (automatic),0,24,"1,747"
8158-WPEZG,No,Month-to-month,No,Electronic check,0,11,425
8160-HOWOX,No,Month-to-month,No,Electronic check,0,7,458
8161-QYMTT,No,Month-to-month,No,Electronic check,0,7,701
8164-OCKUJ,No,Two year,No,Mailed check,0,59,"1,286"
8165-CBKXO,No,Two year,No,Credit card (automatic),0,66,"3,708"
8165-ZJRNM,No,Two year,No,Bank transfer (automatic),0,72,"1,679"
8166-ORCHU,Yes,One year,No,Electronic check,0,33,"3,055"
8166-ZZTFS,Yes,Two year,Yes,Bank transfer (automatic),0,66,"5,265"
8167-GJLRN,No,Month-to-month,No,Electronic check,0,3,82
8168-UQWWF,No,Month-to-month,Yes,Bank transfer (automatic),0,11,"1,105"
8169-SAEJD,Yes,Two year,No,Credit card (automatic),0,69,"3,952"
8173-RXAYP,No,Two year,No,Mailed check,0,24,452
8174-LNWMW,No,Two year,No,Credit card (automatic),0,31,689
8174-TBVCF,No,Two year,No,Credit card (automatic),0,70,"6,859"
8178-EYZUO,No,Month-to-month,Yes,Electronic check,0,46,"4,154"
8180-AKMJV,No,Month-to-month,No,Credit card (automatic),0,1,44
8181-YHCMF,No,Two year,No,Credit card (automatic),0,68,"4,109"
8182-BJDSI,No,Month-to-month,Yes,Electronic check,0,28,"2,625"
8182-PNAGI,No,Month-to-month,Yes,Bank transfer (automatic),0,12,593
8183-ONMXC,No,Month-to-month,Yes,Electronic check,0,2,159
8184-WMOFI,No,One year,No,Credit card (automatic),0,62,"4,487"
8185-UPYBR,No,Month-to-month,Yes,Electronic check,0,6,438
8189-DUKMV,No,One year,No,Bank transfer (automatic),0,4,79
8189-HBVRW,No,Month-to-month,No,Electronic check,0,53,"4,921"
8189-XRIKE,Yes,Month-to-month,No,Electronic check,0,32,"2,897"
8190-ZTQFB,No,One year,No,Electronic check,0,41,"2,075"
8191-XWSZG,No,One year,No,Mailed check,0,52,"1,022"
8194-PEEBY,No,One year,No,Mailed check,0,24,533
8197-BFWVU,No,Two year,No,Bank transfer (automatic),0,72,"6,688"
8198-RKSZG,No,Month-to-month,No,Credit card (automatic),0,14,"1,137"
8199-ZLLSA,No,One year,Yes,Bank transfer (automatic),0,67,"7,804"
8200-KLNYW,No,One year,No,Mailed check,0,21,"1,714"
8200-LGKSR,No,Two year,No,Electronic check,0,71,"6,126"
8201-AAXCB,No,Month-to-month,No,Electronic check,0,25,"1,404"
8203-XJZRC,No,Month-to-month,No,Mailed check,0,1,20
8204-TIFGJ,No,Month-to-month,No,Bank transfer (automatic),0,23,470
8204-YJCLA,Yes,Two year,No,Bank transfer (automatic),0,72,"4,732"
8205-MQUGY,No,Month-to-month,No,Electronic check,0,12,571
8205-OTCHB,No,One year,Yes,Bank transfer (automatic),0,22,903
8205-VSLRB,No,Two year,No,Credit card (automatic),0,70,"5,498"
8207-DMRVL,No,Two year,No,Bank transfer (automatic),0,72,"8,306"
8207-VVMYB,No,Two year,No,Bank transfer (automatic),26,70,"2,006"
8208-EUMTE,No,Two year,No,Mailed check,0,16,916
8212-CRQXP,No,Month-to-month,No,Credit card (automatic),80,22,"1,706"
8212-DJRCH,No,Month-to-month,No,Mailed check,0,5,434
8213-TAZPM,No,One year,No,Bank transfer (automatic),0,69,"7,493"
8215-NGSPE,No,Two year,No,Mailed check,20,42,833
8216-AZUUZ,No,Two year,No,Electronic check,0,42,"4,303"
8217-QYOHV,No,Month-to-month,No,Mailed check,0,5,266
8218-FFJDS,No,Two year,No,Bank transfer (automatic),0,72,"6,058"
8219-VYBVI,No,Two year,No,Mailed check,25,39,"1,004"
8220-OCUFY,No,One year,No,Electronic check,0,21,"1,258"
8221-EQDGL,No,Month-to-month,No,Mailed check,61,35,"2,130"
8221-HVAYI,No,Two year,No,Credit card (automatic),0,35,"2,490"
8224-DWCKX,Yes,Month-to-month,No,Credit card (automatic),0,12,828
8224-IVVPA,No,Month-to-month,No,Mailed check,0,27,"1,652"
8224-KDLKN,No,Two year,No,Bank transfer (automatic),25,72,"1,738"
8224-UAXBZ,No,One year,No,Electronic check,0,58,"2,540"
8225-BTJAU,Yes,Month-to-month,Yes,Electronic check,0,10,793
8226-BXGES,No,One year,No,Bank transfer (automatic),0,64,"5,692"
8229-BUJHX,No,Two year,No,Bank transfer (automatic),0,71,"1,500"
8229-MYEJZ,No,Month-to-month,No,Electronic check,0,10,498
8229-TNIQA,No,Month-to-month,Yes,Mailed check,0,4,196
8231-BSWXX,No,One year,No,Credit card (automatic),0,71,"5,552"
8232-CTLKO,No,Two year,No,Electronic check,0,66,"3,996"
8232-UTFOZ,No,Two year,No,Credit card (automatic),0,69,"1,399"
8234-GSZYK,No,Two year,No,Bank transfer (automatic),0,43,"1,110"
8237-ULIXL,No,Two year,No,Credit card (automatic),0,72,"1,871"
8241-JUIQO,No,One year,No,Bank transfer (automatic),0,61,"1,336"
8242-JSVBO,No,Month-to-month,No,Bank transfer (automatic),0,7,322
8242-PDSGJ,No,Two year,No,Credit card (automatic),0,70,"2,692"
8242-SOQUO,Yes,Month-to-month,No,Electronic check,0,5,392
8245-UMPYT,Yes,Month-to-month,Yes,Electronic check,0,16,"1,581"
8246-SHFGA,No,Month-to-month,No,Credit card (automatic),0,17,385
8249-THVEC,No,One year,No,Mailed check,0,51,997
8250-ZNGGW,Yes,Month-to-month,No,Credit card (automatic),0,5,287
8257-RZAHR,No,Month-to-month,Yes,Bank transfer (automatic),0,14,941
8258-GSTJK,Yes,Month-to-month,Yes,Electronic check,77,3,237
8259-DZLIZ,No,One year,No,Bank transfer (automatic),0,64,"3,399"
8259-NFJTV,No,Month-to-month,No,Mailed check,0,7,246
8260-NGFNY,No,Month-to-month,Yes,Mailed check,0,1,25
8261-GWDBQ,Yes,Two year,No,Bank transfer (automatic),0,60,"6,925"
8262-COGGB,No,Month-to-month,No,Mailed check,0,1,20
8263-JQAIK,Yes,Month-to-month,Yes,Mailed check,0,2,47
8263-OKETD,No,Month-to-month,No,Credit card (automatic),0,20,"1,370"
8263-QMNTJ,No,Two year,No,Electronic check,0,72,"8,425"
8265-HKSOW,No,Two year,No,Credit card (automatic),0,72,"7,658"
8266-VBFQL,No,Month-to-month,No,Electronic check,0,4,356
8267-KFGYD,No,Month-to-month,No,Mailed check,0,1,21
8267-ZNYVZ,No,One year,Yes,Electronic check,0,33,"3,361"
8268-YDIXR,No,One year,No,Electronic check,0,56,"5,253"
8270-RKSAP,No,Month-to-month,No,Electronic check,0,9,597
8272-ONJLV,No,One year,No,Electronic check,0,12,"1,184"
8276-MQBYC,Yes,Month-to-month,Yes,Electronic check,0,51,"4,913"
8277-RVRSV,No,One year,No,Credit card (automatic),0,33,800
8280-MQRQN,No,Month-to-month,Yes,Mailed check,0,1,50
8285-ABVLB,No,Two year,No,Credit card (automatic),0,70,"1,328"
8286-AFUYI,No,Month-to-month,No,Electronic check,0,1,47
8290-YWKHZ,Yes,Month-to-month,Yes,Electronic check,0,32,"2,931"
8292-FRFZQ,No,One year,No,Bank transfer (automatic),0,39,"1,700"
8292-ITGYJ,No,Two year,No,Bank transfer (automatic),0,45,"1,138"
8292-TYSPY,No,Month-to-month,Yes,Credit card (automatic),55,19,"1,046"
8294-UIMBA,No,One year,No,Bank transfer (automatic),0,30,"2,638"
8295-FHIVV,No,Month-to-month,No,Mailed check,0,7,168
8295-KMENE,No,Two year,No,Mailed check,0,59,"4,519"
8305-VHZBZ,No,Month-to-month,Yes,Mailed check,0,1,20
8309-IEYJD,Yes,Month-to-month,No,Mailed check,0,1,70
8309-PPCED,No,Two year,No,Bank transfer (automatic),0,72,"7,982"
8311-UEUAB,No,Two year,No,Electronic check,0,67,"5,229"
8313-AFGBW,No,Two year,No,Electronic check,0,47,"3,522"
8313-KTIHG,No,Month-to-month,No,Electronic check,0,4,249
8313-NDOIA,No,Month-to-month,No,Electronic check,0,24,"2,494"
8314-DPQHL,No,One year,No,Mailed check,0,9,463
8314-HTWVE,No,Two year,No,Mailed check,0,7,144
8316-BBQAY,No,Two year,No,Credit card (automatic),0,65,"3,921"
8317-BVKSO,No,Month-to-month,No,Electronic check,0,14,299
8318-LCNBW,No,One year,No,Credit card (automatic),0,35,"1,930"
8319-QBEHW,No,One year,No,Bank transfer (automatic),0,26,"1,023"
8325-QRPZR,No,Month-to-month,No,Electronic check,0,7,525
8327-LZKAS,Yes,One year,Yes,Electronic check,0,43,"4,533"
8327-WKMIE,No,One year,No,Credit card (automatic),0,37,785
8328-SKJNO,No,One year,No,Bank transfer (automatic),0,23,947
8329-GWVPJ,No,Month-to-month,No,Bank transfer (automatic),0,50,"3,557"
8329-IBCTI,No,Month-to-month,Yes,Mailed check,0,1,19
8329-UTMVM,Yes,One year,No,Bank transfer (automatic),0,27,"2,964"
8331-ZXFOE,No,One year,No,Credit card (automatic),0,58,"4,299"
8332-OSJDW,No,One year,No,Mailed check,0,12,314
8336-TAVKX,Yes,Two year,No,Bank transfer (automatic),0,72,"5,682"
8337-MSSXB,No,Month-to-month,Yes,Electronic check,0,14,"1,180"
8337-UPOAQ,Yes,Month-to-month,Yes,Electronic check,0,10,914
8338-QIUNR,No,Two year,No,Credit card (automatic),0,72,"4,811"
8344-WFMFH,No,Month-to-month,No,Electronic check,0,9,484
8345-MVDYC,No,Two year,No,Bank transfer (automatic),0,45,"3,618"
8347-GDTMP,No,Two year,No,Credit card (automatic),0,64,"1,225"
8348-HFYIV,No,Month-to-month,Yes,Electronic check,0,2,90
8348-JLBUG,Yes,One year,No,Credit card (automatic),0,64,"5,017"
8350-NYMVI,No,Month-to-month,No,Bank transfer (automatic),0,39,"1,597"
8356-WUAOJ,No,Month-to-month,No,Electronic check,45,1,45
8357-EQXFO,No,Month-to-month,Yes,Electronic check,0,7,660
8361-LBRDI,No,Two year,No,Credit card (automatic),0,58,"1,423"
8361-LTMKD,Yes,Month-to-month,Yes,Mailed check,0,4,306
8364-TRMMK,No,Month-to-month,Yes,Mailed check,0,3,151
8372-JUXUI,No,Month-to-month,Yes,Electronic check,0,1,74
8374-UULRV,No,Two year,No,Credit card (automatic),0,72,"6,309"
8374-XGEJJ,Yes,Month-to-month,Yes,Electronic check,101,43,"4,388"
8375-DKEBR,Yes,Month-to-month,Yes,Electronic check,0,1,69
8375-KVTHK,No,One year,No,Electronic check,0,68,"6,754"
8378-LKJAF,No,Month-to-month,No,Credit card (automatic),0,38,"3,956"
8380-MQINP,No,Two year,No,Mailed check,0,55,"1,079"
8380-PEFPE,No,Month-to-month,Yes,Electronic check,0,1,71
8382-SHQEH,No,Month-to-month,Yes,Electronic check,0,8,764
8383-SGHJU,No,One year,No,Electronic check,0,33,"1,952"
8384-FZBJK,No,Month-to-month,No,Electronic check,0,57,"5,611"
8387-MOJJT,No,Month-to-month,Yes,Credit card (automatic),0,42,"3,384"
8387-UGUSU,No,Month-to-month,No,Mailed check,0,15,284
8388-DMKAE,No,Two year,No,Mailed check,0,8,174
8388-FYNPZ,No,Month-to-month,No,Electronic check,0,4,245
8390-FESFV,No,Two year,No,Bank transfer (automatic),0,62,"5,193"
8393-DLHGA,No,Month-to-month,Yes,Electronic check,0,25,"2,448"
8393-JMVMB,No,Month-to-month,No,Mailed check,0,1,19
8395-ETZKQ,Yes,One year,No,Bank transfer (automatic),0,68,"1,193"
8397-MVTAZ,No,Month-to-month,Yes,Electronic check,0,34,"3,480"
8398-TBIYD,No,Two year,No,Bank transfer (automatic),0,72,"6,185"
8399-YNDCH,Yes,Month-to-month,Yes,Bank transfer (automatic),0,21,"1,236"
8400-WZICQ,No,Month-to-month,No,Electronic check,0,55,"3,131"
8401-EMUWF,No,Month-to-month,No,Bank transfer (automatic),0,42,"3,058"
8402-EIVQS,No,One year,No,Credit card (automatic),0,67,"6,733"
8402-OOOHJ,No,Two year,No,Mailed check,0,41,835
8404-FYDIB,No,Month-to-month,No,Credit card (automatic),0,26,"2,208"
8404-GFGCZ,No,Month-to-month,No,Electronic check,0,4,250
8404-VIOMB,No,Two year,No,Bank transfer (automatic),0,66,"4,136"
8404-VLQFB,No,Month-to-month,No,Electronic check,0,15,394
8405-IGQFX,No,One year,No,Credit card (automatic),0,63,"5,817"
8406-LNMHF,Yes,One year,No,Credit card (automatic),0,59,"4,903"
8409-WQJUX,No,One year,No,Electronic check,0,25,"1,423"
8410-BGQXN,No,Month-to-month,No,Mailed check,0,4,93
8413-VONUO,No,Month-to-month,Yes,Electronic check,0,2,167
8413-YNHNV,No,Two year,No,Mailed check,0,69,"6,322"
8414-MYSHR,Yes,Month-to-month,Yes,Electronic check,0,5,449
8414-OOEEL,No,Two year,No,Credit card (automatic),0,66,"5,196"
8417-FMLZI,No,Month-to-month,Yes,Credit card (automatic),0,6,477
8417-GSODA,No,One year,No,Bank transfer (automatic),0,28,"2,568"
8421-WZOOW,Yes,Month-to-month,No,Credit card (automatic),0,57,"5,567"
8429-XIBUM,No,Month-to-month,Yes,Bank transfer (automatic),0,22,"2,317"
8430-TWCBX,No,One year,No,Credit card (automatic),0,49,"1,032"
8433-WPJTV,Yes,One year,No,Bank transfer (automatic),0,65,"6,767"
8433-WXGNA,No,Month-to-month,Yes,Electronic check,0,2,189
8434-PNQZX,No,Two year,No,Credit card (automatic),0,42,"3,373"
8434-VGEQQ,No,Two year,No,Credit card (automatic),0,61,"1,305"
8436-BJUMM,No,Month-to-month,Yes,Electronic check,0,26,"2,070"
8439-LTUGF,No,Month-to-month,No,Credit card (automatic),20,10,198
8441-SHIPE,No,Two year,No,Bank transfer (automatic),0,67,"1,790"
8443-WVPSS,No,Month-to-month,Yes,Electronic check,0,10,990
8443-ZRDBZ,No,Month-to-month,Yes,Electronic check,0,4,318
8444-WRIDW,Yes,Month-to-month,Yes,Credit card (automatic),0,66,"5,224"
8445-DNBAE,No,Month-to-month,No,Electronic check,0,1,50
8450-JOVAH,No,Month-to-month,Yes,Mailed check,0,2,113
8450-LUGUK,No,Two year,No,Bank transfer (automatic),0,37,861
8450-UYIBU,Yes,Month-to-month,No,Electronic check,0,35,"1,434"
8454-AATJP,No,Two year,No,Credit card (automatic),0,72,"8,405"
8455-HIRAQ,No,Month-to-month,No,Mailed check,0,8,369
8456-QDAVC,No,Month-to-month,No,Bank transfer (automatic),0,19,"1,495"
8457-XIGKN,No,Month-to-month,No,Credit card (automatic),0,20,356
8461-EFQYM,No,One year,No,Electronic check,0,38,914
8464-EETCQ,No,Two year,No,Credit card (automatic),0,57,"1,094"
8465-SBRXP,No,Two year,No,Bank transfer (automatic),0,38,"3,616"
8466-PZBLH,No,Two year,No,Bank transfer (automatic),0,67,"6,885"
8467-WYNSR,No,Month-to-month,No,Mailed check,0,22,"1,253"
8468-EHYJA,No,Month-to-month,No,Electronic check,0,57,"5,497"
8468-FZTOE,No,Two year,No,Electronic check,0,72,"5,237"
8469-SNFFH,No,One year,No,Bank transfer (automatic),0,70,"5,528"
8473-VUVJN,Yes,Month-to-month,Yes,Electronic check,0,1,73
8474-UMLNT,No,Month-to-month,No,Bank transfer (automatic),0,13,842
8480-PPONV,No,Two year,No,Bank transfer (automatic),0,62,"7,159"
8481-YYXWG,No,Month-to-month,Yes,Electronic check,0,5,461
8485-GJCDN,Yes,Month-to-month,Yes,Mailed check,0,5,318
8486-AYEQH,No,Month-to-month,No,Electronic check,0,31,"2,227"
8490-BXHEO,Yes,Month-to-month,No,Credit card (automatic),0,18,"1,411"
8495-LJDFO,Yes,Month-to-month,No,Bank transfer (automatic),0,64,"7,111"
8495-PRWFH,Yes,Month-to-month,No,Electronic check,0,42,"2,421"
8496-DMZUK,No,One year,No,Bank transfer (automatic),0,30,"2,820"
8496-EJAUI,No,Month-to-month,Yes,Credit card (automatic),0,19,"1,424"
8498-XXGWA,No,Month-to-month,No,Mailed check,0,65,"3,673"
8499-BRXTD,No,One year,No,Mailed check,0,18,401
8510-AWCXC,Yes,Month-to-month,Yes,Electronic check,0,13,"1,308"
8510-BBWMU,No,One year,No,Mailed check,0,41,806
8510-TMWYB,No,Two year,No,Bank transfer (automatic),0,54,"3,246"
8512-WIWYV,No,One year,No,Credit card (automatic),0,32,707
8513-OLYGY,No,Two year,No,Credit card (automatic),0,72,"8,332"
8514-VZHEB,No,Two year,No,Mailed check,0,59,"1,147"
8515-OCTJS,No,Two year,Yes,Credit card (automatic),0,25,692
8519-IMDHU,Yes,Month-to-month,Yes,Bank transfer (automatic),0,15,"1,345"
8519-QJGJD,No,Month-to-month,Yes,Electronic check,0,14,"1,025"
8532-UEFWH,No,Two year,No,Mailed check,0,52,"1,345"
8535-SFUTN,No,Month-to-month,No,Electronic check,0,61,"6,300"
8540-ZQGEA,No,Two year,No,Credit card (automatic),0,54,"1,102"
8541-QVFKM,No,Month-to-month,No,Electronic check,0,8,632
8543-MSDMF,No,Month-to-month,No,Electronic check,0,3,206
8544-GOQSH,No,Month-to-month,No,Credit card (automatic),0,14,"1,112"
8544-JNBOX,No,Two year,No,Mailed check,0,72,"1,521"
8547-NSBBO,No,Month-to-month,No,Mailed check,0,35,"3,403"
8548-AWOFC,No,Month-to-month,No,Electronic check,0,66,"4,264"
8550-XSXUQ,No,One year,No,Credit card (automatic),0,48,"3,420"
8552-OBVRU,Yes,Month-to-month,No,Electronic check,0,48,"5,068"
8559-CIZFV,No,One year,Yes,Mailed check,0,21,"1,625"
8559-WNQZS,No,Two year,No,Mailed check,0,1,20
8561-NMTBD,No,One year,No,Credit card (automatic),0,67,"7,388"
8562-GHPPI,No,Month-to-month,No,Credit card (automatic),0,1,19
8563-IIOXK,No,One year,Yes,Electronic check,0,7,331
8563-OYMQY,No,Month-to-month,No,Credit card (automatic),0,17,"1,612"
8564-LDKFL,No,One year,No,Bank transfer (automatic),106,40,"4,178"
8565-CLBZW,No,Month-to-month,Yes,Mailed check,0,24,"2,165"
8565-HBFNN,No,One year,No,Credit card (automatic),0,69,"7,317"
8565-WUXZU,Yes,Two year,No,Credit card (automatic),0,72,"6,141"
8566-YPRGL,No,Month-to-month,No,Mailed check,0,1,19
8570-KLJYJ,No,One year,No,Mailed check,0,36,"1,893"
8571-ZCMCX,No,Two year,No,Credit card (automatic),60,47,"2,768"
8573-CGOCC,No,Month-to-month,No,Credit card (automatic),0,16,294
8573-JGCZW,No,One year,No,Bank transfer (automatic),0,17,351
8577-QSOCG,No,Two year,No,Mailed check,0,38,746
8580-AECUZ,Yes,Month-to-month,Yes,Electronic check,0,1,79
8580-QVLOC,Yes,Two year,Yes,Credit card (automatic),0,72,"6,440"
8582-KRHPJ,No,Month-to-month,No,Mailed check,35,50,"1,782"
8584-KMVXD,No,Month-to-month,No,Electronic check,0,8,535
8587-XYZSF,No,Two year,No,Bank transfer (automatic),0,67,"3,260"
8590-OHDIW,No,One year,No,Mailed check,0,38,749
8590-YFFQO,No,Two year,No,Credit card (automatic),0,70,"4,523"
8591-NXRCV,No,Month-to-month,No,Bank transfer (automatic),0,41,"3,090"
8591-TKMZH,No,Two year,No,Mailed check,0,59,"6,555"
8592-PLTMQ,No,One year,No,Mailed check,0,64,"1,642"
8593-WHYHV,No,Month-to-month,Yes,Electronic check,0,3,264
8595-SIZNC,Yes,One year,No,Bank transfer (automatic),0,22,548
8597-CTXVJ,No,One year,No,Bank transfer (automatic),0,70,"4,551"
8597-CWYHH,No,One year,No,Mailed check,0,43,"3,921"
8601-QACRS,No,Month-to-month,Yes,Mailed check,0,5,249
8603-IJWDN,No,Month-to-month,Yes,Electronic check,0,1,86
8605-ITULD,No,Month-to-month,No,Mailed check,0,1,19
8606-CIQUL,Yes,Two year,No,Credit card (automatic),0,72,"8,399"
8606-OEGQZ,No,Two year,No,Credit card (automatic),0,18,454
8608-OZTLB,No,One year,No,Electronic check,0,38,"2,802"
8610-WFCJF,No,Month-to-month,Yes,Electronic check,0,49,"4,783"
8610-ZIKJJ,No,One year,No,Mailed check,0,2,31
8612-GXIDD,No,Two year,No,Bank transfer (automatic),0,12,313
8614-VGMMV,No,Month-to-month,Yes,Electronic check,0,15,679
8617-ENBDS,No,Month-to-month,No,Credit card (automatic),0,3,232
8619-IJNDK,No,Two year,No,Credit card (automatic),0,71,"4,492"
8620-RJPZN,No,Month-to-month,No,Electronic check,0,1,20
8621-MNIHH,Yes,Month-to-month,Yes,Electronic check,0,34,"3,217"
8622-ZLFKO,No,Month-to-month,No,Electronic check,0,6,512
8623-TMRBY,Yes,Month-to-month,Yes,Electronic check,0,51,"4,146"
8623-ULFNQ,Yes,Month-to-month,No,Electronic check,0,26,"1,652"
8624-GIOUT,No,Month-to-month,Yes,Credit card (automatic),0,49,"2,934"
8625-AZYZY,No,Month-to-month,Yes,Electronic check,0,24,"2,542"
8626-PTQGE,No,Two year,No,Bank transfer (automatic),0,69,"4,176"
8626-XHBIE,No,Two year,No,Mailed check,0,56,"1,424"
8627-EHGIP,No,One year,Yes,Mailed check,0,44,"2,375"
8627-ZYGSZ,No,One year,No,Electronic check,0,47,"3,650"
8628-MFKAX,Yes,Two year,No,Credit card (automatic),0,72,"8,277"
8630-FJLIB,No,Month-to-month,No,Electronic check,0,18,"1,221"
8630-QSGXK,No,Two year,No,Bank transfer (automatic),0,51,"3,901"
8631-NBHFZ,Yes,Two year,Yes,Credit card (automatic),0,66,"5,154"
8631-WUXGY,No,Month-to-month,No,Electronic check,0,46,"4,391"
8631-XVRZL,No,One year,No,Mailed check,0,9,163
8634-CILSZ,No,One year,Yes,Bank transfer (automatic),0,69,"7,220"
8634-MPHTR,Yes,Month-to-month,Yes,Electronic check,0,47,"4,871"
8637-XJIVR,No,Month-to-month,Yes,Electronic check,0,12,927
8639-NHQEI,No,Two year,No,Bank transfer (automatic),0,72,"6,954"
8640-SDGKB,No,Month-to-month,Yes,Electronic check,0,4,299
8642-GVWRF,No,Month-to-month,Yes,Bank transfer (automatic),0,2,165
8644-XLFBW,Yes,Month-to-month,Yes,Electronic check,0,1,71
8644-XYTSV,No,Month-to-month,No,Bank transfer (automatic),0,42,"1,626"
8645-KOMJQ,No,Two year,No,Bank transfer (automatic),0,69,"5,601"
8645-KWHJO,No,Month-to-month,No,Electronic check,55,14,771
8646-JCOMS,No,One year,No,Bank transfer (automatic),0,66,"6,130"
8647-SDTWQ,No,Month-to-month,No,Electronic check,0,57,"4,018"
8648-PFRMP,Yes,Month-to-month,No,Electronic check,0,14,672
8650-RHRKE,No,Month-to-month,Yes,Electronic check,0,4,118
8651-ENBZX,Yes,One year,Yes,Electronic check,106,60,"6,441"
8652-YHIYU,No,One year,No,Credit card (automatic),0,16,"1,264"
8654-DHAOW,No,Month-to-month,No,Mailed check,0,2,101
8659-HDIYE,Yes,Month-to-month,No,Credit card (automatic),0,64,"4,869"
8659-IOOPU,No,Two year,No,Electronic check,0,71,"7,159"
8660-BUETV,No,Month-to-month,No,Mailed check,0,3,148
8661-BOYNW,No,Two year,No,Credit card (automatic),0,72,"6,096"
8663-UPDGF,No,Month-to-month,No,Bank transfer (automatic),0,26,"1,800"
8665-UTDHZ,No,Month-to-month,Yes,Electronic check,0,1,30
8668-KNZTI,No,One year,No,Electronic check,0,52,"2,790"
8670-ERCJH,No,Two year,No,Bank transfer (automatic),0,72,"8,164"
8670-MEFCP,No,Two year,No,Credit card (automatic),0,36,"3,379"
8671-KKKOS,No,Month-to-month,No,Electronic check,0,46,"2,062"
8672-OAUPW,No,One year,No,Credit card (automatic),0,51,"2,356"
8676-OOQEJ,No,Month-to-month,No,Electronic check,0,4,118
8676-TRMJS,No,Month-to-month,Yes,Mailed check,75,3,209
8677-HDZEE,No,Month-to-month,No,Bank transfer (automatic),0,56,"5,916"
8679-JOEVF,Yes,Month-to-month,Yes,Electronic check,0,16,"1,023"
8679-LZBMD,No,One year,No,Bank transfer (automatic),0,44,"3,974"
8680-CGLTP,No,One year,No,Electronic check,0,29,"1,696"
8681-ICONS,No,Month-to-month,No,Mailed check,0,29,654
8685-WHQPW,Yes,Month-to-month,Yes,Bank transfer (automatic),0,22,"1,692"
8687-BAFGU,No,Month-to-month,No,Electronic check,74,1,74
8690-UPCZI,No,One year,No,Bank transfer (automatic),0,29,"1,958"
8690-ZVLCL,No,Two year,No,Credit card (automatic),88,68,"6,161"
8695-ARGXZ,Yes,Month-to-month,No,Electronic check,0,34,"2,425"
8695-WDYEA,No,Month-to-month,No,Mailed check,0,1,51
8696-JKZNU,Yes,Month-to-month,Yes,Electronic check,0,37,"2,841"
8699-ASUFO,Yes,Month-to-month,Yes,Mailed check,0,7,527
8701-DGLVH,No,Two year,No,Mailed check,0,51,"1,042"
8705-DWKTI,No,Month-to-month,No,Credit card (automatic),0,52,"4,331"
8705-WZCYL,No,Month-to-month,No,Electronic check,0,1,44
8706-HRADD,No,Month-to-month,No,Mailed check,0,21,"1,011"
8707-HOEDG,No,Two year,No,Electronic check,0,70,"7,689"
8707-RMEZH,Yes,One year,No,Credit card (automatic),0,69,"6,055"
8708-XPXHZ,No,Month-to-month,Yes,Electronic check,0,42,"4,186"
8709-KRDVL,No,Month-to-month,No,Electronic check,100,33,"3,320"
8710-YGLWG,No,Month-to-month,No,Mailed check,0,1,44
8711-LOBKY,No,Two year,No,Mailed check,0,59,"1,188"
8713-IGZSO,No,Month-to-month,No,Mailed check,0,2,62
8714-CTZJW,No,Month-to-month,No,Credit card (automatic),0,4,319
8714-EUHJO,No,Month-to-month,Yes,Electronic check,0,31,"2,995"
8715-KKTFG,No,One year,No,Bank transfer (automatic),0,61,"6,518"
8717-VCTXJ,No,One year,No,Mailed check,0,42,839
8718-PTMEZ,No,Month-to-month,Yes,Electronic check,0,13,347
8720-RQSBJ,Yes,Month-to-month,No,Electronic check,44,1,44
8722-NGNBH,No,Month-to-month,Yes,Mailed check,40,5,223
8722-PRFDV,No,Two year,No,Credit card (automatic),0,71,"5,574"
8725-JEDFD,No,Month-to-month,No,Mailed check,0,27,"1,793"
8727-JQFHV,No,Two year,No,Mailed check,0,57,"1,123"
8727-XDPUD,No,Two year,No,Credit card (automatic),0,37,"1,316"
8728-SKJLR,No,Month-to-month,No,Electronic check,0,41,"3,089"
8731-WBBMB,No,Month-to-month,No,Bank transfer (automatic),0,26,"2,078"
8734-DKSTZ,No,Month-to-month,No,Electronic check,0,10,858
8734-FNWVH,No,Month-to-month,No,Bank transfer (automatic),0,31,"1,825"
8735-DCXNF,No,Month-to-month,No,Credit card (automatic),0,10,568
8735-IJJEG,No,Month-to-month,No,Credit card (automatic),0,14,668
8735-NBLWT,No,Month-to-month,No,Mailed check,0,9,184
8735-SDUFN,Yes,Two year,No,Bank transfer (automatic),0,72,"1,778"
8738-JOKAR,No,One year,No,Mailed check,0,42,"2,882"
8739-QOTTN,No,Month-to-month,No,Mailed check,0,2,41
8739-WWKDU,Yes,Month-to-month,Yes,Electronic check,0,25,"2,196"
8739-XNIKG,No,Month-to-month,No,Electronic check,84,5,424
8740-CRYFY,No,Month-to-month,Yes,Electronic check,0,1,78
8740-XLHDR,No,Month-to-month,Yes,Mailed check,0,5,219
8741-LQOBK,No,Month-to-month,No,Bank transfer (automatic),0,46,"1,620"
8745-PVESG,No,One year,No,Credit card (automatic),0,57,"2,258"
8746-BFOAJ,Yes,One year,No,Bank transfer (automatic),0,21,429
8746-OQQRW,No,Month-to-month,No,Mailed check,0,4,101
8747-UDCOI,No,Two year,No,Bank transfer (automatic),0,65,"1,319"
8748-HFWBO,No,One year,No,Mailed check,0,19,357
8749-CLJXC,No,Month-to-month,No,Mailed check,0,1,20
8749-JMNKX,Yes,Month-to-month,Yes,Bank transfer (automatic),0,51,"4,750"
8749-TZYEC,No,Two year,No,Credit card (automatic),0,72,"1,874"
8750-QWZAJ,No,Two year,No,Bank transfer (automatic),0,70,"1,378"
8751-EDEKA,No,Month-to-month,No,Credit card (automatic),0,28,"2,433"
8752-GHJFU,Yes,One year,No,Electronic check,92,71,"6,585"
8752-IMQOS,No,One year,No,Mailed check,0,5,85
8752-STIVR,No,Month-to-month,Yes,Electronic check,79,4,303
8755-IWJHN,Yes,Month-to-month,No,Bank transfer (automatic),0,69,"6,382"
8755-OGKNA,No,Two year,No,Bank transfer (automatic),0,57,"1,167"
8756-RDDLT,No,Month-to-month,No,Electronic check,0,68,"3,085"
8757-TFHHJ,No,Month-to-month,No,Credit card (automatic),0,1,49
8760-ZRHKE,Yes,One year,No,Electronic check,0,71,"4,982"
8761-NSOBC,No,Month-to-month,Yes,Electronic check,0,44,"4,398"
8763-KIAFH,No,One year,No,Mailed check,0,27,583
8766-PAFNE,No,Two year,No,Credit card (automatic),0,71,"5,564"
8769-KKTPH,No,One year,No,Credit card (automatic),0,63,"6,311"
8773-HHUOZ,No,Month-to-month,Yes,Mailed check,0,17,"1,093"
8774-GSBUN,No,Two year,No,Mailed check,0,72,"1,797"
8775-CEBBJ,No,Month-to-month,Yes,Bank transfer (automatic),0,9,403
8775-ERLNB,Yes,Month-to-month,No,Electronic check,0,1,74
8775-LHDJH,Yes,Month-to-month,Yes,Electronic check,0,1,90
8777-MBMTS,Yes,Two year,No,Credit card (automatic),0,65,"6,725"
8777-PVYGU,No,One year,No,Mailed check,0,52,"3,410"
8778-LMWTJ,No,Month-to-month,No,Electronic check,0,9,708
8779-QRDMV,Yes,Month-to-month,Yes,Electronic check,0,1,39
8779-YIQQA,No,One year,No,Mailed check,0,21,350
8780-IHCRN,No,Two year,No,Credit card (automatic),0,63,"1,574"
8780-IXSTS,No,Month-to-month,Yes,Electronic check,0,6,521
8780-RSYYU,No,Month-to-month,No,Credit card (automatic),0,25,532
8780-YRMTT,No,Two year,No,Mailed check,0,66,"3,177"
8782-LKFPK,No,Month-to-month,No,Mailed check,0,44,"4,063"
8782-NUUOL,No,One year,No,Mailed check,79,60,"4,801"
8784-CGILN,No,Month-to-month,Yes,Bank transfer (automatic),0,18,"1,776"
8785-CJSHH,No,Month-to-month,No,Electronic check,0,60,"5,985"
8785-EPNCG,No,Month-to-month,Yes,Credit card (automatic),0,11,245
8788-DOXSU,No,One year,No,Bank transfer (automatic),0,59,"3,645"
8791-GFXLZ,No,Month-to-month,No,Bank transfer (automatic),0,12,593
8792-AOROI,No,Two year,No,Mailed check,0,8,564
8799-OXZMD,No,Month-to-month,No,Mailed check,0,28,790
8800-JOOCF,No,Month-to-month,No,Electronic check,0,12,966
8800-ZKRFW,No,Month-to-month,No,Electronic check,0,30,"3,242"
8802-UNOJF,Yes,Month-to-month,Yes,Mailed check,0,12,"1,029"
8805-JNRAZ,No,Month-to-month,No,Mailed check,0,2,103
8806-EAGWC,No,Month-to-month,Yes,Mailed check,0,3,159
8807-ARQET,No,Month-to-month,No,Electronic check,0,41,"1,677"
8807-OPMBM,No,Two year,No,Credit card (automatic),0,55,"1,388"
8808-ELEHO,Yes,Month-to-month,Yes,Electronic check,0,8,585
8809-RIHDD,No,Two year,Yes,Electronic check,0,72,"7,372"
8809-XKHMD,No,Two year,No,Bank transfer (automatic),0,72,"7,325"
8812-ZRHFP,No,One year,No,Electronic check,0,30,"2,538"
8815-LMFLX,No,Month-to-month,No,Bank transfer (automatic),0,25,546
8816-VXNZD,No,Month-to-month,Yes,Electronic check,0,1,75
8818-DOPVL,Yes,Month-to-month,No,Electronic check,0,46,"4,863"
8818-XYFCQ,No,Month-to-month,Yes,Credit card (automatic),0,32,"3,204"
8819-IMISP,No,Month-to-month,No,Electronic check,0,31,"2,429"
8819-WFGGJ,No,Two year,No,Bank transfer (automatic),0,68,"3,794"
8819-ZBYNA,No,Two year,No,Credit card (automatic),0,58,"6,393"
8821-KVZKQ,No,One year,No,Bank transfer (automatic),0,70,"4,113"
8821-XNHVZ,No,Month-to-month,Yes,Mailed check,0,1,80
8822-KNBHV,No,One year,No,Credit card (automatic),0,48,"3,887"
8823-RLPWL,No,Two year,No,Credit card (automatic),0,72,"8,065"
8824-RWFXJ,No,Month-to-month,Yes,Mailed check,0,3,168
8835-VSDSE,No,Month-to-month,Yes,Electronic check,0,2,141
8837-VVWLQ,No,Month-to-month,Yes,Electronic check,0,8,668
8838-GPHZP,No,Two year,No,Mailed check,0,63,"1,298"
8840-DQLGN,Yes,Month-to-month,Yes,Bank transfer (automatic),0,35,"3,653"
8844-TONUD,No,Month-to-month,Yes,Mailed check,0,13,"1,162"
8845-LWKGE,No,One year,No,Electronic check,0,30,"1,985"
8847-GEOOQ,No,Month-to-month,No,Bank transfer (automatic),0,60,"3,582"
8849-AYPTR,No,Month-to-month,No,Electronic check,0,33,"2,964"
8849-GYOKR,No,One year,Yes,Bank transfer (automatic),0,54,"5,763"
8849-PRIQJ,No,One year,No,Electronic check,0,67,"7,281"
8851-RAGOV,No,Month-to-month,No,Mailed check,0,25,"1,837"
8853-TZDGH,No,Two year,No,Bank transfer (automatic),0,72,"8,012"
8854-CCVSQ,No,Month-to-month,Yes,Electronic check,0,18,"1,451"
8857-CUPFQ,No,Two year,No,Mailed check,0,63,"1,237"
8859-AXJZP,No,Two year,No,Mailed check,0,39,903
8859-DZTGQ,No,Two year,No,Mailed check,0,33,689
8859-YSTWS,No,One year,No,Bank transfer (automatic),0,48,"1,004"
8861-HGGKB,No,Month-to-month,Yes,Electronic check,0,10,830
8865-TNMNX,No,One year,No,Mailed check,0,10,475
8868-GAGIO,No,Month-to-month,No,Mailed check,0,45,"3,713"
8868-WOZGU,No,Month-to-month,Yes,Electronic check,0,28,"2,979"
8869-LIHMK,No,Two year,No,Bank transfer (automatic),0,64,"7,334"
8869-TORSS,No,One year,Yes,Credit card (automatic),0,48,"2,896"
8871-JLMHM,No,Two year,No,Credit card (automatic),0,68,"6,297"
8873-GLDMH,No,Month-to-month,No,Mailed check,0,6,401
8873-TMKGR,No,One year,No,Mailed check,0,29,529
8874-EJNSR,No,Two year,No,Mailed check,0,39,987
8875-AKBYH,Yes,Month-to-month,No,Electronic check,0,20,"1,745"
8878-HMWBV,No,Month-to-month,Yes,Electronic check,0,3,169
8878-RYUKI,No,Month-to-month,No,Electronic check,0,52,"3,043"
8879-XUAHX,No,Two year,No,Electronic check,0,71,"8,564"
8879-ZKJOF,No,One year,No,Bank transfer (automatic),0,41,"3,320"
8882-TLVRW,No,Two year,No,Mailed check,0,69,"2,779"
8883-ANODQ,No,Two year,No,Credit card (automatic),0,68,"5,746"
8883-GRDWQ,Yes,One year,No,Mailed check,54,20,"1,055"
8884-ADFVN,Yes,Month-to-month,Yes,Electronic check,0,7,700
8884-FEEWR,No,One year,No,Bank transfer (automatic),0,35,754
8884-MRNSU,No,One year,No,Bank transfer (automatic),0,17,329
8885-QSQBX,No,Month-to-month,No,Bank transfer (automatic),0,1,49
8887-IPQNC,No,Month-to-month,No,Mailed check,0,7,313
8894-JVDCV,No,One year,No,Credit card (automatic),0,62,"7,133"
8896-BQTTI,No,Month-to-month,No,Mailed check,25,1,25
8896-RAZCR,No,Two year,No,Mailed check,0,44,868
8898-KASCD,No,One year,No,Mailed check,0,39,"1,309"
8901-HJXTF,No,Month-to-month,Yes,Mailed check,0,12,309
8901-UPRHR,No,Two year,No,Bank transfer (automatic),0,72,"7,711"
8902-ZEOVF,No,One year,No,Mailed check,0,47,951
8903-WMRNW,No,Month-to-month,No,Electronic check,0,15,"1,669"
8903-XEBGX,No,Month-to-month,No,Electronic check,0,2,108
8904-OPDCK,Yes,Month-to-month,No,Bank transfer (automatic),0,54,"1,364"
8905-IAZPF,No,One year,No,Credit card (automatic),0,69,"6,744"
8908-NMQTX,No,Two year,No,Bank transfer (automatic),0,72,"4,566"
8908-SLFCJ,No,Two year,No,Credit card (automatic),0,21,435
8909-BOLNL,No,One year,No,Mailed check,0,3,52
8910-ICHIU,No,One year,No,Credit card (automatic),0,46,"4,664"
8910-LEDAG,Yes,Month-to-month,No,Credit card (automatic),0,34,"2,427"
8914-RBTSB,No,Month-to-month,Yes,Electronic check,0,31,"3,019"
8915-NNTRC,No,Two year,No,Credit card (automatic),0,72,"7,919"
8917-FAEMR,No,Two year,No,Mailed check,0,37,784
8917-SZTTJ,No,Two year,No,Credit card (automatic),0,60,"1,161"
8919-FYFQZ,Yes,Month-to-month,Yes,Electronic check,0,44,"1,359"
8920-NAVAY,Yes,One year,No,Bank transfer (automatic),0,62,"7,053"
8922-LIEGH,Yes,Month-to-month,Yes,Electronic check,0,25,"2,187"
8922-NPKBJ,No,Two year,No,Mailed check,0,42,867
8929-KSWIH,No,Two year,No,Bank transfer (automatic),0,25,"2,513"
8930-XOTDP,No,Month-to-month,No,Mailed check,0,18,"1,082"
8931-GJJIQ,No,Month-to-month,Yes,Electronic check,0,9,803
8932-CZHRQ,No,One year,No,Credit card (automatic),0,68,"5,233"
8937-RDTHP,No,Month-to-month,Yes,Mailed check,0,1,84
8938-UMKPI,No,Month-to-month,Yes,Electronic check,0,47,"5,127"
8942-DBMHZ,No,Month-to-month,No,Mailed check,0,12,255
8943-URTMR,No,Month-to-month,Yes,Mailed check,0,2,152
8944-AILEF,No,Month-to-month,No,Credit card (automatic),0,15,340
8945-GRKHX,No,Month-to-month,Yes,Electronic check,0,1,78
8945-MUQUF,No,One year,Yes,Electronic check,0,51,"4,837"
8946-BFWSG,No,Two year,No,Mailed check,0,63,"1,573"
8947-YRTDV,No,One year,No,Mailed check,0,32,"3,131"
8949-JTMAY,No,Month-to-month,Yes,Credit card (automatic),0,29,"2,933"
8950-MTZNV,No,Month-to-month,No,Mailed check,0,1,44
8952-WCVCD,No,One year,No,Bank transfer (automatic),0,41,"4,162"
8957-THMOA,No,Two year,No,Credit card (automatic),0,50,970
8958-JPTRR,No,One year,No,Electronic check,0,56,"1,261"
8961-QDZZJ,No,One year,No,Electronic check,95,57,"5,535"
8963-JLGJT,No,Month-to-month,No,Mailed check,0,3,157
8963-MQVYN,No,Month-to-month,No,Electronic check,0,22,469
8966-KZXXA,No,Two year,No,Credit card (automatic),0,36,930
8966-OIQHG,No,One year,No,Bank transfer (automatic),0,22,452
8966-SNIZF,No,Two year,No,Bank transfer (automatic),0,70,"1,303"
8967-SZQAS,No,Month-to-month,No,Electronic check,0,14,765
8969-PRHFK,No,One year,No,Mailed check,0,18,411
8970-ANWXO,No,One year,No,Mailed check,0,23,"1,756"
8972-HJWNV,Yes,Month-to-month,Yes,Electronic check,0,7,646
8974-OVACP,No,Month-to-month,No,Mailed check,0,1,20
8975-SKGRX,No,Two year,No,Bank transfer (automatic),0,71,"8,310"
8976-OQHGT,No,Month-to-month,Yes,Mailed check,0,4,235
8979-CAMGB,Yes,One year,No,Electronic check,0,64,"6,688"
8980-WQFWL,No,Month-to-month,No,Electronic check,0,35,"2,096"
8981-FJGLA,No,Month-to-month,No,Mailed check,78,11,851
8982-NHAVY,No,One year,No,Bank transfer (automatic),0,27,"2,673"
8984-EYLLL,No,Two year,No,Electronic check,0,64,"6,823"
8984-HPEMB,No,Two year,No,Electronic check,0,71,"8,477"
8985-OOPOS,No,One year,No,Credit card (automatic),0,1,74
8988-ECPJR,Yes,Month-to-month,Yes,Mailed check,0,34,"2,718"
8990-YOZLV,No,Two year,No,Mailed check,0,69,"4,577"
8990-ZXLSU,No,Month-to-month,No,Electronic check,0,9,651
8992-CEUEN,No,Month-to-month,No,Electronic check,0,1,18
8992-JQYUN,No,Month-to-month,Yes,Electronic check,0,1,50
8992-OBVDG,No,Month-to-month,No,Mailed check,0,21,"1,393"
8992-VONJD,No,Month-to-month,No,Electronic check,56,13,764
8993-IZEUX,No,Month-to-month,No,Bank transfer (automatic),0,7,488
8993-PHFWD,No,Month-to-month,Yes,Electronic check,0,3,58
8996-ZROXE,Yes,One year,No,Electronic check,0,57,"3,035"
8999-BOHSE,Yes,Month-to-month,Yes,Bank transfer (automatic),0,11,"1,047"
8999-EXMNO,No,Two year,No,Mailed check,0,19,387
8999-XXGNS,Yes,One year,No,Credit card (automatic),0,72,"7,629"
8999-YPYBV,No,Two year,No,Mailed check,0,45,"3,858"
9000-PLFUZ,Yes,Two year,No,Credit card (automatic),0,60,"2,907"
9003-CPATH,No,Month-to-month,No,Electronic check,0,42,"3,313"
9013-AQORL,No,Month-to-month,No,Credit card (automatic),0,48,"2,108"
9018-PCIOK,No,Two year,No,Mailed check,0,55,"3,617"
9019-QVLZD,No,Month-to-month,Yes,Electronic check,0,1,79
9025-AOMKI,No,Month-to-month,Yes,Bank transfer (automatic),0,6,536
9025-ZRPVR,No,Month-to-month,Yes,Mailed check,0,9,185
9026-LHEVG,No,Month-to-month,No,Electronic check,0,9,359
9026-RNUJS,Yes,Month-to-month,Yes,Electronic check,0,5,237
9027-TMATR,No,Two year,No,Electronic check,0,43,"3,460"
9027-YFHQJ,No,Month-to-month,No,Bank transfer (automatic),0,7,152
9028-LIHRP,No,Two year,No,Credit card (automatic),0,71,"7,209"
9029-FEGVJ,Yes,Month-to-month,No,Mailed check,0,32,"2,570"
9030-QGZNL,No,Two year,No,Mailed check,0,8,161
9031-ZVQPT,No,Two year,No,Electronic check,0,72,"7,840"
9033-EOXWV,No,One year,Yes,Mailed check,0,12,872
9036-CSKBW,No,One year,No,Bank transfer (automatic),0,51,"5,680"
9039-RBEEE,No,Month-to-month,Yes,Credit card (automatic),0,39,"1,880"
9039-ZVJDC,No,Month-to-month,No,Mailed check,0,3,53
9040-KZVWO,No,One year,No,Bank transfer (automatic),0,26,"2,018"
9046-DQMTP,No,Month-to-month,No,Bank transfer (automatic),0,35,739
9046-JBFWA,No,Month-to-month,No,Mailed check,0,27,537
9048-JVYVF,No,Month-to-month,Yes,Electronic check,0,3,191
9050-IKDZA,Yes,Month-to-month,No,Mailed check,0,2,162
9050-QLROH,No,Month-to-month,Yes,Credit card (automatic),0,18,"1,597"
9052-DHNKM,No,One year,No,Electronic check,0,26,"1,581"
9052-VKDUW,Yes,Month-to-month,No,Credit card (automatic),0,65,"7,227"
9053-EJUNL,No,Month-to-month,No,Electronic check,0,41,"3,645"
9053-JZFKV,No,Two year,Yes,Credit card (automatic),0,67,"7,752"
9054-FOWNV,No,Month-to-month,No,Electronic check,0,22,"1,885"
9055-MOJJJ,No,One year,No,Mailed check,0,64,"4,068"
9057-MSWCO,Yes,Month-to-month,Yes,Credit card (automatic),0,27,805
9057-SIHCH,No,Month-to-month,Yes,Electronic check,0,3,291
9058-CBREO,Yes,Month-to-month,Yes,Mailed check,0,1,50
9058-HRZSV,Yes,Month-to-month,No,Electronic check,0,65,"6,126"
9058-MJLZC,No,Month-to-month,No,Electronic check,0,24,"2,283"
9060-HJJRW,No,One year,No,Credit card (automatic),0,51,"2,928"
9061-TIHDA,Yes,Month-to-month,Yes,Electronic check,0,13,"1,233"
9063-ZGTUY,No,Month-to-month,Yes,Mailed check,0,61,"1,182"
9065-ZCPQX,No,Two year,No,Bank transfer (automatic),0,72,"5,763"
9066-QRSDU,No,One year,No,Electronic check,0,69,"1,763"
9067-SQTNS,No,One year,No,Bank transfer (automatic),0,44,926
9067-YGSCA,No,One year,No,Credit card (automatic),0,70,"1,856"
9068-FHQHD,No,Two year,No,Bank transfer (automatic),0,40,777
9068-VPWQQ,No,Two year,No,Credit card (automatic),0,61,"4,729"
9069-LGEUL,No,Month-to-month,No,Bank transfer (automatic),0,23,"1,406"
9070-BCKQP,No,Two year,No,Credit card (automatic),0,72,"7,881"
9073-ZZIAY,No,Two year,No,Electronic check,0,62,"5,215"
9074-KGVOX,No,Month-to-month,No,Credit card (automatic),0,50,"2,021"
9076-AXYIK,Yes,Two year,No,Electronic check,0,64,"6,538"
9079-LWTFD,No,Month-to-month,No,Mailed check,0,47,"4,669"
9079-YEXQJ,No,Month-to-month,Yes,Electronic check,0,54,"6,014"
9081-WWXKP,No,Two year,No,Credit card (automatic),0,47,873
9084-OAYKL,No,Two year,No,Mailed check,0,58,"1,212"
9086-YJYXS,No,One year,No,Bank transfer (automatic),0,34,"2,753"
9087-EYCPR,No,Two year,No,Mailed check,25,60,"1,505"
9089-UOWJG,No,Month-to-month,No,Credit card (automatic),0,12,740
9090-SGQXL,Yes,Month-to-month,Yes,Electronic check,0,68,"7,299"
9091-WTUUY,No,Two year,No,Mailed check,0,64,"4,447"
9092-GDZKO,No,Month-to-month,No,Credit card (automatic),0,22,493
9093-FPDLG,No,Month-to-month,No,Electronic check,0,11,999
9094-AZPHK,No,Month-to-month,No,Electronic check,0,15,"1,415"
9095-HFAFX,No,Month-to-month,Yes,Credit card (automatic),81,5,389
9097-ZUBYC,No,Month-to-month,No,Bank transfer (automatic),0,14,664
9099-FTUHS,No,Month-to-month,No,Electronic check,0,23,"1,249"
9101-BWFSS,No,One year,Yes,Electronic check,0,50,"5,610"
9101-NTIXF,No,Month-to-month,No,Mailed check,0,2,50
9102-IAYHT,No,Month-to-month,Yes,Electronic check,0,17,"1,451"
9102-OXKFY,No,Two year,No,Credit card (automatic),0,59,"3,116"
9103-CXVOK,No,Month-to-month,No,Electronic check,0,1,19
9103-TCIHJ,No,Month-to-month,Yes,Mailed check,0,15,899
9107-UKCKY,No,One year,No,Electronic check,0,61,"4,914"
9108-EJFJP,No,Month-to-month,No,Mailed check,0,1,53
9108-EQPNQ,No,Two year,No,Credit card (automatic),0,10,225
9110-HSGTV,No,Two year,No,Credit card (automatic),0,69,"5,555"
9112-WSNPU,Yes,Month-to-month,No,Electronic check,0,35,"2,419"
9114-AAFQH,No,One year,No,Electronic check,0,48,"3,094"
9114-DPSIA,No,Two year,No,Credit card (automatic),81,72,"5,750"
9114-VEPUF,No,One year,No,Electronic check,0,62,"6,001"
9115-YQHGA,No,Month-to-month,No,Electronic check,0,40,"2,092"
9117-SHLZX,No,Month-to-month,Yes,Mailed check,0,1,45
9121-PHQSR,Yes,Month-to-month,No,Credit card (automatic),0,16,"1,391"
9122-UMROB,No,Month-to-month,No,Mailed check,0,1,20
9124-LHCJQ,No,Month-to-month,Yes,Mailed check,0,1,85
9127-FHJBZ,No,Two year,No,Electronic check,114,72,"8,093"
9127-QRZMH,No,One year,No,Bank transfer (automatic),0,44,"2,603"
9128-CPXKI,No,Two year,No,Electronic check,0,59,"5,655"
9129-UXERG,Yes,Month-to-month,No,Credit card (automatic),0,18,"1,806"
9133-AYJZG,No,Month-to-month,No,Credit card (automatic),0,23,"2,249"
9134-CEQMF,Yes,Month-to-month,Yes,Electronic check,0,7,676
9134-WYRVP,No,One year,No,Mailed check,0,51,"4,267"
9135-HSWOC,No,Two year,No,Bank transfer (automatic),0,64,"1,274"
9135-MGVPY,No,Two year,No,Mailed check,0,69,"5,878"
9136-ALYBR,No,Month-to-month,Yes,Mailed check,0,1,24
9137-NOQKA,Yes,Month-to-month,No,Electronic check,0,2,37
9137-UIYPG,No,Month-to-month,No,Electronic check,0,35,"3,756"
9138-EFSMO,No,One year,No,Bank transfer (automatic),0,26,"2,034"
9139-TWBAS,No,One year,No,Bank transfer (automatic),0,26,"1,190"
9139-WQQDY,No,One year,Yes,Mailed check,0,49,"4,941"
9140-CZQZZ,No,Two year,No,Bank transfer (automatic),0,68,"5,515"
9142-KZXOP,No,Month-to-month,No,Credit card (automatic),0,44,"2,958"
9142-XMYJH,No,Month-to-month,No,Credit card (automatic),0,29,601
9143-CANJF,No,Month-to-month,No,Electronic check,0,24,"1,319"
9146-JRIOX,No,Month-to-month,No,Mailed check,0,14,372
9150-HEPMB,No,One year,No,Mailed check,0,56,"3,019"
9150-KPBJQ,No,Two year,No,Credit card (automatic),0,6,116
9152-AMKAK,No,Two year,No,Mailed check,0,6,493
9153-BTBVV,No,Two year,No,Bank transfer (automatic),25,71,"1,753"
9154-QDGTH,No,One year,No,Credit card (automatic),0,43,"4,451"
9158-VCTQB,No,Month-to-month,Yes,Bank transfer (automatic),0,41,"4,594"
9163-GHAYE,No,Month-to-month,No,Electronic check,0,15,736
9167-APMXZ,No,Month-to-month,No,Bank transfer (automatic),0,22,"1,821"
9168-INPSZ,Yes,Month-to-month,No,Electronic check,0,44,"4,495"
9169-BSVIN,No,Month-to-month,No,Bank transfer (automatic),0,12,827
9170-ARBTB,No,One year,No,Credit card (automatic),0,52,"1,012"
9170-CCKOU,No,Month-to-month,Yes,Credit card (automatic),0,17,"1,454"
9170-GYZJC,No,Month-to-month,Yes,Credit card (automatic),0,41,"3,326"
9172-ANCRX,No,Month-to-month,Yes,Electronic check,0,10,973
9172-JITSM,No,Month-to-month,Yes,Electronic check,0,26,"2,361"
9173-IVZVP,No,Two year,No,Mailed check,0,53,"1,146"
9174-FKWZE,Yes,Month-to-month,Yes,Electronic check,0,1,19
9174-IHETN,No,Two year,No,Credit card (automatic),0,50,"3,533"
9178-JHUVJ,No,Two year,No,Bank transfer (automatic),0,24,587
9184-GALIL,No,Month-to-month,No,Mailed check,0,38,781
9185-TQCVP,No,Month-to-month,Yes,Electronic check,0,14,"1,139"
9189-JWSHV,Yes,Month-to-month,Yes,Electronic check,0,24,"2,264"
9190-MFJLN,Yes,Month-to-month,Yes,Credit card (automatic),0,19,"1,777"
9191-MYQKX,No,Month-to-month,Yes,Bank transfer (automatic),0,7,496
9194-GFVOI,No,Two year,No,Credit card (automatic),0,42,"3,571"
9199-PWQVC,No,One year,No,Credit card (automatic),0,63,"4,786"
9200-NLNPD,No,One year,No,Bank transfer (automatic),0,56,"2,959"
9206-GVPEQ,No,Month-to-month,Yes,Electronic check,0,13,706
9207-ZPANB,No,One year,No,Electronic check,0,37,"2,443"
9208-OLGAQ,Yes,Month-to-month,No,Electronic check,0,18,"1,443"
9209-NWPGU,No,One year,No,Electronic check,0,44,"2,774"
9210-IAHGH,No,Month-to-month,Yes,Credit card (automatic),0,7,450
9214-EKVXR,No,Month-to-month,No,Mailed check,44,1,44
9220-CXRSC,No,Two year,No,Credit card (automatic),0,69,"4,059"
9220-ZNKJI,Yes,Two year,No,Credit card (automatic),0,55,"4,805"
9221-OTIVJ,Yes,Month-to-month,Yes,Electronic check,0,14,"1,531"
9223-UCPVT,No,Month-to-month,Yes,Electronic check,0,1,94
9224-VTYID,No,Two year,No,Mailed check,0,47,"4,318"
9225-BZLNZ,No,Two year,No,Electronic check,0,72,"6,083"
9227-LUNBG,No,Month-to-month,Yes,Electronic check,0,1,24
9227-UAQFT,No,Two year,No,Mailed check,0,16,284
9227-YBAXE,No,Two year,No,Bank transfer (automatic),0,65,"5,215"
9229-RQABD,No,One year,No,Mailed check,0,18,424
9231-ZJYAM,Yes,Month-to-month,Yes,Electronic check,0,4,292
9233-PSYHO,Yes,One year,No,Bank transfer (automatic),0,45,"4,459"
9236-NDUCW,No,Two year,No,Mailed check,0,21,770
9237-HQITU,No,Month-to-month,Yes,Electronic check,0,2,151
9239-GZHZE,No,Two year,No,Credit card (automatic),0,72,"8,124"
9239-ZBZZV,No,Month-to-month,Yes,Electronic check,0,6,305
9242-TKFSV,No,Two year,No,Credit card (automatic),0,72,"4,754"
9244-ZVAPM,No,Month-to-month,No,Mailed check,0,1,45
9248-OJYKK,Yes,Month-to-month,Yes,Electronic check,0,1,76
9249-FXSCK,No,One year,Yes,Credit card (automatic),0,52,"5,916"
9250-WYPLL,No,Month-to-month,Yes,Electronic check,0,5,413
9251-AWQGT,No,Two year,No,Mailed check,20,48,935
9251-WNSOD,No,One year,No,Mailed check,0,67,"5,064"
9253-QXKBE,Yes,Month-to-month,Yes,Electronic check,0,29,"2,653"
9253-VIFJQ,No,One year,No,Credit card (automatic),0,65,"4,309"
9254-RBFON,No,One year,Yes,Bank transfer (automatic),0,17,"1,704"
9256-JTBNZ,No,Month-to-month,No,Bank transfer (automatic),0,11,246
9257-AZMTZ,No,Two year,No,Bank transfer (automatic),0,52,"1,078"
9258-CNWAC,No,Two year,No,Credit card (automatic),0,71,"8,166"
9259-PACGQ,No,Month-to-month,Yes,Electronic check,0,34,"2,274"
9261-WDCAF,No,Month-to-month,No,Mailed check,0,3,189
9269-CQOOL,No,Month-to-month,Yes,Credit card (automatic),0,3,169
9272-LSVYH,No,Month-to-month,No,Mailed check,0,10,735
9274-CNFMO,Yes,Month-to-month,Yes,Electronic check,0,4,308
9274-UARKJ,No,Month-to-month,No,Bank transfer (automatic),0,15,"1,130"
9277-JOOMO,No,Month-to-month,No,Mailed check,0,3,86
9278-VZKCD,Yes,Month-to-month,No,Electronic check,0,52,"5,647"
9279-CJEOJ,Yes,Month-to-month,No,Bank transfer (automatic),0,21,"2,025"
9281-CEDRU,No,Two year,No,Bank transfer (automatic),0,68,"4,326"
9281-OFDMF,Yes,Month-to-month,No,Electronic check,0,39,"3,413"
9281-PKKZE,No,Month-to-month,No,Electronic check,0,46,"2,007"
9282-IZGQK,No,Month-to-month,Yes,Electronic check,85,1,85
9283-LZQOH,No,Month-to-month,Yes,Credit card (automatic),0,13,896
9286-BHDQG,No,Two year,No,Credit card (automatic),0,72,"3,139"
9286-DOJGF,Yes,Month-to-month,Yes,Bank transfer (automatic),0,38,"2,869"
9289-LBQVU,No,One year,No,Mailed check,0,64,"4,480"
9290-SHCMB,Yes,Month-to-month,No,Electronic check,0,13,"1,235"
9294-TDIPC,No,Month-to-month,No,Mailed check,0,5,83
9297-EONCV,No,Two year,No,Bank transfer (automatic),0,72,"6,697"
9297-FVVDH,No,Two year,No,Electronic check,0,57,"4,845"
9298-WGMRW,No,Two year,No,Bank transfer (automatic),0,72,"8,312"
9300-AGZNL,Yes,Month-to-month,Yes,Electronic check,94,1,94
9300-RENDD,No,Month-to-month,Yes,Electronic check,0,1,79
9305-CDSKC,No,Month-to-month,Yes,Electronic check,0,8,820
9306-CPCBC,No,Month-to-month,Yes,Electronic check,0,3,210
9308-ANMVE,No,Month-to-month,No,Electronic check,0,47,"2,654"
9309-BZGNT,Yes,One year,No,Credit card (automatic),0,69,"2,134"
9313-CDOGY,No,Month-to-month,No,Electronic check,0,38,717
9313-QOLTZ,No,Month-to-month,No,Mailed check,0,26,518
9314-IJWSQ,No,Month-to-month,No,Electronic check,0,14,"1,203"
9314-QDMDW,No,One year,No,Electronic check,0,11,729
9317-WZPGV,Yes,Month-to-month,Yes,Bank transfer (automatic),0,2,159
9318-NKNFC,No,Month-to-month,Yes,Mailed check,0,1,18
9323-HGFWY,No,One year,No,Credit card (automatic),0,27,"2,681"
9327-QSDED,No,Month-to-month,No,Mailed check,0,8,335
9330-DHBFL,No,One year,No,Mailed check,0,23,"1,533"
9330-IJWIO,No,Month-to-month,Yes,Electronic check,0,13,"1,358"
9330-VOFSZ,No,Two year,No,Credit card (automatic),0,60,"6,640"
9332-GYWLO,No,Month-to-month,No,Electronic check,0,6,355
9334-GWGOW,Yes,Month-to-month,No,Electronic check,0,7,485
9337-SRRNI,No,Two year,No,Credit card (automatic),0,66,"1,673"
9339-FIIJL,No,Two year,No,Bank transfer (automatic),0,72,"6,151"
9342-VNIMQ,No,Month-to-month,No,Bank transfer (automatic),0,33,"1,665"
9347-AERRL,No,One year,No,Credit card (automatic),0,23,486
9348-ROUAI,No,Two year,No,Credit card (automatic),0,59,"5,194"
9348-YVOMK,No,Month-to-month,No,Credit card (automatic),0,4,176
9350-VLHMB,No,Month-to-month,No,Bank transfer (automatic),0,67,"6,373"
9350-ZXYJC,No,Two year,No,Credit card (automatic),0,4,116
9351-HXDMR,No,Two year,No,Credit card (automatic),0,72,"8,240"
9351-LZYGF,No,Month-to-month,No,Credit card (automatic),0,42,"2,727"
9355-NPPFS,Yes,Month-to-month,No,Electronic check,0,26,"2,006"
9356-AXGMP,No,One year,No,Electronic check,0,38,"4,428"
9357-UJRUN,No,One year,No,Electronic check,0,24,"1,346"
9359-JANWS,No,Two year,No,Credit card (automatic),0,65,"3,857"
9359-UGBTK,No,One year,No,Bank transfer (automatic),0,67,"4,991"
9360-AHGNL,Yes,One year,Yes,Mailed check,0,43,"4,830"
9360-OMDZZ,No,Month-to-month,No,Electronic check,0,24,"2,322"
9361-YNQWJ,No,One year,No,Bank transfer (automatic),0,64,"1,601"
9362-MWODR,No,Month-to-month,No,Credit card (automatic),0,40,"2,460"
9364-YKUVW,No,Month-to-month,No,Mailed check,0,15,309
9365-CSLBQ,No,Two year,No,Mailed check,0,71,"1,654"
9365-SRSZE,Yes,Month-to-month,No,Electronic check,0,27,"1,943"
9367-OIUXP,No,Month-to-month,No,Mailed check,0,4,73
9367-TCUYN,No,Month-to-month,No,Mailed check,0,12,223
9367-WXLCH,No,Month-to-month,Yes,Bank transfer (automatic),0,8,662
9369-XFEHK,Yes,Month-to-month,Yes,Bank transfer (automatic),0,33,"2,656"
9371-BITHB,No,Two year,No,Mailed check,0,52,"1,070"
9372-TXXPS,No,Two year,No,Bank transfer (automatic),0,60,"3,483"
9373-WSLOY,Yes,Month-to-month,No,Electronic check,50,33,"1,750"
9374-YOLBJ,No,Month-to-month,No,Electronic check,0,1,19
9375-MHRRS,No,Month-to-month,No,Mailed check,0,6,288
9378-FXTIZ,No,One year,Yes,Credit card (automatic),0,54,"3,715"
9381-NDKME,Yes,Month-to-month,Yes,Credit card (automatic),0,24,933
9385-EHGDO,No,Two year,No,Mailed check,0,35,739
9385-NXKDA,No,Two year,No,Credit card (automatic),0,72,"5,919"
9386-LDCZR,No,One year,No,Credit card (automatic),0,43,"3,882"
9388-ZEYVT,No,One year,No,Electronic check,0,43,"1,931"
9389-ACWBI,No,Month-to-month,No,Credit card (automatic),0,5,320
9391-DXGGG,Yes,One year,No,Credit card (automatic),0,44,"3,990"
9391-EOYLI,Yes,Month-to-month,Yes,Electronic check,0,12,950
9391-LMANN,No,One year,No,Electronic check,0,53,"5,036"
9391-TTOYH,No,Month-to-month,No,Mailed check,0,23,470
9391-YZEJW,No,One year,No,Bank transfer (automatic),94,62,"5,757"
9392-XBGTD,No,Two year,No,Mailed check,0,27,581
9396-ZSFLL,No,Month-to-month,No,Mailed check,0,15,631
9397-TZSHA,No,Two year,No,Credit card (automatic),0,69,"1,678"
9398-MMQTO,No,Month-to-month,No,Credit card (automatic),0,3,221
9399-APLBT,No,Month-to-month,Yes,Electronic check,0,1,74
9402-CXWPL,No,One year,No,Electronic check,0,70,"6,838"
9402-ORRAH,Yes,Month-to-month,No,Electronic check,0,15,"1,400"
9402-ROUMJ,No,One year,No,Bank transfer (automatic),0,67,"6,689"
9405-GPBBG,No,Two year,No,Credit card (automatic),0,64,"7,069"
9408-HRXRK,No,Month-to-month,No,Electronic check,0,45,"4,730"
9408-SSNVZ,No,Month-to-month,Yes,Electronic check,0,4,268
9411-TPQQV,No,One year,No,Bank transfer (automatic),0,40,"2,236"
9412-ARGBX,No,Two year,Yes,Mailed check,0,48,"4,627"
9412-GHEEC,No,Month-to-month,Yes,Bank transfer (automatic),0,40,"4,131"
9415-DPEWS,No,Month-to-month,Yes,Electronic check,0,18,"1,639"
9415-TPKRV,No,Month-to-month,No,Electronic check,0,8,446
9415-ZNBSX,No,Two year,No,Bank transfer (automatic),89,70,"6,293"
9418-RUKPH,No,Two year,No,Mailed check,0,38,756
9419-IPPBE,No,One year,No,Electronic check,0,51,"4,554"
9420-LOJKX,No,Month-to-month,Yes,Credit card (automatic),0,15,"1,426"
9424-CMPOG,No,Two year,No,Mailed check,0,9,197
9426-SXNHE,No,Month-to-month,No,Bank transfer (automatic),0,2,53
9430-FRQOC,No,Month-to-month,Yes,Mailed check,0,4,341
9430-NKQLY,No,Two year,No,Credit card (automatic),0,72,"1,790"
9432-RUVSL,No,Two year,No,Credit card (automatic),0,48,"4,904"
9432-VOFYX,No,Month-to-month,No,Electronic check,0,17,"1,207"
9435-JMLSX,No,Two year,No,Bank transfer (automatic),0,71,"6,045"
9436-ZBZCT,No,Month-to-month,Yes,Electronic check,0,14,"1,178"
9441-QHEVC,No,Month-to-month,No,Mailed check,0,1,19
9442-JTWDL,No,One year,No,Credit card (automatic),0,11,237
9443-JUBUO,No,Two year,No,Credit card (automatic),0,72,"4,478"
9444-JTXHZ,No,Month-to-month,Yes,Electronic check,0,1,76
9445-SZLCH,No,Month-to-month,Yes,Bank transfer (automatic),0,36,"3,457"
9445-ZUEQE,No,Month-to-month,No,Credit card (automatic),0,27,"2,151"
9447-YPTBX,No,One year,No,Bank transfer (automatic),0,50,943
9448-REEVD,No,Month-to-month,Yes,Credit card (automatic),0,1,44
9450-TRJUU,No,Month-to-month,No,Electronic check,0,35,"2,848"
9451-LPGOO,No,Month-to-month,Yes,Electronic check,0,7,620
9451-WLYRI,No,One year,No,Credit card (automatic),0,53,990
9453-PATOS,No,Two year,No,Mailed check,0,72,"6,155"
9462-MJUAW,No,Month-to-month,Yes,Mailed check,0,4,206
9465-RWMXL,No,Month-to-month,Yes,Electronic check,0,32,"2,447"
9467-ROOLM,No,Month-to-month,No,Mailed check,0,25,461
9469-WEJBT,No,Month-to-month,No,Electronic check,0,37,"3,419"
9470-RTWDV,No,One year,No,Credit card (automatic),82,26,"2,083"
9470-XCCEM,No,Month-to-month,No,Bank transfer (automatic),0,35,"3,161"
9470-YFUYI,Yes,One year,No,Bank transfer (automatic),71,71,"5,012"
9473-CBZOP,No,One year,No,Mailed check,59,28,"1,654"
9474-PHLYD,No,Month-to-month,Yes,Electronic check,0,15,892
9475-NNDGC,No,One year,No,Bank transfer (automatic),0,71,"7,953"
9477-LGWQI,No,Two year,No,Credit card (automatic),0,70,"5,600"
9479-HYNYL,No,Two year,No,Credit card (automatic),0,71,"5,705"
9480-BQJEI,No,One year,No,Bank transfer (automatic),0,62,"5,731"
9481-IEBZY,Yes,Month-to-month,No,Credit card (automatic),0,72,"8,061"
9481-SFCQY,No,Month-to-month,No,Credit card (automatic),0,14,824
9481-WHGWY,No,Two year,No,Credit card (automatic),0,70,"5,437"
9483-GCPWE,No,One year,No,Mailed check,0,9,190
9488-FVZCC,No,Two year,No,Bank transfer (automatic),0,72,"5,661"
9488-FYQAU,No,Two year,No,Bank transfer (automatic),0,63,"6,841"
9488-HGMJH,Yes,Month-to-month,Yes,Electronic check,0,1,71
9489-DEDVP,No,Two year,No,Credit card (automatic),0,70,"4,872"
9489-JMTTN,No,Two year,No,Credit card (automatic),0,72,"6,595"
9489-UTFKA,Yes,Month-to-month,No,Bank transfer (automatic),0,8,551
9490-DFPMD,Yes,Month-to-month,Yes,Electronic check,0,42,"3,541"
9492-TOKRI,No,Month-to-month,Yes,Credit card (automatic),90,18,"1,527"
9494-BDNNC,No,One year,No,Electronic check,0,66,"6,273"
9494-MRNYX,No,Month-to-month,No,Electronic check,0,10,786
9495-REDIY,No,One year,No,Credit card (automatic),0,25,970
9495-SKLKD,No,Month-to-month,No,Bank transfer (automatic),0,45,"4,456"
9496-IVVRP,No,Month-to-month,No,Bank transfer (automatic),51,11,581
9497-QCMMS,Yes,Month-to-month,Yes,Electronic check,0,1,93
9498-FIMXL,No,One year,No,Mailed check,0,8,161
9499-XPZXM,No,Two year,No,Bank transfer (automatic),0,72,"4,804"
9500-IWPXQ,No,One year,No,Electronic check,0,61,"4,820"
9500-LTVBP,No,Month-to-month,No,Credit card (automatic),0,35,"2,835"
9500-WBGRP,No,Two year,No,Mailed check,0,69,"1,268"
9501-UKKNL,No,Month-to-month,No,Electronic check,0,59,"3,005"
9503-XJUME,No,One year,No,Credit card (automatic),0,52,928
9504-DSHWM,No,Month-to-month,No,Bank transfer (automatic),0,20,"1,191"
9504-YAZWB,No,Two year,No,Mailed check,0,53,"1,048"
9505-SQFSW,No,Month-to-month,No,Mailed check,0,3,92
9506-UXUSK,No,Month-to-month,No,Electronic check,0,13,931
9507-EXLTT,No,Month-to-month,Yes,Bank transfer (automatic),0,1,79
9507-HSMMZ,No,Two year,No,Mailed check,20,54,"1,149"
9508-ILZDG,Yes,Month-to-month,No,Electronic check,0,34,"3,190"
9509-MPYOD,No,One year,No,Mailed check,0,35,700
9512-PHSMG,No,Month-to-month,No,Mailed check,0,10,252
9512-UIBFX,No,Month-to-month,Yes,Mailed check,0,18,"1,779"
9513-DXHDA,No,One year,No,Electronic check,0,27,"2,212"
9514-JDSKI,Yes,Month-to-month,Yes,Electronic check,0,1,40
9518-IMLHK,No,Month-to-month,No,Bank transfer (automatic),0,31,"2,156"
9518-RWHZL,No,One year,Yes,Credit card (automatic),0,64,"6,254"
9518-XXBXE,Yes,Month-to-month,No,Electronic check,0,10,720
9522-BNTHX,Yes,Month-to-month,No,Electronic check,0,34,"1,765"
9522-ZSINC,No,One year,No,Electronic check,0,13,253
9524-EGPJC,No,Month-to-month,Yes,Electronic check,0,18,"1,612"
9526-BIHHD,No,Month-to-month,Yes,Mailed check,0,1,29
9526-JAWYF,No,Month-to-month,Yes,Electronic check,0,26,"2,335"
9529-OFXHY,No,Month-to-month,No,Bank transfer (automatic),0,15,"1,242"
9530-EHPOH,No,Month-to-month,Yes,Electronic check,0,11,608
9530-GRMJG,No,Two year,No,Electronic check,0,70,"5,979"
9531-NSBMR,No,One year,No,Bank transfer (automatic),0,36,679
9534-NSXEM,No,One year,No,Credit card (automatic),0,26,595
9537-JALFH,No,Two year,No,Bank transfer (automatic),0,69,"1,356"
9537-VHDTA,No,Month-to-month,No,Mailed check,0,1,51
9540-JYROE,No,Month-to-month,Yes,Mailed check,0,8,551
9541-PWTWO,No,Two year,No,Bank transfer (automatic),0,52,"4,233"
9541-ZPSEA,No,Two year,No,Credit card (automatic),0,68,"5,375"
9544-PYPSJ,Yes,Month-to-month,No,Credit card (automatic),0,62,"6,019"
9546-CQJSU,No,Month-to-month,Yes,Electronic check,0,2,193
9546-KDTRB,No,Month-to-month,No,Bank transfer (automatic),0,19,465
9547-ITEFG,No,Month-to-month,No,Credit card (automatic),0,9,897
9548-LERKT,No,Two year,No,Mailed check,0,24,483
9548-LIGTA,No,Two year,No,Mailed check,0,61,"4,747"
9548-ZMVTX,No,Two year,No,Bank transfer (automatic),0,72,"6,565"
9552-TGUZV,No,Month-to-month,No,Mailed check,75,8,658
9553-DLCLU,No,Two year,No,Credit card (automatic),0,13,"1,161"
9554-DFKIC,No,Month-to-month,No,Bank transfer (automatic),0,30,"1,588"
9555-SAHUZ,No,Month-to-month,No,Electronic check,0,38,"2,076"
9558-IHEZX,No,Two year,No,Credit card (automatic),0,71,"7,283"
9560-ARGQJ,No,Month-to-month,Yes,Electronic check,81,16,"1,312"
9560-BBZXK,No,Two year,No,Bank transfer (automatic),0,36,"1,126"
9564-KCLHR,No,Month-to-month,Yes,Mailed check,0,1,51
9565-AXSMR,No,Two year,No,Mailed check,0,52,"1,054"
9565-DJPIB,No,Month-to-month,Yes,Mailed check,0,4,365
9565-FLVCG,No,Two year,No,Mailed check,0,65,"4,459"
9565-JSNFM,No,One year,Yes,Bank transfer (automatic),0,38,"2,597"
9570-KYEUA,No,Two year,No,Credit card (automatic),0,64,"6,549"
9571-EDEBV,No,One year,No,Credit card (automatic),0,71,"6,962"
9572-MTILT,No,Month-to-month,Yes,Electronic check,0,59,"6,252"
9572-WUKSB,No,Month-to-month,No,Electronic check,0,3,92
9574-BOSMD,No,Two year,No,Bank transfer (automatic),0,68,"1,620"
9574-RKJIF,No,Month-to-month,Yes,Electronic check,0,30,"2,838"
9575-IWCAZ,No,One year,No,Mailed check,0,6,171
9576-ANLXO,No,Month-to-month,Yes,Bank transfer (automatic),0,3,222
9576-SYUHJ,No,Month-to-month,No,Electronic check,0,37,"3,369"
9577-WJVCQ,No,Month-to-month,No,Mailed check,0,68,"3,687"
9578-FOMUK,No,Month-to-month,No,Electronic check,0,15,324
9578-VRMNM,No,Month-to-month,Yes,Credit card (automatic),0,16,"1,043"
9581-GVBXT,No,One year,No,Mailed check,0,59,"1,980"
9584-EXCDZ,No,Month-to-month,No,Bank transfer (automatic),0,17,"1,165"
9585-KKMFD,No,Two year,No,Mailed check,20,41,879
9586-JGQKH,No,Two year,No,Bank transfer (automatic),0,64,"6,794"
9588-OZDMQ,No,Month-to-month,No,Electronic check,45,2,89
9588-YRFHY,No,Two year,No,Credit card (automatic),0,49,"1,022"
9589-ABEPT,No,Two year,No,Mailed check,0,69,"6,460"
9591-YVTEB,Yes,Month-to-month,No,Electronic check,0,55,"2,479"
9592-ERDKV,No,One year,No,Mailed check,0,37,"2,911"
9593-CVZKR,No,Two year,No,Mailed check,0,56,"1,385"
9600-NAXZN,No,Month-to-month,Yes,Electronic check,0,43,"4,528"
9600-UDOPK,No,Month-to-month,Yes,Credit card (automatic),0,30,"2,866"
9601-BRXPO,No,Month-to-month,Yes,Bank transfer (automatic),0,25,"2,566"
9602-WCXPI,No,One year,No,Credit card (automatic),0,50,989
9603-OAIHC,Yes,Month-to-month,No,Electronic check,0,1,70
9605-WGJVW,Yes,Month-to-month,No,Electronic check,0,1,70
9606-PBKBQ,Yes,Month-to-month,Yes,Electronic check,85,32,"2,642"
9609-BENEA,No,One year,No,Electronic check,69,35,"2,441"
9610-WCESF,No,Two year,No,Electronic check,0,67,"3,097"
9611-CTWIH,No,Month-to-month,Yes,Electronic check,0,3,240
9614-RMGHA,No,Month-to-month,Yes,Bank transfer (automatic),0,65,"5,940"
9617-INGJY,No,Month-to-month,No,Mailed check,0,1,70
9617-UDPEU,No,One year,No,Mailed check,0,22,412
9618-LFJRU,No,Month-to-month,No,Credit card (automatic),0,4,82
9619-GSATL,No,One year,No,Electronic check,0,43,"2,444"
9620-ENEJV,No,Month-to-month,No,Credit card (automatic),0,6,433
9620-QJREV,No,One year,No,Credit card (automatic),0,47,"1,013"
9621-OUPYD,No,One year,No,Bank transfer (automatic),0,25,507
9624-EGDEQ,No,Two year,No,Mailed check,0,37,813
9625-QNLUX,No,Two year,No,Credit card (automatic),0,68,"7,074"
9625-QSTYE,No,Month-to-month,Yes,Electronic check,0,13,952
9625-RZFUK,No,Two year,No,Mailed check,0,63,"1,275"
9626-VFRGG,No,Month-to-month,No,Bank transfer (automatic),0,41,"3,645"
9626-WEQRM,No,Month-to-month,No,Mailed check,0,4,110
9629-NHXFW,No,Month-to-month,No,Mailed check,0,1,19
9631-RXVJM,No,Two year,No,Mailed check,0,35,677
9631-XEYKE,No,Month-to-month,No,Bank transfer (automatic),0,3,137
9633-DENPU,No,Month-to-month,No,Bank transfer (automatic),0,47,"2,723"
9633-XQABV,No,Month-to-month,No,Electronic check,0,3,229
9637-CDTKZ,No,Two year,No,Credit card (automatic),0,72,"8,086"
9637-EIHEQ,No,Month-to-month,Yes,Electronic check,0,1,50
9638-JIQYA,No,Month-to-month,No,Credit card (automatic),0,2,49
9639-BUJXT,No,One year,No,Mailed check,0,63,"1,328"
9640-ZSLDC,No,One year,No,Credit card (automatic),0,53,"3,297"
9643-AVVWI,No,Month-to-month,No,Electronic check,80,3,241
9643-YBLUR,No,Month-to-month,No,Credit card (automatic),0,9,653
9644-KVCNC,No,One year,No,Bank transfer (automatic),0,66,"6,056"
9644-UMGQA,No,Month-to-month,No,Electronic check,0,6,295
9646-NMHXE,No,Two year,No,Mailed check,0,47,973
9647-ERGBE,No,Month-to-month,Yes,Electronic check,0,30,"3,046"
9648-BCHKM,No,Two year,No,Credit card (automatic),0,18,471
9650-VBUOG,No,Two year,No,Credit card (automatic),0,38,963
9651-GTSAQ,No,One year,Yes,Bank transfer (automatic),0,53,"5,769"
9658-WYUFB,No,Month-to-month,Yes,Electronic check,0,17,"1,617"
9659-QEQSY,No,Month-to-month,No,Electronic check,0,45,"5,125"
9659-ZTWSM,Yes,One year,No,Bank transfer (automatic),0,66,"7,051"
9661-ACXBS,No,Month-to-month,Yes,Electronic check,0,42,"4,400"
9661-JALZV,No,Two year,No,Credit card (automatic),0,58,"1,519"
9661-MHUMO,Yes,Month-to-month,Yes,Credit card (automatic),0,1,49
9667-EQRXU,Yes,Month-to-month,Yes,Electronic check,0,30,"1,172"
9667-TKTVZ,No,Month-to-month,No,Mailed check,0,2,117
9668-PUGNU,No,Two year,No,Electronic check,0,71,"1,816"
9670-BPNXF,No,One year,No,Credit card (automatic),0,45,"2,796"
9674-EHPPG,No,Two year,No,Credit card (automatic),0,46,"1,842"
9675-ICXCT,No,Two year,No,Electronic check,0,72,"5,728"
9677-AVKED,No,One year,No,Electronic check,0,53,"4,449"
9680-NIAUV,No,Two year,No,Credit card (automatic),0,72,"8,129"
9681-KYGYB,Yes,Month-to-month,No,Electronic check,0,49,"4,159"
9681-OXGVC,No,Month-to-month,Yes,Electronic check,0,5,514
9685-WKZGT,Yes,Month-to-month,Yes,Electronic check,0,14,"1,036"
9688-YGXVR,No,Month-to-month,No,Credit card (automatic),0,44,"3,973"
9689-PTNPG,No,Month-to-month,Yes,Electronic check,0,2,144
9691-HKOVS,No,One year,No,Electronic check,0,55,"4,916"
9692-TUSXH,No,Month-to-month,Yes,Electronic check,0,18,"1,740"
9693-XMUOB,Yes,Month-to-month,No,Electronic check,0,59,"2,997"
9695-IDRZR,No,Two year,No,Credit card (automatic),0,34,"3,946"
9696-RMYBA,No,Month-to-month,No,Mailed check,0,5,398
9699-UBQFS,Yes,Month-to-month,No,Electronic check,0,43,"4,156"
9700-ISPUP,No,Month-to-month,No,Electronic check,0,10,616
9700-ZCLOT,No,Month-to-month,No,Mailed check,20,2,32
9701-CDXHR,No,Month-to-month,No,Mailed check,0,51,"3,649"
9702-AIUJO,No,One year,No,Bank transfer (automatic),0,50,"2,230"
9705-IOVQQ,Yes,One year,No,Electronic check,99,61,"5,969"
9705-ZJBCG,No,One year,No,Bank transfer (automatic),0,13,701
9708-HPXWZ,Yes,Month-to-month,No,Credit card (automatic),0,5,214
9708-KFDBY,No,Month-to-month,No,Credit card (automatic),0,1,20
9710-NJERN,No,Two year,No,Mailed check,0,39,826
9710-ZUSHQ,Yes,Month-to-month,Yes,Bank transfer (automatic),0,37,"4,056"
9711-FJTBX,No,One year,No,Mailed check,0,56,"4,793"
9714-EDSUC,No,Month-to-month,No,Mailed check,0,4,360
9715-SBVSU,No,Two year,No,Bank transfer (automatic),0,14,815
9715-WZCLW,No,Two year,No,Electronic check,0,71,"6,910"
9717-IOAAF,No,Two year,No,Credit card (automatic),0,27,788
9717-QEBGU,No,Month-to-month,No,Electronic check,0,2,144
9720-JJJOR,No,One year,No,Bank transfer (automatic),0,41,"2,511"
9722-UJOJR,No,Month-to-month,Yes,Electronic check,0,29,"1,974"
9725-SCPZG,No,Month-to-month,Yes,Electronic check,0,1,90
9728-FTTVZ,No,Month-to-month,Yes,Electronic check,0,1,69
9730-DRTMJ,No,One year,No,Credit card (automatic),0,32,"2,333"
9732-EQMWY,No,Month-to-month,No,Electronic check,0,49,"5,025"
9732-KPKBW,No,Month-to-month,Yes,Electronic check,0,1,53
9732-OUYRN,No,One year,No,Credit card (automatic),19,49,918
9734-UYXQI,No,Month-to-month,Yes,Electronic check,0,2,106
9734-YWGEX,No,Month-to-month,Yes,Credit card (automatic),0,9,923
9738-QLWTP,No,One year,No,Electronic check,0,39,"3,219"
9739-JLPQJ,No,Two year,No,Credit card (automatic),0,72,"8,670"
9741-YLNTD,No,Month-to-month,No,Bank transfer (automatic),0,6,522
9742-XOKTS,No,One year,No,Electronic check,0,67,"6,038"
9743-DQKQW,No,Month-to-month,No,Electronic check,0,3,79
9746-MDMBK,No,One year,No,Bank transfer (automatic),0,47,"5,317"
9746-UGFAC,No,One year,No,Bank transfer (automatic),0,22,450
9746-YKGXB,No,One year,No,Bank transfer (automatic),0,52,"2,276"
9747-DDZOS,No,Month-to-month,Yes,Bank transfer (automatic),0,1,73
9750-BOOHV,No,One year,No,Mailed check,0,32,927
9752-ZNQUT,No,Month-to-month,No,Electronic check,0,1,48
9753-OYLBX,No,Month-to-month,No,Mailed check,0,1,20
9754-CLVZW,No,Month-to-month,No,Credit card (automatic),0,26,"1,025"
9755-JHNMN,No,Two year,No,Bank transfer (automatic),0,49,"3,306"
9758-MFWGD,Yes,One year,No,Bank transfer (automatic),0,48,"1,388"
9761-XUJWD,No,Month-to-month,No,Bank transfer (automatic),0,5,339
9762-YAQAA,No,One year,No,Credit card (automatic),0,39,"3,213"
9763-GRSKD,No,Month-to-month,No,Mailed check,0,13,587
9763-PDTKK,No,Month-to-month,Yes,Bank transfer (automatic),0,4,387
9764-REAFF,No,Two year,No,Bank transfer (automatic),0,59,"1,057"
9766-HGEDE,No,One year,No,Mailed check,0,17,307
9767-FFLEM,No,Month-to-month,No,Credit card (automatic),0,38,"2,625"
9769-TSBZE,No,Two year,No,Electronic check,66,70,"4,891"
9770-KXGQU,No,One year,No,Mailed check,0,53,"5,311"
9770-LXDBK,No,Month-to-month,No,Mailed check,0,3,63
9773-PEQBZ,No,Month-to-month,No,Electronic check,0,10,797
9774-NRNAU,Yes,Month-to-month,No,Bank transfer (automatic),0,27,"2,309"
9776-CLUJA,Yes,Month-to-month,Yes,Electronic check,0,51,"3,807"
9776-OJUZI,Yes,Month-to-month,No,Bank transfer (automatic),0,65,"6,223"
9777-IQHWP,No,Two year,No,Bank transfer (automatic),0,64,"5,822"
9777-WJJPR,No,Month-to-month,No,Credit card (automatic),0,31,"2,683"
9778-OGKQZ,No,Two year,No,Credit card (automatic),92,72,"6,782"
9779-DPNEJ,No,Month-to-month,No,Electronic check,0,22,"1,790"
9780-FKVVF,No,Month-to-month,No,Bank transfer (automatic),0,6,336
9782-LGXMC,No,Month-to-month,No,Bank transfer (automatic),0,49,"3,024"
9786-IJYDL,No,Two year,No,Mailed check,0,35,"3,914"
9786-YWNHU,No,Two year,No,Mailed check,0,63,"4,014"
9787-XVQIU,No,Month-to-month,Yes,Electronic check,0,1,75
9788-HNGUT,No,Two year,No,Credit card (automatic),0,72,"8,594"
9788-YTFGE,No,Month-to-month,No,Mailed check,0,7,147
9793-WECQC,No,Month-to-month,No,Mailed check,0,23,"2,192"
9795-NREXC,No,Two year,No,Credit card (automatic),85,64,"5,484"
9795-SHUHB,No,Two year,No,Credit card (automatic),0,66,"3,810"
9795-VOWON,No,One year,No,Credit card (automatic),0,7,150
9796-BPKIW,Yes,Month-to-month,No,Credit card (automatic),0,8,562
9796-MVYXX,Yes,Two year,No,Mailed check,0,14,692
9798-DRYDS,No,One year,No,Mailed check,0,17,"1,070"
9798-OPFEM,No,Two year,No,Electronic check,0,46,937
9799-CAYJJ,Yes,Month-to-month,No,Electronic check,0,2,153
9800-ONTFE,No,Month-to-month,No,Bank transfer (automatic),0,22,"1,615"
9800-OUIGR,No,Two year,No,Credit card (automatic),20,66,"1,374"
9801-GDWGV,No,Month-to-month,Yes,Electronic check,0,39,"3,994"
9801-NOSHQ,No,One year,No,Mailed check,0,23,465
9802-CAQUT,No,Two year,No,Credit card (automatic),0,72,"7,887"
9803-FTJCG,No,One year,No,Credit card (automatic),0,71,"4,748"
9804-ICWBG,No,Month-to-month,Yes,Electronic check,0,1,69
9805-FILKB,No,One year,No,Bank transfer (automatic),0,46,845
9809-IMGCQ,Yes,Month-to-month,Yes,Electronic check,0,22,"2,082"
9812-GHVRI,No,Month-to-month,No,Bank transfer (automatic),0,40,"3,532"
9814-AOUDH,No,Two year,No,Credit card (automatic),0,53,"1,050"
9817-APLHW,No,Month-to-month,No,Electronic check,25,12,316
9818-XQCUV,No,Month-to-month,No,Mailed check,0,2,45
9819-FBNSV,Yes,Month-to-month,No,Bank transfer (automatic),0,37,"2,575"
9820-RMCQV,No,Month-to-month,Yes,Credit card (automatic),0,11,501
9821-BESNZ,No,One year,No,Electronic check,0,66,"6,860"
9821-POOTN,No,Month-to-month,Yes,Electronic check,0,35,"2,576"
9822-BIIGN,No,Month-to-month,No,Electronic check,0,53,"3,827"
9822-OAOVB,No,Month-to-month,No,Electronic check,0,1,55
9822-WMWVG,No,Month-to-month,No,Electronic check,0,41,"4,282"
9823-EALYC,No,Two year,No,Bank transfer (automatic),0,72,"5,727"
9824-BEMCV,No,Month-to-month,Yes,Electronic check,69,17,"1,149"
9824-QCJPK,No,One year,No,Mailed check,20,36,666
9825-YCXWZ,Yes,One year,No,Bank transfer (automatic),0,41,"4,016"
9828-AOQLM,No,Month-to-month,Yes,Electronic check,0,1,45
9828-QHFBK,No,Month-to-month,No,Electronic check,0,24,"1,275"
9830-ECLEN,No,One year,No,Mailed check,50,58,"2,919"
9831-BPFRI,No,One year,Yes,Electronic check,0,39,"3,474"
9833-TGFHX,No,One year,No,Electronic check,0,42,"4,016"
9835-ZIITK,Yes,One year,Yes,Electronic check,0,66,"7,491"
9837-BMCLM,No,Month-to-month,Yes,Electronic check,0,3,242
9837-FWLCH,No,Month-to-month,No,Electronic check,0,12,239
9838-BFCQT,No,Two year,No,Mailed check,0,72,"1,851"
9839-ETQOE,No,Month-to-month,No,Electronic check,0,43,"1,912"
9840-DVNDC,No,Month-to-month,Yes,Credit card (automatic),0,6,463
9840-EFJQB,No,Month-to-month,No,Electronic check,0,1,74
9842-EFSYY,No,Month-to-month,No,Mailed check,0,4,223
9844-FELAJ,Yes,One year,No,Electronic check,0,70,"7,475"
9845-PEEKO,Yes,Two year,No,Credit card (automatic),0,59,"4,590"
9845-QOMAD,No,One year,No,Mailed check,0,14,309
9846-GKXAS,No,Month-to-month,Yes,Bank transfer (automatic),0,9,809
9847-HNVGP,No,One year,No,Mailed check,0,17,310
9848-JQJTX,No,Two year,No,Bank transfer (automatic),0,72,"7,459"
9850-OWRHQ,No,Month-to-month,Yes,Credit card (automatic),0,3,228
9851-KIELU,No,Month-to-month,Yes,Electronic check,0,10,"1,043"
9851-QXEEQ,No,Month-to-month,Yes,Electronic check,0,41,"4,346"
9853-JFZDU,No,Month-to-month,No,Electronic check,0,35,"1,861"
9860-LISIZ,No,Month-to-month,No,Mailed check,0,34,673
9861-PDSZP,No,Two year,No,Credit card (automatic),0,72,"7,806"
9862-KJTYK,No,Month-to-month,No,Credit card (automatic),0,19,566
9863-JZAIC,No,Month-to-month,Yes,Mailed check,55,35,"2,010"
9866-OCCKE,Yes,Two year,No,Mailed check,0,72,"8,075"
9866-QEVEE,No,Month-to-month,Yes,Bank transfer (automatic),86,19,"1,532"
9867-JCZSP,No,One year,No,Mailed check,0,17,418
9867-NNXLC,No,Month-to-month,No,Mailed check,0,22,470
9867-XOBQA,No,Two year,No,Mailed check,0,21,"1,183"
9871-ELEYA,No,Two year,No,Credit card (automatic),0,34,"2,339"
9873-MNDKV,No,Month-to-month,No,Mailed check,0,11,472
9874-QLCLH,No,Month-to-month,Yes,Electronic check,0,17,"1,743"
9878-TNQGW,No,Month-to-month,Yes,Electronic check,0,2,171
9880-TDQAC,No,Two year,No,Electronic check,60,72,"4,264"
9881-VCZEP,No,Month-to-month,No,Electronic check,0,25,"1,373"
9885-AIBVB,No,Month-to-month,No,Electronic check,0,29,"2,440"
9885-CSMWE,Yes,Month-to-month,Yes,Electronic check,0,1,78
9885-MFVSU,No,Two year,No,Credit card (automatic),0,35,"1,662"
9888-ZCUMM,No,Two year,No,Bank transfer (automatic),0,64,"3,845"
9889-TMAHG,Yes,Month-to-month,Yes,Credit card (automatic),0,8,832
9891-NQDBD,No,One year,No,Mailed check,0,28,672
9894-EZEWG,No,Month-to-month,Yes,Credit card (automatic),0,1,74
9894-QMIMJ,No,One year,No,Bank transfer (automatic),0,23,"1,327"
9895-VFOXH,No,Month-to-month,No,Mailed check,0,1,24
9896-UYMIE,No,One year,No,Bank transfer (automatic),0,66,"7,383"
9897-KXHCM,No,Month-to-month,Yes,Electronic check,0,3,250
9898-KZQDZ,Yes,Month-to-month,Yes,Credit card (automatic),0,40,"3,640"
9903-LYSAB,No,Month-to-month,No,Electronic check,0,18,"1,305"
9904-EHEVJ,Yes,Month-to-month,No,Mailed check,0,32,"2,896"
9906-NHHVC,Yes,Two year,No,Bank transfer (automatic),0,65,"3,517"
9907-SWKKF,Yes,Month-to-month,Yes,Mailed check,0,1,25
9909-DFRJA,No,One year,No,Bank transfer (automatic),0,26,"2,475"
9909-IDLEK,No,Month-to-month,No,Mailed check,0,20,"1,826"
9912-GVSEQ,Yes,Month-to-month,Yes,Electronic check,0,26,"2,381"
9912-OMZDS,No,One year,No,Electronic check,0,59,"6,256"
9916-AYHTC,No,Two year,No,Credit card (automatic),0,48,916
9917-KWRBE,No,One year,No,Credit card (automatic),0,41,"3,211"
9919-FZDED,Yes,Two year,No,Credit card (automatic),0,72,"5,981"
9919-KNPOO,No,Month-to-month,No,Electronic check,0,21,"1,948"
9919-YLNNG,No,Month-to-month,No,Bank transfer (automatic),0,42,"4,327"
9921-EZKBY,No,Month-to-month,No,Bank transfer (automatic),0,33,"3,275"
9921-QFQUL,No,Month-to-month,No,Mailed check,0,23,"2,044"
9921-ZVRHG,No,Month-to-month,Yes,Electronic check,0,14,"1,072"
9924-JPRMC,No,Two year,No,Electronic check,0,72,"8,547"
9926-PJHDQ,No,Two year,No,Bank transfer (automatic),0,72,"5,468"
9927-DSWDF,No,Month-to-month,No,Electronic check,0,22,"2,180"
9928-BZVLZ,No,Two year,No,Mailed check,0,12,552
9929-PLVPA,No,Month-to-month,No,Credit card (automatic),0,4,94
9931-DCEZH,No,One year,No,Credit card (automatic),0,28,"1,516"
9931-KGHOA,No,Month-to-month,No,Bank transfer (automatic),55,46,"2,473"
9932-WBWIK,No,Month-to-month,No,Mailed check,0,11,215
9933-QRGTX,No,Two year,No,Electronic check,0,60,"5,611"
9938-EKRGF,No,Month-to-month,No,Mailed check,0,15,"1,287"
9938-PRCVK,No,Two year,No,Bank transfer (automatic),0,41,804
9938-TKDGL,No,Two year,No,Electronic check,0,68,"6,668"
9938-ZREHM,No,One year,No,Mailed check,0,37,"2,658"
9940-HPQPG,No,Month-to-month,Yes,Bank transfer (automatic),0,9,865
9940-RHLFB,No,Month-to-month,Yes,Electronic check,0,1,75
9943-VSZUV,Yes,Month-to-month,No,Mailed check,0,67,"5,060"
9944-AEXBM,No,Month-to-month,No,Bank transfer (automatic),0,32,"2,664"
9944-HKVVB,No,Month-to-month,Yes,Electronic check,0,3,307
9945-PSVIP,No,Two year,No,Mailed check,0,25,383
9947-OTFQU,Yes,Month-to-month,Yes,Electronic check,0,15,"1,074"
9948-YPTDG,No,Month-to-month,Yes,Electronic check,0,38,"3,013"
9950-MTGYX,No,Two year,No,Credit card (automatic),0,28,487
9953-ZMKSM,No,Two year,No,Mailed check,0,63,"1,559"
9955-QOPOY,No,One year,No,Credit card (automatic),0,69,"4,263"
9957-YODKZ,Yes,Month-to-month,No,Electronic check,0,6,457
9958-MEKUC,No,Two year,No,Credit card (automatic),0,72,"7,517"
9959-WOFKT,No,Two year,No,Bank transfer (automatic),0,71,"7,382"
9961-JBNMK,Yes,Month-to-month,Yes,Bank transfer (automatic),0,21,"2,030"
9962-BFPDU,No,Month-to-month,No,Mailed check,0,1,20
9964-WBQDJ,No,Two year,No,Credit card (automatic),0,71,"1,725"
9965-YOKZB,Yes,Month-to-month,Yes,Electronic check,0,9,790
9967-ATRFS,No,Month-to-month,No,Mailed check,0,19,367
9968-FFVVH,No,One year,No,Bank transfer (automatic),0,63,"4,111"
9970-QBCDA,No,Month-to-month,No,Credit card (automatic),0,6,129
9971-ZWPBF,Yes,Month-to-month,No,Electronic check,0,34,"3,625"
9972-EWRJS,No,Two year,No,Bank transfer (automatic),0,67,"1,372"
9972-NKTFD,No,Month-to-month,No,Bank transfer (automatic),0,28,"1,517"
9972-VAFJJ,Yes,One year,No,Electronic check,94,53,"4,871"
9974-JFBHQ,No,Month-to-month,No,Credit card (automatic),0,64,"6,171"
9975-GPKZU,No,Two year,No,Credit card (automatic),0,46,856
9975-SKRNR,No,Month-to-month,No,Mailed check,0,1,18
9978-HYCIN,Yes,One year,No,Bank transfer (automatic),0,47,"4,018"
9979-RGMZT,No,One year,No,Mailed check,0,7,633
9985-MWVIX,No,Month-to-month,Yes,Mailed check,0,1,70
9986-BONCE,No,Month-to-month,Yes,Bank transfer (automatic),0,4,85
9987-LUTYD,No,One year,No,Mailed check,0,13,742
9992-RRAMN,No,Month-to-month,Yes,Electronic check,0,22,"1,873"
9992-UJOEL,No,Month-to-month,No,Mailed check,0,2,92
9993-LHIEB,No,Two year,No,Mailed check,0,67,"4,627"
9995-HOTOH,No,Two year,No,Electronic check,59,63,"3,707"
